review_id,review_round,project_code,reviewer_id,reviewee_id,reviewed_at,positive_text,negative_text
R000001,2025H1,X-0057,DP0031,DP0001,2025-06-20,금융사 카 데이터 마트 구축 수행 기간 동안 팀의 핵심 인력으로 활약했습니다. 회의 때마다 쟁점을 쉽게 정리해 이해관계자들의 합의를 빠르게 이끌었습니다. 문제가 생겼을 때 남에게 미루지 않고 본인 일처럼 책임지고 원인을 정리해 주었습니다. 기존 방식에 얽매이지 않는 대안을 제시해 적재 파이프라인의 처리 속도를 크게 개선했습니다.,고객의 갑작스러운 요청에 방어적으로 대응해 협의가 길어진 적이 있었습니다.
R000002,2025H1,X-0072,DP0093,DP0001,2025-06-20,공공기관 기 공공데이터 개방 플랫폼 구축을(를) 진행하는 동안 공공 고객 환경을 잘 이해하고 안정적으로 수행했습니다. 문제가 생겼을 때 남에게 미루지 않고 본인 일처럼 책임지고 원인을 정리해 주었습니다. 변경 이력과 의사결정 배경을 꾸준히 기록해 고객 보고에 큰 도움이 되었습니다.,반복 점검 업무를 마감 직전까지 미루는 경우가 있어 꾸준함이 조금 아쉬웠습니다. 또한 전문성 측면도 보완하면 더 좋겠습니다.
R000003,2025H1,X-0057,DP0067,DP0001,2025-06-20,금융사 카 데이터 마트 구축을(를) 진행하는 동안 금융 고객 환경을 잘 이해하고 안정적으로 수행했습니다. 직접 겪은 시행착오를 정리해 공유해 다른 팀원들이 같은 실수를 피할 수 있었습니다. 막힌 이슈를 작은 단위로 쪼개 가설을 검증하는 방식으로 해결 시간을 크게 단축했습니다.,테스트 범위를 좁게 잡아 회귀 결함이 뒤늦게 발견된 적이 있었습니다. 또한 성실 측면도 보완하면 더 좋겠습니다.
R000004,2025H1,X-0057,DP0011,DP0001,2025-06-20,금융사 카 데이터 마트 구축 업무에서 함께 일하며 많은 도움을 받았습니다. 코드 리뷰에서 품질 기준을 일관되게 지켜 팀의 결과물 수준을 끌어올렸습니다.,"다만 경계가 애매한 업무는 먼저 맡으려 하지 않는 경우가 있어 주인 의식을 조금 더 보여 주면 좋겠습니다. 또한 성실, 꼼꼼함 측면도 보완하면 더 좋겠습니다."
R000005,2025H1,X-0072,DP0092,DP0001,2025-06-20,공공기관 기 공공데이터 개방 플랫폼 구축 수행 기간 동안 팀의 핵심 인력으로 활약했습니다. 회의 때마다 쟁점을 쉽게 정리해 이해관계자들의 합의를 빠르게 이끌었습니다.,세부 설정값 검토가 빠져 배포 후 수정이 생긴 적이 있었습니다.
R000006,2025H1,X-0072,DP0026,DP0001,2025-06-20,공공기관 기 공공데이터 개방 플랫폼 구축을(를) 진행하는 동안 공공 고객 환경을 잘 이해하고 안정적으로 수행했습니다. 직접 겪은 시행착오를 정리해 공유해 다른 팀원들이 같은 실수를 피할 수 있었습니다. 고객의 모호한 요구를 단계별 실행 계획으로 정리해 범위 변경을 줄였습니다. 고객사와 개발팀 사이에서 요구사항을 명확히 전달해 재작업을 크게 줄였습니다. 제약이 많은 상황에서도 새로운 접근을 찾아내 고객의 호평을 받았습니다.,작업량 추정이 낙관적이어서 일정이 밀린 적이 몇 번 있었습니다.
R000007,2025H1,X-0006,DP0009,DP0003,2025-06-20,금융사 바2 차세대 데이터 플랫폼 구축 업무에서 함께 일하며 많은 도움을 받았습니다. 매일 진행 상황을 꾸준히 공유하고 반복 점검 업무도 빠짐없이 챙겨 신뢰가 갔습니다. 설계 의도와 운영 절차를 잘 정리해 두어 인수인계가 매끄러웠습니다. Spark 노하우를 문서와 짧은 세션으로 공유해 팀 전체의 수준을 끌어올렸습니다. 코드 리뷰에서 품질 기준을 일관되게 지켜 팀의 결과물 수준을 끌어올렸습니다.,진행 상황 공유가 늦어 다른 담당자가 뒤늦게 파악하는 일이 있었습니다. 또한 책임감 측면도 보완하면 더 좋겠습니다.
R000008,2025H1,X-0050,DP0055,DP0003,2025-06-20,계열사 C 데이터 레이크 고도화을(를) 진행하는 동안 그룹사(대내) 고객 환경을 잘 이해하고 안정적으로 수행했습니다. 마일스톤별 위험 요소를 미리 관리해 카탈로그 구축 일정을 한 번도 놓치지 않았습니다. 직접 겪은 시행착오를 정리해 공유해 다른 팀원들이 같은 실수를 피할 수 있었습니다. 코드 리뷰에서 품질 기준을 일관되게 지켜 팀의 결과물 수준을 끌어올렸습니다. 매일 진행 상황을 꾸준히 공유하고 반복 점검 업무도 빠짐없이 챙겨 신뢰가 갔습니다.,장애 대응 시 임시 조치에 머무는 경우가 있어 근본 원인 분석까지 이어지면 좋겠습니다. 또한 소통 측면도 보완하면 더 좋겠습니다.
R000009,2025H1,X-0006,DP0070,DP0003,2025-06-20,금융사 바2 차세대 데이터 플랫폼 구축을(를) 진행하는 동안 금융 고객 환경을 잘 이해하고 안정적으로 수행했습니다. 산출물과 설정값을 꼼꼼하게 대조해 배포 전 결함을 여러 건 미리 잡아냈습니다. 개선 아이디어를 적극적으로 제안하고 직접 시범 적용까지 해 보였습니다. 작업량을 현실적으로 추정해 일정 계획의 정확도를 높였습니다. 눈에 잘 띄지 않는 메타데이터 설계 작업도 성실하게 처리해 품질 기반을 다져 주었습니다.,긴급 상황에서 우선순위 판단이 늦어 대응이 지연된 적이 있었습니다.
R000010,2025H1,X-0001,DP0091,DP0004,2025-06-20,금융사 가2 비정형 문서 메타데이터 전환 수행 기간 동안 팀의 핵심 인력으로 활약했습니다. 고객사 현업 담당자의 불만을 경청하고 대안을 제시해 관계를 개선했습니다. 테스트 기준을 스스로 높게 잡아 운영 이관 후 장애가 거의 없었습니다.,"새로 합류한 인원과 거리감이 있어 초기 협업이 다소 더뎠습니다. 또한 멘토링, 일정관리 측면도 보완하면 더 좋겠습니다."
R000011,2025H1,X-0001,DP0052,DP0004,2025-06-20,금융사 가2 비정형 문서 메타데이터 전환 업무에서 함께 일하며 많은 도움을 받았습니다. 검수 체크리스트를 촘촘하게 운영해 고객 검수에서 지적이 거의 나오지 않았습니다. 처음 접한 메타데이터 관리도 짧은 시간에 익혀 바로 실무에 적용했습니다.,알고 있는 노하우를 팀에 공유하는 빈도가 낮아 지식이 한 사람에게 몰렸습니다. 또한 문서화 측면도 보완하면 더 좋겠습니다.
R000012,2025H1,X-0001,DP0061,DP0004,2025-06-20,금융사 가2 비정형 문서 메타데이터 전환 수행 기간 동안 팀의 핵심 인력으로 활약했습니다. 고객사 현업 담당자의 불만을 경청하고 대안을 제시해 관계를 개선했습니다.,새로 합류한 인원과 거리감이 있어 초기 협업이 다소 더뎠습니다. 또한 기술공유 측면도 보완하면 더 좋겠습니다.
R000013,2025H1,X-0001,DP0078,DP0004,2025-06-20,금융사 가2 비정형 문서 메타데이터 전환 업무에서 함께 일하며 많은 도움을 받았습니다. 새로운 요구가 생기면 먼저 손을 들고 나서서 초기 검토를 맡아 주었습니다. 설계 의도와 운영 절차를 잘 정리해 두어 인수인계가 매끄러웠습니다.,세부 설정값 검토가 빠져 배포 후 수정이 생긴 적이 있었습니다. 또한 멘토링 측면도 보완하면 더 좋겠습니다.
R000014,2025H1,X-0057,DP0011,DP0005,2025-06-20,금융사 카 데이터 마트 구축 업무에서 함께 일하며 많은 도움을 받았습니다. 코드 리뷰에서 품질 기준을 일관되게 지켜 팀의 결과물 수준을 끌어올렸습니다. Kafka 관련 이슈가 생길 때마다 정확한 판단으로 해결 방향을 제시해 팀의 기준점이 되었습니다.,본인 범위에 집중하다 보니 다른 파트와의 연계가 늦어지는 경우가 있었습니다. 또한 기획력 측면도 보완하면 더 좋겠습니다.
R000015,2025H1,X-0057,DP0007,DP0005,2025-06-20,금융사 카 데이터 마트 구축을(를) 진행하는 동안 금융 고객 환경을 잘 이해하고 안정적으로 수행했습니다. 새로운 요구가 생기면 먼저 손을 들고 나서서 초기 검토를 맡아 주었습니다. Kafka 분야의 깊은 전문성으로 설계 단계에서 기술적 리스크를 먼저 짚어 냈습니다. 변경 이력과 의사결정 배경을 꾸준히 기록해 고객 보고에 큰 도움이 되었습니다. 핵심 담당자으로서 팀원 각자의 역량을 파악해 일을 배분하고 끝까지 이끄는 리더십이 뛰어났습니다.,알고 있는 노하우를 팀에 공유하는 빈도가 낮아 지식이 한 사람에게 몰렸습니다.
R000016,2025H1,X-0057,DP0031,DP0005,2025-06-20,금융사 카 데이터 마트 구축 업무에서 함께 일하며 많은 도움을 받았습니다. 새로운 요구가 생기면 먼저 손을 들고 나서서 초기 검토를 맡아 주었습니다. Kubernetes 분야의 깊은 전문성으로 설계 단계에서 기술적 리스크를 먼저 짚어 냈습니다. 변경 이력과 의사결정 배경을 꾸준히 기록해 고객 보고에 큰 도움이 되었습니다. 일정이 흔들릴 때 우선순위를 다시 세우고 팀을 안정적으로 이끌었습니다.,긴급 상황에서 우선순위 판단이 늦어 대응이 지연된 적이 있었습니다.
R000017,2025H1,X-0057,DP0098,DP0005,2025-06-20,금융사 카 데이터 마트 구축 업무에서 함께 일하며 많은 도움을 받았습니다. 핵심 담당자으로서 팀원 각자의 역량을 파악해 일을 배분하고 끝까지 이끄는 리더십이 뛰어났습니다. 개선 아이디어를 적극적으로 제안하고 직접 시범 적용까지 해 보였습니다. 변경 이력과 의사결정 배경을 꾸준히 기록해 고객 보고에 큰 도움이 되었습니다.,긴급 상황에서 우선순위 판단이 늦어 대응이 지연된 적이 있었습니다. 또한 협업 측면도 보완하면 더 좋겠습니다.
R000018,2025H1,X-0057,DP0025,DP0005,2025-06-20,금융사 카 데이터 마트 구축 수행 기간 동안 팀의 핵심 인력으로 활약했습니다. 고객사 현업 담당자의 불만을 경청하고 대안을 제시해 관계를 개선했습니다. 일정이 크게 흔들린 시점에 대응 계획을 빠르게 세워 위기를 넘겼습니다. AWS 분야의 깊은 전문성으로 설계 단계에서 기술적 리스크를 먼저 짚어 냈습니다.,다만 경계가 애매한 업무는 먼저 맡으려 하지 않는 경우가 있어 주인 의식을 조금 더 보여 주면 좋겠습니다.
R000019,2025H1,X-0057,DP0085,DP0005,2025-06-20,금융사 카 데이터 마트 구축 수행 기간 동안 팀의 핵심 인력으로 활약했습니다. 새 도메인 지식을 빠르게 흡수해 투입 초기부터 제 몫을 해냈습니다. 다른 파트의 일정까지 살피며 먼저 도움을 제안해 팀 전체 속도를 끌어올렸습니다. 개선 아이디어를 적극적으로 제안하고 직접 시범 적용까지 해 보였습니다.,알고 있는 노하우를 팀에 공유하는 빈도가 낮아 지식이 한 사람에게 몰렸습니다.
R000020,2025H1,X-0027,DP0027,DP0006,2025-06-20,금융사 가 데이터 마트 구축 업무에서 함께 일하며 많은 도움을 받았습니다. 직접 겪은 시행착오를 정리해 공유해 다른 팀원들이 같은 실수를 피할 수 있었습니다.,"새 기술 도입에 시간이 다소 걸려 초기 일정에 부담이 있었습니다. 또한 리더십, 친화력, 문서화 측면도 보완하면 더 좋겠습니다."
R000021,2025H1,X-0050,DP0028,DP0006,2025-06-20,계열사 C 데이터 레이크 고도화 업무에서 함께 일하며 많은 도움을 받았습니다. 제약이 많은 상황에서도 새로운 접근을 찾아내 고객의 호평을 받았습니다.,"세부 설정값 검토가 빠져 배포 후 수정이 생긴 적이 있었습니다. 또한 기획력, 문서화 측면도 보완하면 더 좋겠습니다."
R000022,2025H1,X-0003,DP0021,DP0006,2025-06-20,계열사 H 데이터 거버넌스 구축을(를) 진행하는 동안 그룹사(대내) 고객 환경을 잘 이해하고 안정적으로 수행했습니다. 일정이 흔들릴 때 우선순위를 다시 세우고 팀을 안정적으로 이끌었습니다.,요구사항을 구조화하기 전에 구현부터 시작하는 경우가 있어 사전 기획을 보완하면 좋겠습니다. 또한 친화력 측면도 보완하면 더 좋겠습니다.
R000023,2025H1,X-0050,DP0008,DP0006,2025-06-20,계열사 C 데이터 레이크 고도화 업무에서 함께 일하며 많은 도움을 받았습니다. 산출물과 설정값을 꼼꼼하게 대조해 배포 전 결함을 여러 건 미리 잡아냈습니다.,"새로 합류한 인원과 거리감이 있어 초기 협업이 다소 더뎠습니다. 또한 협업, 학습력 측면도 보완하면 더 좋겠습니다."
R000024,2025H1,X-0057,DP0031,DP0007,2025-06-20,금융사 카 데이터 마트 구축을(를) 진행하는 동안 금융 고객 환경을 잘 이해하고 안정적으로 수행했습니다. 일정이 크게 흔들린 시점에 대응 계획을 빠르게 세워 위기를 넘겼습니다. 회의 때마다 쟁점을 쉽게 정리해 이해관계자들의 합의를 빠르게 이끌었습니다. 작업량을 현실적으로 추정해 일정 계획의 정확도를 높였습니다.,의견이 엇갈릴 때 방향을 정리해 주는 역할은 조금 더 기대됩니다. 또한 전문성 측면도 보완하면 더 좋겠습니다.
R000025,2025H1,X-0057,DP0024,DP0007,2025-06-20,금융사 카 데이터 마트 구축 업무에서 함께 일하며 많은 도움을 받았습니다. 고객사 담당자와도 편하게 소통하는 친화력 덕분에 협의가 한결 수월했습니다. 일정이 흔들릴 때 우선순위를 다시 세우고 팀을 안정적으로 이끌었습니다.,Docker 심화 영역에서는 판단 근거가 부족한 경우가 있어 추가 학습이 필요해 보입니다. 또한 위기대응 측면도 보완하면 더 좋겠습니다.
R000026,2025H1,X-0057,DP0048,DP0007,2025-06-20,금융사 카 데이터 마트 구축 업무에서 함께 일하며 많은 도움을 받았습니다. 문제가 생겼을 때 남에게 미루지 않고 본인 일처럼 책임지고 원인을 정리해 주었습니다. 회의 때마다 쟁점을 쉽게 정리해 이해관계자들의 합의를 빠르게 이끌었습니다. 제약이 많은 상황에서도 새로운 접근을 찾아내 고객의 호평을 받았습니다. 산출물과 설정값을 꼼꼼하게 대조해 배포 전 결함을 여러 건 미리 잡아냈습니다. 그 밖에도 일정관리 측면에서 좋은 모습을 보였습니다.,새로운 과제에는 먼저 나서기보다 지켜보는 편이라 조금 더 적극적이면 좋겠습니다.
R000027,2025H1,X-0001,DP0079,DP0008,2025-06-20,금융사 가2 비정형 문서 메타데이터 전환 업무에서 함께 일하며 많은 도움을 받았습니다. 고객의 급한 요청에도 차분하게 대응해 신뢰를 얻었고 추가 요구 협상도 잘 이끌었습니다.,"본인 범위에 집중하다 보니 다른 파트와의 연계가 늦어지는 경우가 있었습니다. 또한 기술공유, 문제해결 측면도 보완하면 더 좋겠습니다."
R000028,2025H1,X-0001,DP0050,DP0008,2025-06-20,금융사 가2 비정형 문서 메타데이터 전환을(를) 진행하는 동안 금융 고객 환경을 잘 이해하고 안정적으로 수행했습니다. 일정이 흔들릴 때 우선순위를 다시 세우고 팀을 안정적으로 이끌었습니다.,"장애 대응 시 임시 조치에 머무는 경우가 있어 근본 원인 분석까지 이어지면 좋겠습니다. 또한 전문성, 꼼꼼함 측면도 보완하면 더 좋겠습니다."
R000029,2025H1,X-0001,DP0034,DP0008,2025-06-20,금융사 가2 비정형 문서 메타데이터 전환 수행 기간 동안 팀의 핵심 인력으로 활약했습니다. 눈에 잘 띄지 않는 메타데이터 설계 작업도 성실하게 처리해 품질 기반을 다져 주었습니다.,"알고 있는 노하우를 팀에 공유하는 빈도가 낮아 지식이 한 사람에게 몰렸습니다. 또한 문제해결, 전문성 측면도 보완하면 더 좋겠습니다."
R000030,2025H1,X-0001,DP0086,DP0008,2025-06-20,금융사 가2 비정형 문서 메타데이터 전환 수행 기간 동안 팀의 핵심 인력으로 활약했습니다. 변경 이력과 의사결정 배경을 꾸준히 기록해 고객 보고에 큰 도움이 되었습니다. 메타데이터 설계 중 발생한 복합 장애의 근본 원인을 빠르게 찾아 재발 방지책까지 마련했습니다. 처음 합류한 인원들과도 금방 어울려 팀 분위기를 부드럽게 만들어 주었습니다.,알고 있는 노하우를 팀에 공유하는 빈도가 낮아 지식이 한 사람에게 몰렸습니다. 또한 꼼꼼함 측면도 보완하면 더 좋겠습니다.
R000031,2025H1,X-0001,DP0097,DP0008,2025-06-20,금융사 가2 비정형 문서 메타데이터 전환 수행 기간 동안 팀의 핵심 인력으로 활약했습니다. 메타데이터 설계 중 발생한 복합 장애의 근본 원인을 빠르게 찾아 재발 방지책까지 마련했습니다.,"요구사항을 구조화하기 전에 구현부터 시작하는 경우가 있어 사전 기획을 보완하면 좋겠습니다. 또한 기술공유, 꼼꼼함 측면도 보완하면 더 좋겠습니다."
R000032,2025H1,X-0050,DP0095,DP0008,2025-06-20,계열사 C 데이터 레이크 고도화 업무에서 함께 일하며 많은 도움을 받았습니다. 직접 겪은 시행착오를 정리해 공유해 다른 팀원들이 같은 실수를 피할 수 있었습니다.,"긴급 상황에서 우선순위 판단이 늦어 대응이 지연된 적이 있었습니다. 또한 꼼꼼함, 문제해결, 전문성 측면도 보완하면 더 좋겠습니다."
R000033,2025H1,X-0006,DP0070,DP0009,2025-06-20,금융사 바2 차세대 데이터 플랫폼 구축 수행 기간 동안 팀의 핵심 인력으로 활약했습니다. 새로운 요구가 생기면 먼저 손을 들고 나서서 초기 검토를 맡아 주었습니다. 문제가 생겼을 때 남에게 미루지 않고 본인 일처럼 책임지고 원인을 정리해 주었습니다. 주니어의 코드 리뷰에 이유까지 설명해 주어 팀의 성장에 기여했습니다.,새로 합류한 인원과 거리감이 있어 초기 협업이 다소 더뎠습니다.
R000034,2025H1,X-0006,DP0073,DP0009,2025-06-20,금융사 바2 차세대 데이터 플랫폼 구축 수행 기간 동안 팀의 핵심 인력으로 활약했습니다. 맡은 메타데이터 설계 범위를 끝까지 책임지고 마무리해 팀이 일정 걱정 없이 다음 단계로 넘어갈 수 있었습니다.,진행 상황 공유가 늦어 다른 담당자가 뒤늦게 파악하는 일이 있었습니다. 또한 꼼꼼함 측면도 보완하면 더 좋겠습니다.
R000035,2025H1,X-0006,DP0069,DP0009,2025-06-20,금융사 바2 차세대 데이터 플랫폼 구축을(를) 진행하는 동안 금융 고객 환경을 잘 이해하고 안정적으로 수행했습니다. 기존 방식에 얽매이지 않는 대안을 제시해 메타데이터 설계의 처리 속도를 크게 개선했습니다. 코드 리뷰에서 품질 기준을 일관되게 지켜 팀의 결과물 수준을 끌어올렸습니다. 다른 파트의 일정까지 살피며 먼저 도움을 제안해 팀 전체 속도를 끌어올렸습니다.,새로 합류한 인원과 거리감이 있어 초기 협업이 다소 더뎠습니다. 또한 꼼꼼함 측면도 보완하면 더 좋겠습니다.
R000036,2025H1,X-0006,DP0081,DP0009,2025-06-20,금융사 바2 차세대 데이터 플랫폼 구축을(를) 진행하는 동안 금융 고객 환경을 잘 이해하고 안정적으로 수행했습니다. 작업량을 현실적으로 추정해 일정 계획의 정확도를 높였습니다. 일정이 크게 흔들린 시점에 대응 계획을 빠르게 세워 위기를 넘겼습니다. 다른 파트의 일정까지 살피며 먼저 도움을 제안해 팀 전체 속도를 끌어올렸습니다.,"세부 설정값 검토가 빠져 배포 후 수정이 생긴 적이 있었습니다. 또한 친화력, 기술공유 측면도 보완하면 더 좋겠습니다."
R000037,2025H1,X-0006,DP0033,DP0009,2025-06-20,금융사 바2 차세대 데이터 플랫폼 구축을(를) 진행하는 동안 금융 고객 환경을 잘 이해하고 안정적으로 수행했습니다. 변경 이력과 의사결정 배경을 꾸준히 기록해 고객 보고에 큰 도움이 되었습니다. 처음 접한 Scala도 짧은 시간에 익혀 바로 실무에 적용했습니다. 운영 중 긴급 장애가 났을 때 침착하게 상황을 정리하고 복구를 주도했습니다. 데이터·개발·운영 담당 사이의 연결고리 역할을 맡아 협업 병목을 풀어 주었습니다.,세부 설정값 검토가 빠져 배포 후 수정이 생긴 적이 있었습니다.
R000038,2025H1,X-0010,DP0078,DP0010,2025-06-20,계열사 D 데이터 레이크 고도화을(를) 진행하는 동안 그룹사(대내) 고객 환경을 잘 이해하고 안정적으로 수행했습니다. 일정이 흔들릴 때 우선순위를 다시 세우고 팀을 안정적으로 이끌었습니다. 매일 진행 상황을 꾸준히 공유하고 반복 점검 업무도 빠짐없이 챙겨 신뢰가 갔습니다.,고객의 갑작스러운 요청에 방어적으로 대응해 협의가 길어진 적이 있었습니다.
R000039,2025H1,X-0010,DP0054,DP0010,2025-06-20,계열사 D 데이터 레이크 고도화 업무에서 함께 일하며 많은 도움을 받았습니다. 일정이 흔들릴 때 우선순위를 다시 세우고 팀을 안정적으로 이끌었습니다. Text Analysis 노하우를 문서와 짧은 세션으로 공유해 팀 전체의 수준을 끌어올렸습니다.,"새로 합류한 인원과 거리감이 있어 초기 협업이 다소 더뎠습니다. 또한 적극성, 꼼꼼함 측면도 보완하면 더 좋겠습니다."
R000040,2025H1,X-0057,DP0013,DP0011,2025-06-20,금융사 카 데이터 마트 구축 수행 기간 동안 팀의 핵심 인력으로 활약했습니다. 운영 중 긴급 장애가 났을 때 침착하게 상황을 정리하고 복구를 주도했습니다. 처음 접한 데이터 모델링도 짧은 시간에 익혀 바로 실무에 적용했습니다. 문제가 생겼을 때 남에게 미루지 않고 본인 일처럼 책임지고 원인을 정리해 주었습니다.,기존 방식에 익숙해 새로운 대안을 검토하는 데는 소극적이었습니다. 또한 기술공유 측면도 보완하면 더 좋겠습니다.
R000041,2025H1,X-0057,DP0023,DP0011,2025-06-20,금융사 카 데이터 마트 구축 업무에서 함께 일하며 많은 도움을 받았습니다. 고객의 급한 요청에도 차분하게 대응해 신뢰를 얻었고 추가 요구 협상도 잘 이끌었습니다. 일정이 흔들릴 때 우선순위를 다시 세우고 팀을 안정적으로 이끌었습니다. 작업량을 현실적으로 추정해 일정 계획의 정확도를 높였습니다.,긴급 상황에서 우선순위 판단이 늦어 대응이 지연된 적이 있었습니다. 또한 협업 측면도 보완하면 더 좋겠습니다.
R000042,2025H1,X-0057,DP0048,DP0011,2025-06-20,금융사 카 데이터 마트 구축을(를) 진행하는 동안 금융 고객 환경을 잘 이해하고 안정적으로 수행했습니다. 고객의 모호한 요구를 단계별 실행 계획으로 정리해 범위 변경을 줄였습니다. 마일스톤별 위험 요소를 미리 관리해 적재 파이프라인 일정을 한 번도 놓치지 않았습니다. 고객사와 개발팀 사이에서 요구사항을 명확히 전달해 재작업을 크게 줄였습니다.,변경 사항 문서화가 늦어 인수인계 때 다시 확인해야 하는 일이 있었습니다.
R000043,2025H1,X-0057,DP0090,DP0011,2025-06-20,금융사 카 데이터 마트 구축 업무에서 함께 일하며 많은 도움을 받았습니다. 주니어의 코드 리뷰에 이유까지 설명해 주어 팀의 성장에 기여했습니다. 적재 파이프라인의 핵심 기능을 직접 설계하며 요구사항을 구조화하는 기획력이 돋보였습니다. 일정이 흔들릴 때 우선순위를 다시 세우고 팀을 안정적으로 이끌었습니다.,반복 점검 업무를 마감 직전까지 미루는 경우가 있어 꾸준함이 조금 아쉬웠습니다. 또한 품질의식 측면도 보완하면 더 좋겠습니다.
R000044,2025H1,X-0006,DP0082,DP0012,2025-06-20,금융사 바2 차세대 데이터 플랫폼 구축을(를) 진행하는 동안 금융 고객 환경을 잘 이해하고 안정적으로 수행했습니다. 테스트 기준을 스스로 높게 잡아 운영 이관 후 장애가 거의 없었습니다. 메타데이터 설계 중 발생한 복합 장애의 근본 원인을 빠르게 찾아 재발 방지책까지 마련했습니다.,진행 상황 공유가 늦어 다른 담당자가 뒤늦게 파악하는 일이 있었습니다.
R000045,2025H1,X-0006,DP0081,DP0012,2025-06-20,금융사 바2 차세대 데이터 플랫폼 구축 수행 기간 동안 팀의 핵심 인력으로 활약했습니다. 일정이 흔들릴 때 우선순위를 다시 세우고 팀을 안정적으로 이끌었습니다.,"반복 점검 업무를 마감 직전까지 미루는 경우가 있어 꾸준함이 조금 아쉬웠습니다. 또한 협업, 창의성 측면도 보완하면 더 좋겠습니다."
R000046,2025H1,X-0006,DP0049,DP0012,2025-06-20,금융사 바2 차세대 데이터 플랫폼 구축을(를) 진행하는 동안 금융 고객 환경을 잘 이해하고 안정적으로 수행했습니다. 코드 리뷰에서 품질 기준을 일관되게 지켜 팀의 결과물 수준을 끌어올렸습니다.,긴급 상황에서 우선순위 판단이 늦어 대응이 지연된 적이 있었습니다. 또한 소통 측면도 보완하면 더 좋겠습니다.
R000047,2025H1,X-0057,DP0080,DP0013,2025-06-20,금융사 카 데이터 마트 구축 수행 기간 동안 팀의 핵심 인력으로 활약했습니다. 데이터 모델링 분야의 깊은 전문성으로 설계 단계에서 기술적 리스크를 먼저 짚어 냈습니다. 다른 파트의 일정까지 살피며 먼저 도움을 제안해 팀 전체 속도를 끌어올렸습니다. 데이터 모델링 노하우를 문서와 짧은 세션으로 공유해 팀 전체의 수준을 끌어올렸습니다.,"고객의 갑작스러운 요청에 방어적으로 대응해 협의가 길어진 적이 있었습니다. 또한 리더십, 성실 측면도 보완하면 더 좋겠습니다."
R000048,2025H1,X-0057,DP0023,DP0013,2025-06-20,금융사 카 데이터 마트 구축 업무에서 함께 일하며 많은 도움을 받았습니다. 다른 파트의 일정까지 살피며 먼저 도움을 제안해 팀 전체 속도를 끌어올렸습니다. 변경 이력과 의사결정 배경을 꾸준히 기록해 고객 보고에 큰 도움이 되었습니다.,반복 점검 업무를 마감 직전까지 미루는 경우가 있어 꾸준함이 조금 아쉬웠습니다. 또한 품질의식 측면도 보완하면 더 좋겠습니다.
R000049,2025H1,X-0057,DP0098,DP0013,2025-06-20,금융사 카 데이터 마트 구축 수행 기간 동안 팀의 핵심 인력으로 활약했습니다. 변경 이력과 의사결정 배경을 꾸준히 기록해 고객 보고에 큰 도움이 되었습니다.,"작업량 추정이 낙관적이어서 일정이 밀린 적이 몇 번 있었습니다. 또한 품질의식, 위기대응 측면도 보완하면 더 좋겠습니다."
R000050,2025H1,X-0057,DP0025,DP0013,2025-06-20,금융사 카 데이터 마트 구축 업무에서 함께 일하며 많은 도움을 받았습니다. 고객사와 개발팀 사이에서 요구사항을 명확히 전달해 재작업을 크게 줄였습니다. 막힌 이슈를 작은 단위로 쪼개 가설을 검증하는 방식으로 해결 시간을 크게 단축했습니다. 설계 의도와 운영 절차를 잘 정리해 두어 인수인계가 매끄러웠습니다.,테스트 범위를 좁게 잡아 회귀 결함이 뒤늦게 발견된 적이 있었습니다.
R000051,2025H1,X-0057,DP0098,DP0014,2025-06-20,금융사 카 데이터 마트 구축 수행 기간 동안 팀의 핵심 인력으로 활약했습니다. 마일스톤별 위험 요소를 미리 관리해 적재 파이프라인 일정을 한 번도 놓치지 않았습니다. 일정이 흔들릴 때 우선순위를 다시 세우고 팀을 안정적으로 이끌었습니다.,"알고 있는 노하우를 팀에 공유하는 빈도가 낮아 지식이 한 사람에게 몰렸습니다. 또한 문제해결, 책임감, 멘토링 측면도 보완하면 더 좋겠습니다."
R000052,2025H1,X-0057,DP0080,DP0014,2025-06-20,금융사 카 데이터 마트 구축 업무에서 함께 일하며 많은 도움을 받았습니다. 변경 이력과 의사결정 배경을 꾸준히 기록해 고객 보고에 큰 도움이 되었습니다. Docker 노하우를 문서와 짧은 세션으로 공유해 팀 전체의 수준을 끌어올렸습니다. 문제가 생겼을 때 남에게 미루지 않고 본인 일처럼 책임지고 원인을 정리해 주었습니다. 새로운 요구가 생기면 먼저 손을 들고 나서서 초기 검토를 맡아 주었습니다. 그 밖에도 위기대응 측면에서 좋은 모습을 보였습니다.,주니어에게 피드백을 줄 때 이유 설명이 짧아 학습 효과가 제한적이었습니다.
R000053,2025H1,X-0057,DP0077,DP0014,2025-06-20,금융사 카 데이터 마트 구축 업무에서 함께 일하며 많은 도움을 받았습니다. 처음 접한 AWS도 짧은 시간에 익혀 바로 실무에 적용했습니다. 문제가 생겼을 때 남에게 미루지 않고 본인 일처럼 책임지고 원인을 정리해 주었습니다.,장애 대응 시 임시 조치에 머무는 경우가 있어 근본 원인 분석까지 이어지면 좋겠습니다.
R000054,2025H1,X-0057,DP0084,DP0014,2025-06-20,금융사 카 데이터 마트 구축을(를) 진행하는 동안 금융 고객 환경을 잘 이해하고 안정적으로 수행했습니다. 운영 중 긴급 장애가 났을 때 침착하게 상황을 정리하고 복구를 주도했습니다. AWS 노하우를 문서와 짧은 세션으로 공유해 팀 전체의 수준을 끌어올렸습니다. 처음 접한 AWS도 짧은 시간에 익혀 바로 실무에 적용했습니다. 새로운 요구가 생기면 먼저 손을 들고 나서서 초기 검토를 맡아 주었습니다. 그 밖에도 기획력 측면에서 좋은 모습을 보였습니다.,기존 방식에 익숙해 새로운 대안을 검토하는 데는 소극적이었습니다.
R000055,2025H1,X-0057,DP0011,DP0014,2025-06-20,금융사 카 데이터 마트 구축 수행 기간 동안 팀의 핵심 인력으로 활약했습니다. 새 도메인 지식을 빠르게 흡수해 투입 초기부터 제 몫을 해냈습니다.,주니어에게 피드백을 줄 때 이유 설명이 짧아 학습 효과가 제한적이었습니다. 또한 책임감 측면도 보완하면 더 좋겠습니다.
R000056,2025H1,X-0057,DP0040,DP0014,2025-06-20,금융사 카 데이터 마트 구축 수행 기간 동안 팀의 핵심 인력으로 활약했습니다. Hadoop 노하우를 문서와 짧은 세션으로 공유해 팀 전체의 수준을 끌어올렸습니다. 새로운 요구가 생기면 먼저 손을 들고 나서서 초기 검토를 맡아 주었습니다. 처음 접한 Hadoop도 짧은 시간에 익혀 바로 실무에 적용했습니다.,테스트 범위를 좁게 잡아 회귀 결함이 뒤늦게 발견된 적이 있었습니다. 또한 멘토링 측면도 보완하면 더 좋겠습니다.
R000057,2025H1,X-0020,DP0053,DP0015,2025-06-20,공공기관 무 공공데이터 개방 플랫폼 구축 수행 기간 동안 팀의 핵심 인력으로 활약했습니다. 검수 체크리스트를 촘촘하게 운영해 고객 검수에서 지적이 거의 나오지 않았습니다.,"고객의 갑작스러운 요청에 방어적으로 대응해 협의가 길어진 적이 있었습니다. 또한 협업, 적극성 측면도 보완하면 더 좋겠습니다."
R000058,2025H1,X-0020,DP0068,DP0015,2025-06-20,공공기관 무 공공데이터 개방 플랫폼 구축 업무에서 함께 일하며 많은 도움을 받았습니다. 검색엔진 분야의 깊은 전문성으로 설계 단계에서 기술적 리스크를 먼저 짚어 냈습니다. 고객사와 개발팀 사이에서 요구사항을 명확히 전달해 재작업을 크게 줄였습니다. 기술 리더으로서 팀원 각자의 역량을 파악해 일을 배분하고 끝까지 이끄는 리더십이 뛰어났습니다. 데이터·개발·운영 담당 사이의 연결고리 역할을 맡아 협업 병목을 풀어 주었습니다.,고객의 갑작스러운 요청에 방어적으로 대응해 협의가 길어진 적이 있었습니다.
R000059,2025H1,X-0020,DP0099,DP0015,2025-06-20,공공기관 무 공공데이터 개방 플랫폼 구축 수행 기간 동안 팀의 핵심 인력으로 활약했습니다. 개선 아이디어를 적극적으로 제안하고 직접 시범 적용까지 해 보였습니다. 코드 리뷰에서 품질 기준을 일관되게 지켜 팀의 결과물 수준을 끌어올렸습니다. 비정형 문서 처리(OCR) 분야의 깊은 전문성으로 설계 단계에서 기술적 리스크를 먼저 짚어 냈습니다. 기술 리더으로서 팀원 각자의 역량을 파악해 일을 배분하고 끝까지 이끄는 리더십이 뛰어났습니다.,"다만 경계가 애매한 업무는 먼저 맡으려 하지 않는 경우가 있어 주인 의식을 조금 더 보여 주면 좋겠습니다. 또한 성실, 고객대응 측면도 보완하면 더 좋겠습니다."
R000060,2025H1,X-0020,DP0072,DP0015,2025-06-20,공공기관 무 공공데이터 개방 플랫폼 구축 수행 기간 동안 팀의 핵심 인력으로 활약했습니다. 막힌 이슈를 작은 단위로 쪼개 가설을 검증하는 방식으로 해결 시간을 크게 단축했습니다. 일정이 흔들릴 때 우선순위를 다시 세우고 팀을 안정적으로 이끌었습니다. 산출물과 설정값을 꼼꼼하게 대조해 배포 전 결함을 여러 건 미리 잡아냈습니다.,고객의 갑작스러운 요청에 방어적으로 대응해 협의가 길어진 적이 있었습니다. 또한 적극성 측면도 보완하면 더 좋겠습니다.
R000061,2025H1,X-0020,DP0058,DP0015,2025-06-20,공공기관 무 공공데이터 개방 플랫폼 구축 업무에서 함께 일하며 많은 도움을 받았습니다. 눈에 잘 띄지 않는 데이터 정제 작업도 성실하게 처리해 품질 기반을 다져 주었습니다. Text Analysis 관련 이슈가 생길 때마다 정확한 판단으로 해결 방향을 제시해 팀의 기준점이 되었습니다. 마일스톤별 위험 요소를 미리 관리해 데이터 정제 일정을 한 번도 놓치지 않았습니다.,다만 경계가 애매한 업무는 먼저 맡으려 하지 않는 경우가 있어 주인 의식을 조금 더 보여 주면 좋겠습니다.
R000062,2025H1,X-0020,DP0056,DP0015,2025-06-20,공공기관 무 공공데이터 개방 플랫폼 구축 업무에서 함께 일하며 많은 도움을 받았습니다. 데이터·개발·운영 담당 사이의 연결고리 역할을 맡아 협업 병목을 풀어 주었습니다. 일정이 흔들릴 때 우선순위를 다시 세우고 팀을 안정적으로 이끌었습니다. 마일스톤별 위험 요소를 미리 관리해 데이터 정제 일정을 한 번도 놓치지 않았습니다. 신규 인원에게 업무 맥락을 차근차근 설명해 적응 기간을 크게 줄여 주었습니다.,요구사항을 구조화하기 전에 구현부터 시작하는 경우가 있어 사전 기획을 보완하면 좋겠습니다. 또한 창의성 측면도 보완하면 더 좋겠습니다.
R000063,2025H1,X-0072,DP0026,DP0016,2025-06-20,공공기관 기 공공데이터 개방 플랫폼 구축을(를) 진행하는 동안 공공 고객 환경을 잘 이해하고 안정적으로 수행했습니다. 맡은 개방 API 범위를 끝까지 책임지고 마무리해 팀이 일정 걱정 없이 다음 단계로 넘어갈 수 있었습니다. 산출물과 설정값을 꼼꼼하게 대조해 배포 전 결함을 여러 건 미리 잡아냈습니다. 직접 겪은 시행착오를 정리해 공유해 다른 팀원들이 같은 실수를 피할 수 있었습니다.,새로운 과제에는 먼저 나서기보다 지켜보는 편이라 조금 더 적극적이면 좋겠습니다.
R000064,2025H1,X-0072,DP0095,DP0016,2025-06-20,공공기관 기 공공데이터 개방 플랫폼 구축 수행 기간 동안 팀의 핵심 인력으로 활약했습니다. 마일스톤별 위험 요소를 미리 관리해 개방 API 일정을 한 번도 놓치지 않았습니다. 검수 체크리스트를 촘촘하게 운영해 고객 검수에서 지적이 거의 나오지 않았습니다.,반복 점검 업무를 마감 직전까지 미루는 경우가 있어 꾸준함이 조금 아쉬웠습니다. 또한 소통 측면도 보완하면 더 좋겠습니다.
R000065,2025H1,X-0072,DP0019,DP0016,2025-06-20,공공기관 기 공공데이터 개방 플랫폼 구축을(를) 진행하는 동안 공공 고객 환경을 잘 이해하고 안정적으로 수행했습니다. 개선 아이디어를 적극적으로 제안하고 직접 시범 적용까지 해 보였습니다. 신규 인원에게 업무 맥락을 차근차근 설명해 적응 기간을 크게 줄여 주었습니다. 직접 겪은 시행착오를 정리해 공유해 다른 팀원들이 같은 실수를 피할 수 있었습니다.,다만 경계가 애매한 업무는 먼저 맡으려 하지 않는 경우가 있어 주인 의식을 조금 더 보여 주면 좋겠습니다.
R000066,2025H1,X-0072,DP0020,DP0016,2025-06-20,공공기관 기 공공데이터 개방 플랫폼 구축 업무에서 함께 일하며 많은 도움을 받았습니다. 변경 이력과 의사결정 배경을 꾸준히 기록해 고객 보고에 큰 도움이 되었습니다. 산출물과 설정값을 꼼꼼하게 대조해 배포 전 결함을 여러 건 미리 잡아냈습니다. 개방 API의 핵심 기능을 직접 설계하며 요구사항을 구조화하는 기획력이 돋보였습니다. 메타데이터 관리 노하우를 문서와 짧은 세션으로 공유해 팀 전체의 수준을 끌어올렸습니다.,반복 점검 업무를 마감 직전까지 미루는 경우가 있어 꾸준함이 조금 아쉬웠습니다.
R000067,2025H1,X-0072,DP0003,DP0016,2025-06-20,공공기관 기 공공데이터 개방 플랫폼 구축 수행 기간 동안 팀의 핵심 인력으로 활약했습니다. 신규 인원에게 업무 맥락을 차근차근 설명해 적응 기간을 크게 줄여 주었습니다. Python 노하우를 문서와 짧은 세션으로 공유해 팀 전체의 수준을 끌어올렸습니다. 새로운 요구가 생기면 먼저 손을 들고 나서서 초기 검토를 맡아 주었습니다. 작업량을 현실적으로 추정해 일정 계획의 정확도를 높였습니다.,Python 심화 영역에서는 판단 근거가 부족한 경우가 있어 추가 학습이 필요해 보입니다.
R000068,2025H1,X-0020,DP0019,DP0017,2025-06-20,공공기관 무 공공데이터 개방 플랫폼 구축 업무에서 함께 일하며 많은 도움을 받았습니다. 매일 진행 상황을 꾸준히 공유하고 반복 점검 업무도 빠짐없이 챙겨 신뢰가 갔습니다. Python 관련 이슈가 생길 때마다 정확한 판단으로 해결 방향을 제시해 팀의 기준점이 되었습니다. 개선 아이디어를 적극적으로 제안하고 직접 시범 적용까지 해 보였습니다. 고객의 모호한 요구를 단계별 실행 계획으로 정리해 범위 변경을 줄였습니다. 그 밖에도 문제해결 측면에서 좋은 모습을 보였습니다.,기존 방식에 익숙해 새로운 대안을 검토하는 데는 소극적이었습니다.
R000069,2025H1,X-0020,DP0046,DP0017,2025-06-20,공공기관 무 공공데이터 개방 플랫폼 구축을(를) 진행하는 동안 공공 고객 환경을 잘 이해하고 안정적으로 수행했습니다. 직접 겪은 시행착오를 정리해 공유해 다른 팀원들이 같은 실수를 피할 수 있었습니다. 데이터 정제의 핵심 기능을 직접 설계하며 요구사항을 구조화하는 기획력이 돋보였습니다. 새로운 요구가 생기면 먼저 손을 들고 나서서 초기 검토를 맡아 주었습니다. 막힌 이슈를 작은 단위로 쪼개 가설을 검증하는 방식으로 해결 시간을 크게 단축했습니다.,반복 점검 업무를 마감 직전까지 미루는 경우가 있어 꾸준함이 조금 아쉬웠습니다.
R000070,2025H1,X-0020,DP0064,DP0017,2025-06-20,공공기관 무 공공데이터 개방 플랫폼 구축 수행 기간 동안 팀의 핵심 인력으로 활약했습니다. 고객사 현업 담당자의 불만을 경청하고 대안을 제시해 관계를 개선했습니다. 개선 아이디어를 적극적으로 제안하고 직접 시범 적용까지 해 보였습니다. 회의 때마다 쟁점을 쉽게 정리해 이해관계자들의 합의를 빠르게 이끌었습니다. 데이터·개발·운영 담당 사이의 연결고리 역할을 맡아 협업 병목을 풀어 주었습니다. 그 밖에도 기획력 측면에서 좋은 모습을 보였습니다.,기존 방식에 익숙해 새로운 대안을 검토하는 데는 소극적이었습니다.
R000071,2025H1,X-0020,DP0091,DP0017,2025-06-20,공공기관 무 공공데이터 개방 플랫폼 구축 업무에서 함께 일하며 많은 도움을 받았습니다. 데이터 정제의 핵심 기능을 직접 설계하며 요구사항을 구조화하는 기획력이 돋보였습니다. 신규 인원에게 업무 맥락을 차근차근 설명해 적응 기간을 크게 줄여 주었습니다. 고객사와 개발팀 사이에서 요구사항을 명확히 전달해 재작업을 크게 줄였습니다. 운영 중 긴급 장애가 났을 때 침착하게 상황을 정리하고 복구를 주도했습니다.,의견이 엇갈릴 때 방향을 정리해 주는 역할은 조금 더 기대됩니다.
R000072,2025H1,X-0020,DP0053,DP0017,2025-06-20,공공기관 무 공공데이터 개방 플랫폼 구축 업무에서 함께 일하며 많은 도움을 받았습니다. 회의 때마다 쟁점을 쉽게 정리해 이해관계자들의 합의를 빠르게 이끌었습니다. 새로운 요구가 생기면 먼저 손을 들고 나서서 초기 검토를 맡아 주었습니다.,반복 점검 업무를 마감 직전까지 미루는 경우가 있어 꾸준함이 조금 아쉬웠습니다.
R000073,2025H1,X-0020,DP0068,DP0017,2025-06-20,공공기관 무 공공데이터 개방 플랫폼 구축 업무에서 함께 일하며 많은 도움을 받았습니다. 데이터 정제의 핵심 기능을 직접 설계하며 요구사항을 구조화하는 기획력이 돋보였습니다. 회의 때마다 쟁점을 쉽게 정리해 이해관계자들의 합의를 빠르게 이끌었습니다. 주니어의 코드 리뷰에 이유까지 설명해 주어 팀의 성장에 기여했습니다. 제약이 많은 상황에서도 새로운 접근을 찾아내 고객의 호평을 받았습니다. 그 밖에도 문제해결 측면에서 좋은 모습을 보였습니다.,반복 점검 업무를 마감 직전까지 미루는 경우가 있어 꾸준함이 조금 아쉬웠습니다. 또한 리더십 측면도 보완하면 더 좋겠습니다.
R000074,2025H1,X-0100,DP0081,DP0018,2025-06-20,금융사 카 비정형 문서 메타데이터 전환 업무에서 함께 일하며 많은 도움을 받았습니다. 마일스톤별 위험 요소를 미리 관리해 적재 파이프라인 일정을 한 번도 놓치지 않았습니다. 새로운 요구가 생기면 먼저 손을 들고 나서서 초기 검토를 맡아 주었습니다. 일정이 크게 흔들린 시점에 대응 계획을 빠르게 세워 위기를 넘겼습니다.,장애 대응 시 임시 조치에 머무는 경우가 있어 근본 원인 분석까지 이어지면 좋겠습니다. 또한 친화력 측면도 보완하면 더 좋겠습니다.
R000075,2025H1,X-0027,DP0074,DP0018,2025-06-20,금융사 가 데이터 마트 구축 수행 기간 동안 팀의 핵심 인력으로 활약했습니다. 운영 중 긴급 장애가 났을 때 침착하게 상황을 정리하고 복구를 주도했습니다. 매일 진행 상황을 꾸준히 공유하고 반복 점검 업무도 빠짐없이 챙겨 신뢰가 갔습니다. 다른 파트의 일정까지 살피며 먼저 도움을 제안해 팀 전체 속도를 끌어올렸습니다. 고객의 모호한 요구를 단계별 실행 계획으로 정리해 범위 변경을 줄였습니다.,알고 있는 노하우를 팀에 공유하는 빈도가 낮아 지식이 한 사람에게 몰렸습니다.
R000076,2025H1,X-0027,DP0076,DP0018,2025-06-20,금융사 가 데이터 마트 구축을(를) 진행하는 동안 금융 고객 환경을 잘 이해하고 안정적으로 수행했습니다. 매일 진행 상황을 꾸준히 공유하고 반복 점검 업무도 빠짐없이 챙겨 신뢰가 갔습니다. Hadoop 관련 이슈가 생길 때마다 정확한 판단으로 해결 방향을 제시해 팀의 기준점이 되었습니다. 데이터·개발·운영 담당 사이의 연결고리 역할을 맡아 협업 병목을 풀어 주었습니다. 테스트 기준을 스스로 높게 잡아 운영 이관 후 장애가 거의 없었습니다. 그 밖에도 위기대응 측면에서 좋은 모습을 보였습니다.,장애 대응 시 임시 조치에 머무는 경우가 있어 근본 원인 분석까지 이어지면 좋겠습니다.
R000077,2025H1,X-0027,DP0047,DP0018,2025-06-20,금융사 가 데이터 마트 구축 수행 기간 동안 팀의 핵심 인력으로 활약했습니다. 적재 파이프라인의 핵심 기능을 직접 설계하며 요구사항을 구조화하는 기획력이 돋보였습니다. 운영 중 긴급 장애가 났을 때 침착하게 상황을 정리하고 복구를 주도했습니다. 마일스톤별 위험 요소를 미리 관리해 적재 파이프라인 일정을 한 번도 놓치지 않았습니다. 매일 진행 상황을 꾸준히 공유하고 반복 점검 업무도 빠짐없이 챙겨 신뢰가 갔습니다. 그 밖에도 전문성 측면에서 좋은 모습을 보였습니다.,알고 있는 노하우를 팀에 공유하는 빈도가 낮아 지식이 한 사람에게 몰렸습니다.
R000078,2025H1,X-0027,DP0006,DP0018,2025-06-20,금융사 가 데이터 마트 구축 업무에서 함께 일하며 많은 도움을 받았습니다. 운영 중 긴급 장애가 났을 때 침착하게 상황을 정리하고 복구를 주도했습니다. 고객의 모호한 요구를 단계별 실행 계획으로 정리해 범위 변경을 줄였습니다.,"장애 대응 시 임시 조치에 머무는 경우가 있어 근본 원인 분석까지 이어지면 좋겠습니다. 또한 일정관리, 전문성 측면도 보완하면 더 좋겠습니다."
R000079,2025H1,X-0020,DP0039,DP0019,2025-06-20,공공기관 무 공공데이터 개방 플랫폼 구축 업무에서 함께 일하며 많은 도움을 받았습니다. 회의 때마다 쟁점을 쉽게 정리해 이해관계자들의 합의를 빠르게 이끌었습니다. 막힌 이슈를 작은 단위로 쪼개 가설을 검증하는 방식으로 해결 시간을 크게 단축했습니다. 검수 체크리스트를 촘촘하게 운영해 고객 검수에서 지적이 거의 나오지 않았습니다. 변경 이력과 의사결정 배경을 꾸준히 기록해 고객 보고에 큰 도움이 되었습니다. 그 밖에도 학습력 측면에서 좋은 모습을 보였습니다.,긴급 상황에서 우선순위 판단이 늦어 대응이 지연된 적이 있었습니다. 또한 품질의식 측면도 보완하면 더 좋겠습니다.
R000080,2025H1,X-0072,DP0003,DP0019,2025-06-20,공공기관 기 공공데이터 개방 플랫폼 구축을(를) 진행하는 동안 공공 고객 환경을 잘 이해하고 안정적으로 수행했습니다. 새로운 요구가 생기면 먼저 손을 들고 나서서 초기 검토를 맡아 주었습니다. 메타데이터 관리 관련 이슈가 생길 때마다 정확한 판단으로 해결 방향을 제시해 팀의 기준점이 되었습니다. 주니어의 코드 리뷰에 이유까지 설명해 주어 팀의 성장에 기여했습니다.,장애 대응 시 임시 조치에 머무는 경우가 있어 근본 원인 분석까지 이어지면 좋겠습니다.
R000081,2025H1,X-0020,DP0089,DP0019,2025-06-20,공공기관 무 공공데이터 개방 플랫폼 구축을(를) 진행하는 동안 공공 고객 환경을 잘 이해하고 안정적으로 수행했습니다. BI Reporting 관련 이슈가 생길 때마다 정확한 판단으로 해결 방향을 제시해 팀의 기준점이 되었습니다. 주니어의 코드 리뷰에 이유까지 설명해 주어 팀의 성장에 기여했습니다. 고객사 담당자와도 편하게 소통하는 친화력 덕분에 협의가 한결 수월했습니다. 새 도메인 지식을 빠르게 흡수해 투입 초기부터 제 몫을 해냈습니다. 그 밖에도 문제해결 측면에서 좋은 모습을 보였습니다.,변경 사항 문서화가 늦어 인수인계 때 다시 확인해야 하는 일이 있었습니다.
R000082,2025H1,X-0072,DP0099,DP0019,2025-06-20,공공기관 기 공공데이터 개방 플랫폼 구축 수행 기간 동안 팀의 핵심 인력으로 활약했습니다. 데이터 모델링 분야의 깊은 전문성으로 설계 단계에서 기술적 리스크를 먼저 짚어 냈습니다. 코드 리뷰에서 품질 기준을 일관되게 지켜 팀의 결과물 수준을 끌어올렸습니다. 처음 합류한 인원들과도 금방 어울려 팀 분위기를 부드럽게 만들어 주었습니다. 막힌 이슈를 작은 단위로 쪼개 가설을 검증하는 방식으로 해결 시간을 크게 단축했습니다. 그 밖에도 위기대응 측면에서 좋은 모습을 보였습니다.,변경 사항 문서화가 늦어 인수인계 때 다시 확인해야 하는 일이 있었습니다.
R000083,2025H1,X-0027,DP0022,DP0020,2025-06-20,금융사 가 데이터 마트 구축 업무에서 함께 일하며 많은 도움을 받았습니다. 처음 접한 SQL도 짧은 시간에 익혀 바로 실무에 적용했습니다. 주니어의 코드 리뷰에 이유까지 설명해 주어 팀의 성장에 기여했습니다. 막힌 이슈를 작은 단위로 쪼개 가설을 검증하는 방식으로 해결 시간을 크게 단축했습니다.,변경 사항 문서화가 늦어 인수인계 때 다시 확인해야 하는 일이 있었습니다. 또한 전문성 측면도 보완하면 더 좋겠습니다.
R000084,2025H1,X-0072,DP0095,DP0020,2025-06-20,공공기관 기 공공데이터 개방 플랫폼 구축을(를) 진행하는 동안 공공 고객 환경을 잘 이해하고 안정적으로 수행했습니다. 고객의 급한 요청에도 차분하게 대응해 신뢰를 얻었고 추가 요구 협상도 잘 이끌었습니다. Data Lake & Data Catalog 분야의 깊은 전문성으로 설계 단계에서 기술적 리스크를 먼저 짚어 냈습니다.,"변경 사항 문서화가 늦어 인수인계 때 다시 확인해야 하는 일이 있었습니다. 또한 협업, 창의성 측면도 보완하면 더 좋겠습니다."
R000085,2025H1,X-0072,DP0083,DP0020,2025-06-20,공공기관 기 공공데이터 개방 플랫폼 구축 업무에서 함께 일하며 많은 도움을 받았습니다. 변경 이력과 의사결정 배경을 꾸준히 기록해 고객 보고에 큰 도움이 되었습니다. 작업량을 현실적으로 추정해 일정 계획의 정확도를 높였습니다.,기존 방식에 익숙해 새로운 대안을 검토하는 데는 소극적이었습니다. 또한 협업 측면도 보완하면 더 좋겠습니다.
R000086,2025H1,X-0072,DP0092,DP0020,2025-06-20,공공기관 기 공공데이터 개방 플랫폼 구축 수행 기간 동안 팀의 핵심 인력으로 활약했습니다. 신규 인원에게 업무 맥락을 차근차근 설명해 적응 기간을 크게 줄여 주었습니다.,본인 범위에 집중하다 보니 다른 파트와의 연계가 늦어지는 경우가 있었습니다. 또한 문서화 측면도 보완하면 더 좋겠습니다.
R000087,2025H1,X-0027,DP0057,DP0020,2025-06-20,금융사 가 데이터 마트 구축 업무에서 함께 일하며 많은 도움을 받았습니다. 처음 합류한 인원들과도 금방 어울려 팀 분위기를 부드럽게 만들어 주었습니다.,본인 범위에 집중하다 보니 다른 파트와의 연계가 늦어지는 경우가 있었습니다. 또한 문서화 측면도 보완하면 더 좋겠습니다.
R000088,2025H1,X-0027,DP0074,DP0020,2025-06-20,금융사 가 데이터 마트 구축을(를) 진행하는 동안 금융 고객 환경을 잘 이해하고 안정적으로 수행했습니다. 고객의 급한 요청에도 차분하게 대응해 신뢰를 얻었고 추가 요구 협상도 잘 이끌었습니다. 마일스톤별 위험 요소를 미리 관리해 적재 파이프라인 일정을 한 번도 놓치지 않았습니다.,"본인 범위에 집중하다 보니 다른 파트와의 연계가 늦어지는 경우가 있었습니다. 또한 전문성, 문서화 측면도 보완하면 더 좋겠습니다."
R000089,2025H1,X-0100,DP0039,DP0021,2025-06-20,금융사 카 비정형 문서 메타데이터 전환 업무에서 함께 일하며 많은 도움을 받았습니다. 운영 중 긴급 장애가 났을 때 침착하게 상황을 정리하고 복구를 주도했습니다. 다른 파트의 일정까지 살피며 먼저 도움을 제안해 팀 전체 속도를 끌어올렸습니다. 기존 방식에 얽매이지 않는 대안을 제시해 적재 파이프라인의 처리 속도를 크게 개선했습니다. 개선 아이디어를 적극적으로 제안하고 직접 시범 적용까지 해 보였습니다.,새 기술 도입에 시간이 다소 걸려 초기 일정에 부담이 있었습니다.
R000090,2025H1,X-0100,DP0050,DP0021,2025-06-20,금융사 카 비정형 문서 메타데이터 전환 수행 기간 동안 팀의 핵심 인력으로 활약했습니다. 회의 때마다 쟁점을 쉽게 정리해 이해관계자들의 합의를 빠르게 이끌었습니다. 코드 리뷰에서 품질 기준을 일관되게 지켜 팀의 결과물 수준을 끌어올렸습니다. 제약이 많은 상황에서도 새로운 접근을 찾아내 고객의 호평을 받았습니다. 새로운 요구가 생기면 먼저 손을 들고 나서서 초기 검토를 맡아 주었습니다. 그 밖에도 협업 측면에서 좋은 모습을 보였습니다.,작업량 추정이 낙관적이어서 일정이 밀린 적이 몇 번 있었습니다.
R000091,2025H1,X-0100,DP0033,DP0021,2025-06-20,금융사 카 비정형 문서 메타데이터 전환 수행 기간 동안 팀의 핵심 인력으로 활약했습니다. 테스트 기준을 스스로 높게 잡아 운영 이관 후 장애가 거의 없었습니다. 기존 방식에 얽매이지 않는 대안을 제시해 적재 파이프라인의 처리 속도를 크게 개선했습니다. 고객사와 개발팀 사이에서 요구사항을 명확히 전달해 재작업을 크게 줄였습니다. 개선 아이디어를 적극적으로 제안하고 직접 시범 적용까지 해 보였습니다.,본인 범위에 집중하다 보니 다른 파트와의 연계가 늦어지는 경우가 있었습니다.
R000092,2025H1,X-0003,DP0006,DP0021,2025-06-20,계열사 H 데이터 거버넌스 구축을(를) 진행하는 동안 그룹사(대내) 고객 환경을 잘 이해하고 안정적으로 수행했습니다. 파트 리더으로서 팀원 각자의 역량을 파악해 일을 배분하고 끝까지 이끄는 리더십이 뛰어났습니다. 처음 합류한 인원들과도 금방 어울려 팀 분위기를 부드럽게 만들어 주었습니다. 다른 파트의 일정까지 살피며 먼저 도움을 제안해 팀 전체 속도를 끌어올렸습니다. 검색엔진 노하우를 문서와 짧은 세션으로 공유해 팀 전체의 수준을 끌어올렸습니다. 그 밖에도 위기대응 측면에서 좋은 모습을 보였습니다.,새로운 과제에는 먼저 나서기보다 지켜보는 편이라 조금 더 적극적이면 좋겠습니다.
R000093,2025H1,X-0100,DP0022,DP0021,2025-06-20,금융사 카 비정형 문서 메타데이터 전환 업무에서 함께 일하며 많은 도움을 받았습니다. 회의 때마다 쟁점을 쉽게 정리해 이해관계자들의 합의를 빠르게 이끌었습니다. 데이터·개발·운영 담당 사이의 연결고리 역할을 맡아 협업 병목을 풀어 주었습니다. 코드 리뷰에서 품질 기준을 일관되게 지켜 팀의 결과물 수준을 끌어올렸습니다. 새로운 요구가 생기면 먼저 손을 들고 나서서 초기 검토를 맡아 주었습니다. 그 밖에도 기술공유 측면에서 좋은 모습을 보였습니다.,반복 점검 업무를 마감 직전까지 미루는 경우가 있어 꾸준함이 조금 아쉬웠습니다.
R000094,2025H1,X-0100,DP0098,DP0021,2025-06-20,금융사 카 비정형 문서 메타데이터 전환 수행 기간 동안 팀의 핵심 인력으로 활약했습니다. 기존 방식에 얽매이지 않는 대안을 제시해 적재 파이프라인의 처리 속도를 크게 개선했습니다. 다른 파트의 일정까지 살피며 먼저 도움을 제안해 팀 전체 속도를 끌어올렸습니다. 신규 인원에게 업무 맥락을 차근차근 설명해 적응 기간을 크게 줄여 주었습니다. 회의 때마다 쟁점을 쉽게 정리해 이해관계자들의 합의를 빠르게 이끌었습니다. 그 밖에도 품질의식 측면에서 좋은 모습을 보였습니다.,세부 설정값 검토가 빠져 배포 후 수정이 생긴 적이 있었습니다.
R000095,2025H1,X-0027,DP0096,DP0022,2025-06-20,금융사 가 데이터 마트 구축을(를) 진행하는 동안 금융 고객 환경을 잘 이해하고 안정적으로 수행했습니다. 적재 파이프라인의 핵심 기능을 직접 설계하며 요구사항을 구조화하는 기획력이 돋보였습니다. 산출물과 설정값을 꼼꼼하게 대조해 배포 전 결함을 여러 건 미리 잡아냈습니다.,반복 점검 업무를 마감 직전까지 미루는 경우가 있어 꾸준함이 조금 아쉬웠습니다.
R000096,2025H1,X-0100,DP0081,DP0022,2025-06-20,금융사 카 비정형 문서 메타데이터 전환 수행 기간 동안 팀의 핵심 인력으로 활약했습니다. 고객의 모호한 요구를 단계별 실행 계획으로 정리해 범위 변경을 줄였습니다. 검수 체크리스트를 촘촘하게 운영해 고객 검수에서 지적이 거의 나오지 않았습니다. 고객의 급한 요청에도 차분하게 대응해 신뢰를 얻었고 추가 요구 협상도 잘 이끌었습니다.,새로 합류한 인원과 거리감이 있어 초기 협업이 다소 더뎠습니다. 또한 문제해결 측면도 보완하면 더 좋겠습니다.
R000097,2025H1,X-0100,DP0100,DP0022,2025-06-20,금융사 카 비정형 문서 메타데이터 전환을(를) 진행하는 동안 금융 고객 환경을 잘 이해하고 안정적으로 수행했습니다. 일정이 흔들릴 때 우선순위를 다시 세우고 팀을 안정적으로 이끌었습니다. 적재 파이프라인의 핵심 기능을 직접 설계하며 요구사항을 구조화하는 기획력이 돋보였습니다. 검수 체크리스트를 촘촘하게 운영해 고객 검수에서 지적이 거의 나오지 않았습니다. 고객사와 개발팀 사이에서 요구사항을 명확히 전달해 재작업을 크게 줄였습니다.,작업량 추정이 낙관적이어서 일정이 밀린 적이 몇 번 있었습니다. 또한 전문성 측면도 보완하면 더 좋겠습니다.
R000098,2025H1,X-0057,DP0094,DP0023,2025-06-20,금융사 카 데이터 마트 구축 수행 기간 동안 팀의 핵심 인력으로 활약했습니다. 고객의 급한 요청에도 차분하게 대응해 신뢰를 얻었고 추가 요구 협상도 잘 이끌었습니다. 문제가 생겼을 때 남에게 미루지 않고 본인 일처럼 책임지고 원인을 정리해 주었습니다.,"긴급 상황에서 우선순위 판단이 늦어 대응이 지연된 적이 있었습니다. 또한 전문성, 소통 측면도 보완하면 더 좋겠습니다."
R000099,2025H1,X-0057,DP0024,DP0023,2025-06-20,금융사 카 데이터 마트 구축 수행 기간 동안 팀의 핵심 인력으로 활약했습니다. 새로운 요구가 생기면 먼저 손을 들고 나서서 초기 검토를 맡아 주었습니다. 적재 파이프라인 중 발생한 복합 장애의 근본 원인을 빠르게 찾아 재발 방지책까지 마련했습니다. 맡은 적재 파이프라인 범위를 끝까지 책임지고 마무리해 팀이 일정 걱정 없이 다음 단계로 넘어갈 수 있었습니다.,SQL 심화 영역에서는 판단 근거가 부족한 경우가 있어 추가 학습이 필요해 보입니다. 또한 창의성 측면도 보완하면 더 좋겠습니다.
R000100,2025H1,X-0057,DP0038,DP0023,2025-06-20,금융사 카 데이터 마트 구축을(를) 진행하는 동안 금융 고객 환경을 잘 이해하고 안정적으로 수행했습니다. 신규 인원에게 업무 맥락을 차근차근 설명해 적응 기간을 크게 줄여 주었습니다. 개선 아이디어를 적극적으로 제안하고 직접 시범 적용까지 해 보였습니다. 적재 파이프라인 중 발생한 복합 장애의 근본 원인을 빠르게 찾아 재발 방지책까지 마련했습니다.,기존 방식에 익숙해 새로운 대안을 검토하는 데는 소극적이었습니다.
R000101,2025H1,X-0057,DP0011,DP0023,2025-06-20,금융사 카 데이터 마트 구축 업무에서 함께 일하며 많은 도움을 받았습니다. 코드 리뷰에서 품질 기준을 일관되게 지켜 팀의 결과물 수준을 끌어올렸습니다.,"긴급 상황에서 우선순위 판단이 늦어 대응이 지연된 적이 있었습니다. 또한 창의성, 문서화 측면도 보완하면 더 좋겠습니다."
R000102,2025H1,X-0057,DP0067,DP0023,2025-06-20,금융사 카 데이터 마트 구축을(를) 진행하는 동안 금융 고객 환경을 잘 이해하고 안정적으로 수행했습니다. 문제가 생겼을 때 남에게 미루지 않고 본인 일처럼 책임지고 원인을 정리해 주었습니다. 고객사 담당자와도 편하게 소통하는 친화력 덕분에 협의가 한결 수월했습니다. 개선 아이디어를 적극적으로 제안하고 직접 시범 적용까지 해 보였습니다.,긴급 상황에서 우선순위 판단이 늦어 대응이 지연된 적이 있었습니다. 또한 창의성 측면도 보완하면 더 좋겠습니다.
R000103,2025H1,X-0057,DP0040,DP0023,2025-06-20,금융사 카 데이터 마트 구축을(를) 진행하는 동안 금융 고객 환경을 잘 이해하고 안정적으로 수행했습니다. 처음 접한 Kafka도 짧은 시간에 익혀 바로 실무에 적용했습니다. 막힌 이슈를 작은 단위로 쪼개 가설을 검증하는 방식으로 해결 시간을 크게 단축했습니다. 문제가 생겼을 때 남에게 미루지 않고 본인 일처럼 책임지고 원인을 정리해 주었습니다.,Kafka 심화 영역에서는 판단 근거가 부족한 경우가 있어 추가 학습이 필요해 보입니다.
R000104,2025H1,X-0057,DP0005,DP0024,2025-06-20,금융사 카 데이터 마트 구축 업무에서 함께 일하며 많은 도움을 받았습니다. 직접 겪은 시행착오를 정리해 공유해 다른 팀원들이 같은 실수를 피할 수 있었습니다. 맡은 적재 파이프라인 범위를 끝까지 책임지고 마무리해 팀이 일정 걱정 없이 다음 단계로 넘어갈 수 있었습니다. 코드 리뷰에서 품질 기준을 일관되게 지켜 팀의 결과물 수준을 끌어올렸습니다. 회의 때마다 쟁점을 쉽게 정리해 이해관계자들의 합의를 빠르게 이끌었습니다.,변경 사항 문서화가 늦어 인수인계 때 다시 확인해야 하는 일이 있었습니다.
R000105,2025H1,X-0057,DP0023,DP0024,2025-06-20,금융사 카 데이터 마트 구축을(를) 진행하는 동안 금융 고객 환경을 잘 이해하고 안정적으로 수행했습니다. 눈에 잘 띄지 않는 적재 파이프라인 작업도 성실하게 처리해 품질 기반을 다져 주었습니다. 코드 리뷰에서 품질 기준을 일관되게 지켜 팀의 결과물 수준을 끌어올렸습니다.,"작업량 추정이 낙관적이어서 일정이 밀린 적이 몇 번 있었습니다. 또한 적극성, 협업 측면도 보완하면 더 좋겠습니다."
R000106,2025H1,X-0057,DP0030,DP0024,2025-06-20,금융사 카 데이터 마트 구축 수행 기간 동안 팀의 핵심 인력으로 활약했습니다. 제약이 많은 상황에서도 새로운 접근을 찾아내 고객의 호평을 받았습니다. 적재 파이프라인 중 발생한 복합 장애의 근본 원인을 빠르게 찾아 재발 방지책까지 마련했습니다. 직접 겪은 시행착오를 정리해 공유해 다른 팀원들이 같은 실수를 피할 수 있었습니다. 맡은 적재 파이프라인 범위를 끝까지 책임지고 마무리해 팀이 일정 걱정 없이 다음 단계로 넘어갈 수 있었습니다.,의견이 엇갈릴 때 방향을 정리해 주는 역할은 조금 더 기대됩니다.
R000107,2025H1,X-0057,DP0014,DP0024,2025-06-20,금융사 카 데이터 마트 구축 수행 기간 동안 팀의 핵심 인력으로 활약했습니다. 작업량을 현실적으로 추정해 일정 계획의 정확도를 높였습니다. 직접 겪은 시행착오를 정리해 공유해 다른 팀원들이 같은 실수를 피할 수 있었습니다.,고객의 갑작스러운 요청에 방어적으로 대응해 협의가 길어진 적이 있었습니다. 또한 리더십 측면도 보완하면 더 좋겠습니다.
R000108,2025H1,X-0057,DP0001,DP0025,2025-06-20,금융사 카 데이터 마트 구축을(를) 진행하는 동안 금융 고객 환경을 잘 이해하고 안정적으로 수행했습니다. 일정이 흔들릴 때 우선순위를 다시 세우고 팀을 안정적으로 이끌었습니다. 고객사 현업 담당자의 불만을 경청하고 대안을 제시해 관계를 개선했습니다. 신규 인원에게 업무 맥락을 차근차근 설명해 적응 기간을 크게 줄여 주었습니다.,메타데이터 관리 심화 영역에서는 판단 근거가 부족한 경우가 있어 추가 학습이 필요해 보입니다. 또한 적극성 측면도 보완하면 더 좋겠습니다.
R000109,2025H1,X-0057,DP0077,DP0025,2025-06-20,금융사 카 데이터 마트 구축을(를) 진행하는 동안 금융 고객 환경을 잘 이해하고 안정적으로 수행했습니다. ETL 노하우를 문서와 짧은 세션으로 공유해 팀 전체의 수준을 끌어올렸습니다. 작업량을 현실적으로 추정해 일정 계획의 정확도를 높였습니다. 일정이 흔들릴 때 우선순위를 다시 세우고 팀을 안정적으로 이끌었습니다. 데이터·개발·운영 담당 사이의 연결고리 역할을 맡아 협업 병목을 풀어 주었습니다. 그 밖에도 문서화 측면에서 좋은 모습을 보였습니다.,고객의 갑작스러운 요청에 방어적으로 대응해 협의가 길어진 적이 있었습니다.
R000110,2025H1,X-0057,DP0014,DP0025,2025-06-20,금융사 카 데이터 마트 구축 업무에서 함께 일하며 많은 도움을 받았습니다. 고객의 모호한 요구를 단계별 실행 계획으로 정리해 범위 변경을 줄였습니다.,세부 설정값 검토가 빠져 배포 후 수정이 생긴 적이 있었습니다.
R000111,2025H1,X-0057,DP0067,DP0025,2025-06-20,금융사 카 데이터 마트 구축 수행 기간 동안 팀의 핵심 인력으로 활약했습니다. 작업량을 현실적으로 추정해 일정 계획의 정확도를 높였습니다. 일정이 흔들릴 때 우선순위를 다시 세우고 팀을 안정적으로 이끌었습니다. 직접 겪은 시행착오를 정리해 공유해 다른 팀원들이 같은 실수를 피할 수 있었습니다. 주니어의 코드 리뷰에 이유까지 설명해 주어 팀의 성장에 기여했습니다.,"새로운 과제에는 먼저 나서기보다 지켜보는 편이라 조금 더 적극적이면 좋겠습니다. 또한 성실, 품질의식 측면도 보완하면 더 좋겠습니다."
R000112,2025H1,X-0006,DP0042,DP0026,2025-06-20,금융사 바2 차세대 데이터 플랫폼 구축을(를) 진행하는 동안 금융 고객 환경을 잘 이해하고 안정적으로 수행했습니다. 메타데이터 설계 중 발생한 복합 장애의 근본 원인을 빠르게 찾아 재발 방지책까지 마련했습니다. 주니어의 코드 리뷰에 이유까지 설명해 주어 팀의 성장에 기여했습니다.,"세부 설정값 검토가 빠져 배포 후 수정이 생긴 적이 있었습니다. 또한 학습력, 문서화 측면도 보완하면 더 좋겠습니다."
R000113,2025H1,X-0072,DP0020,DP0026,2025-06-20,공공기관 기 공공데이터 개방 플랫폼 구축 수행 기간 동안 팀의 핵심 인력으로 활약했습니다. 개방 API 중 발생한 복합 장애의 근본 원인을 빠르게 찾아 재발 방지책까지 마련했습니다. 기존 방식에 얽매이지 않는 대안을 제시해 개방 API의 처리 속도를 크게 개선했습니다. 회의 때마다 쟁점을 쉽게 정리해 이해관계자들의 합의를 빠르게 이끌었습니다.,새 기술 도입에 시간이 다소 걸려 초기 일정에 부담이 있었습니다.
R000114,2025H1,X-0072,DP0032,DP0026,2025-06-20,공공기관 기 공공데이터 개방 플랫폼 구축 업무에서 함께 일하며 많은 도움을 받았습니다. 새 도메인 지식을 빠르게 흡수해 투입 초기부터 제 몫을 해냈습니다. 제약이 많은 상황에서도 새로운 접근을 찾아내 고객의 호평을 받았습니다.,고객의 갑작스러운 요청에 방어적으로 대응해 협의가 길어진 적이 있었습니다. 또한 전문성 측면도 보완하면 더 좋겠습니다.
R000115,2025H1,X-0072,DP0092,DP0026,2025-06-20,공공기관 기 공공데이터 개방 플랫폼 구축 수행 기간 동안 팀의 핵심 인력으로 활약했습니다. 고객사와 개발팀 사이에서 요구사항을 명확히 전달해 재작업을 크게 줄였습니다. 데이터·개발·운영 담당 사이의 연결고리 역할을 맡아 협업 병목을 풀어 주었습니다. 직접 겪은 시행착오를 정리해 공유해 다른 팀원들이 같은 실수를 피할 수 있었습니다.,변경 사항 문서화가 늦어 인수인계 때 다시 확인해야 하는 일이 있었습니다. 또한 품질의식 측면도 보완하면 더 좋겠습니다.
R000116,2025H1,X-0027,DP0076,DP0027,2025-06-20,금융사 가 데이터 마트 구축을(를) 진행하는 동안 금융 고객 환경을 잘 이해하고 안정적으로 수행했습니다. BI Reporting 분야의 깊은 전문성으로 설계 단계에서 기술적 리스크를 먼저 짚어 냈습니다. 신규 인원에게 업무 맥락을 차근차근 설명해 적응 기간을 크게 줄여 주었습니다. 작업량을 현실적으로 추정해 일정 계획의 정확도를 높였습니다.,테스트 범위를 좁게 잡아 회귀 결함이 뒤늦게 발견된 적이 있었습니다. 또한 위기대응 측면도 보완하면 더 좋겠습니다.
R000117,2025H1,X-0027,DP0043,DP0027,2025-06-20,금융사 가 데이터 마트 구축 수행 기간 동안 팀의 핵심 인력으로 활약했습니다. 처음 합류한 인원들과도 금방 어울려 팀 분위기를 부드럽게 만들어 주었습니다. 문제가 생겼을 때 남에게 미루지 않고 본인 일처럼 책임지고 원인을 정리해 주었습니다.,"긴급 상황에서 우선순위 판단이 늦어 대응이 지연된 적이 있었습니다. 또한 꼼꼼함, 품질의식 측면도 보완하면 더 좋겠습니다."
R000118,2025H1,X-0027,DP0006,DP0027,2025-06-20,금융사 가 데이터 마트 구축을(를) 진행하는 동안 금융 고객 환경을 잘 이해하고 안정적으로 수행했습니다. 데이터 모델링 분야의 깊은 전문성으로 설계 단계에서 기술적 리스크를 먼저 짚어 냈습니다.,의견이 엇갈릴 때 방향을 정리해 주는 역할은 조금 더 기대됩니다. 또한 멘토링 측면도 보완하면 더 좋겠습니다.
R000119,2025H1,X-0027,DP0096,DP0027,2025-06-20,금융사 가 데이터 마트 구축 수행 기간 동안 팀의 핵심 인력으로 활약했습니다. 고객의 급한 요청에도 차분하게 대응해 신뢰를 얻었고 추가 요구 협상도 잘 이끌었습니다. 직접 겪은 시행착오를 정리해 공유해 다른 팀원들이 같은 실수를 피할 수 있었습니다. 문제가 생겼을 때 남에게 미루지 않고 본인 일처럼 책임지고 원인을 정리해 주었습니다.,"테스트 범위를 좁게 잡아 회귀 결함이 뒤늦게 발견된 적이 있었습니다. 또한 위기대응, 친화력 측면도 보완하면 더 좋겠습니다."
R000120,2025H1,X-0050,DP0099,DP0028,2025-06-20,계열사 C 데이터 레이크 고도화 업무에서 함께 일하며 많은 도움을 받았습니다. 회의 때마다 쟁점을 쉽게 정리해 이해관계자들의 합의를 빠르게 이끌었습니다. 처음 접한 ETL도 짧은 시간에 익혀 바로 실무에 적용했습니다.,의견이 엇갈릴 때 방향을 정리해 주는 역할은 조금 더 기대됩니다.
R000121,2025H1,X-0006,DP0082,DP0028,2025-06-20,금융사 바2 차세대 데이터 플랫폼 구축 수행 기간 동안 팀의 핵심 인력으로 활약했습니다. 산출물과 설정값을 꼼꼼하게 대조해 배포 전 결함을 여러 건 미리 잡아냈습니다. 고객사와 개발팀 사이에서 요구사항을 명확히 전달해 재작업을 크게 줄였습니다. 작업량을 현실적으로 추정해 일정 계획의 정확도를 높였습니다. 새 도메인 지식을 빠르게 흡수해 투입 초기부터 제 몫을 해냈습니다.,알고 있는 노하우를 팀에 공유하는 빈도가 낮아 지식이 한 사람에게 몰렸습니다.
R000122,2025H1,X-0006,DP0037,DP0028,2025-06-20,금융사 바2 차세대 데이터 플랫폼 구축 업무에서 함께 일하며 많은 도움을 받았습니다. 작업량을 현실적으로 추정해 일정 계획의 정확도를 높였습니다. 처음 접한 ETL도 짧은 시간에 익혀 바로 실무에 적용했습니다. 회의 때마다 쟁점을 쉽게 정리해 이해관계자들의 합의를 빠르게 이끌었습니다. 매일 진행 상황을 꾸준히 공유하고 반복 점검 업무도 빠짐없이 챙겨 신뢰가 갔습니다.,긴급 상황에서 우선순위 판단이 늦어 대응이 지연된 적이 있었습니다. 또한 협업 측면도 보완하면 더 좋겠습니다.
R000123,2025H1,X-0006,DP0042,DP0028,2025-06-20,금융사 바2 차세대 데이터 플랫폼 구축 업무에서 함께 일하며 많은 도움을 받았습니다. Text Analysis 관련 이슈가 생길 때마다 정확한 판단으로 해결 방향을 제시해 팀의 기준점이 되었습니다. 운영 중 긴급 장애가 났을 때 침착하게 상황을 정리하고 복구를 주도했습니다. 마일스톤별 위험 요소를 미리 관리해 메타데이터 설계 일정을 한 번도 놓치지 않았습니다. 눈에 잘 띄지 않는 메타데이터 설계 작업도 성실하게 처리해 품질 기반을 다져 주었습니다.,알고 있는 노하우를 팀에 공유하는 빈도가 낮아 지식이 한 사람에게 몰렸습니다.
R000124,2025H1,X-0050,DP0008,DP0028,2025-06-20,계열사 C 데이터 레이크 고도화 수행 기간 동안 팀의 핵심 인력으로 활약했습니다. 눈에 잘 띄지 않는 카탈로그 구축 작업도 성실하게 처리해 품질 기반을 다져 주었습니다. 고객의 모호한 요구를 단계별 실행 계획으로 정리해 범위 변경을 줄였습니다. 새 도메인 지식을 빠르게 흡수해 투입 초기부터 제 몫을 해냈습니다. 고객사와 개발팀 사이에서 요구사항을 명확히 전달해 재작업을 크게 줄였습니다.,본인 범위에 집중하다 보니 다른 파트와의 연계가 늦어지는 경우가 있었습니다.
R000125,2025H1,X-0006,DP0055,DP0029,2025-06-20,금융사 바2 차세대 데이터 플랫폼 구축 수행 기간 동안 팀의 핵심 인력으로 활약했습니다. 다른 파트의 일정까지 살피며 먼저 도움을 제안해 팀 전체 속도를 끌어올렸습니다. 일정이 흔들릴 때 우선순위를 다시 세우고 팀을 안정적으로 이끌었습니다. 산출물과 설정값을 꼼꼼하게 대조해 배포 전 결함을 여러 건 미리 잡아냈습니다. 기존 방식에 얽매이지 않는 대안을 제시해 메타데이터 설계의 처리 속도를 크게 개선했습니다. 그 밖에도 품질의식 측면에서 좋은 모습을 보였습니다.,고객의 갑작스러운 요청에 방어적으로 대응해 협의가 길어진 적이 있었습니다.
R000126,2025H1,X-0072,DP0095,DP0029,2025-06-20,공공기관 기 공공데이터 개방 플랫폼 구축 수행 기간 동안 팀의 핵심 인력으로 활약했습니다. 테스트 기준을 스스로 높게 잡아 운영 이관 후 장애가 거의 없었습니다. 작업량을 현실적으로 추정해 일정 계획의 정확도를 높였습니다. 제약이 많은 상황에서도 새로운 접근을 찾아내 고객의 호평을 받았습니다. 데이터·개발·운영 담당 사이의 연결고리 역할을 맡아 협업 병목을 풀어 주었습니다.,요구사항을 구조화하기 전에 구현부터 시작하는 경우가 있어 사전 기획을 보완하면 좋겠습니다.
R000127,2025H1,X-0072,DP0093,DP0029,2025-06-20,공공기관 기 공공데이터 개방 플랫폼 구축 업무에서 함께 일하며 많은 도움을 받았습니다. 마일스톤별 위험 요소를 미리 관리해 개방 API 일정을 한 번도 놓치지 않았습니다. 설계 의도와 운영 절차를 잘 정리해 두어 인수인계가 매끄러웠습니다. 데이터·개발·운영 담당 사이의 연결고리 역할을 맡아 협업 병목을 풀어 주었습니다. 제약이 많은 상황에서도 새로운 접근을 찾아내 고객의 호평을 받았습니다. 그 밖에도 품질의식 측면에서 좋은 모습을 보였습니다.,SQL 심화 영역에서는 판단 근거가 부족한 경우가 있어 추가 학습이 필요해 보입니다.
R000128,2025H1,X-0094,DP0100,DP0030,2025-06-20,계열사 S 데이터 거버넌스 구축 업무에서 함께 일하며 많은 도움을 받았습니다. 배치 운영 중 발생한 복합 장애의 근본 원인을 빠르게 찾아 재발 방지책까지 마련했습니다. 일정이 흔들릴 때 우선순위를 다시 세우고 팀을 안정적으로 이끌었습니다. 테스트 기준을 스스로 높게 잡아 운영 이관 후 장애가 거의 없었습니다.,새로 합류한 인원과 거리감이 있어 초기 협업이 다소 더뎠습니다. 또한 멘토링 측면도 보완하면 더 좋겠습니다.
R000129,2025H1,X-0094,DP0041,DP0030,2025-06-20,계열사 S 데이터 거버넌스 구축 업무에서 함께 일하며 많은 도움을 받았습니다. 주니어의 코드 리뷰에 이유까지 설명해 주어 팀의 성장에 기여했습니다. 배치 운영 중 발생한 복합 장애의 근본 원인을 빠르게 찾아 재발 방지책까지 마련했습니다. 테스트 기준을 스스로 높게 잡아 운영 이관 후 장애가 거의 없었습니다.,"새로 합류한 인원과 거리감이 있어 초기 협업이 다소 더뎠습니다. 또한 일정관리, 리더십 측면도 보완하면 더 좋겠습니다."
R000130,2025H1,X-0057,DP0025,DP0030,2025-06-20,금융사 카 데이터 마트 구축 업무에서 함께 일하며 많은 도움을 받았습니다. 일정이 크게 흔들린 시점에 대응 계획을 빠르게 세워 위기를 넘겼습니다. 고객의 모호한 요구를 단계별 실행 계획으로 정리해 범위 변경을 줄였습니다.,"의견이 엇갈릴 때 방향을 정리해 주는 역할은 조금 더 기대됩니다. 또한 멘토링, 친화력 측면도 보완하면 더 좋겠습니다."
R000131,2025H1,X-0057,DP0048,DP0030,2025-06-20,금융사 카 데이터 마트 구축 업무에서 함께 일하며 많은 도움을 받았습니다. 고객사 현업 담당자의 불만을 경청하고 대안을 제시해 관계를 개선했습니다. 검수 체크리스트를 촘촘하게 운영해 고객 검수에서 지적이 거의 나오지 않았습니다. 회의 때마다 쟁점을 쉽게 정리해 이해관계자들의 합의를 빠르게 이끌었습니다.,새로 합류한 인원과 거리감이 있어 초기 협업이 다소 더뎠습니다. 또한 일정관리 측면도 보완하면 더 좋겠습니다.
R000132,2025H1,X-0094,DP0016,DP0030,2025-06-20,계열사 S 데이터 거버넌스 구축을(를) 진행하는 동안 그룹사(대내) 고객 환경을 잘 이해하고 안정적으로 수행했습니다. Spark 분야의 깊은 전문성으로 설계 단계에서 기술적 리스크를 먼저 짚어 냈습니다. 운영 중 긴급 장애가 났을 때 침착하게 상황을 정리하고 복구를 주도했습니다. 제약이 많은 상황에서도 새로운 접근을 찾아내 고객의 호평을 받았습니다.,다만 경계가 애매한 업무는 먼저 맡으려 하지 않는 경우가 있어 주인 의식을 조금 더 보여 주면 좋겠습니다.
R000133,2025H1,X-0057,DP0094,DP0031,2025-06-20,금융사 카 데이터 마트 구축 수행 기간 동안 팀의 핵심 인력으로 활약했습니다. 막힌 이슈를 작은 단위로 쪼개 가설을 검증하는 방식으로 해결 시간을 크게 단축했습니다. 회의 때마다 쟁점을 쉽게 정리해 이해관계자들의 합의를 빠르게 이끌었습니다. Kubernetes 노하우를 문서와 짧은 세션으로 공유해 팀 전체의 수준을 끌어올렸습니다. 변경 이력과 의사결정 배경을 꾸준히 기록해 고객 보고에 큰 도움이 되었습니다. 그 밖에도 꼼꼼함 측면에서 좋은 모습을 보였습니다.,작업량 추정이 낙관적이어서 일정이 밀린 적이 몇 번 있었습니다.
R000134,2025H1,X-0057,DP0024,DP0031,2025-06-20,금융사 카 데이터 마트 구축을(를) 진행하는 동안 금융 고객 환경을 잘 이해하고 안정적으로 수행했습니다. 테스트 기준을 스스로 높게 잡아 운영 이관 후 장애가 거의 없었습니다. 회의 때마다 쟁점을 쉽게 정리해 이해관계자들의 합의를 빠르게 이끌었습니다. 새 도메인 지식을 빠르게 흡수해 투입 초기부터 제 몫을 해냈습니다. 설계 의도와 운영 절차를 잘 정리해 두어 인수인계가 매끄러웠습니다.,의견이 엇갈릴 때 방향을 정리해 주는 역할은 조금 더 기대됩니다. 또한 창의성 측면도 보완하면 더 좋겠습니다.
R000135,2025H1,X-0057,DP0011,DP0031,2025-06-20,금융사 카 데이터 마트 구축 수행 기간 동안 팀의 핵심 인력으로 활약했습니다. 회의 때마다 쟁점을 쉽게 정리해 이해관계자들의 합의를 빠르게 이끌었습니다. Kafka 노하우를 문서와 짧은 세션으로 공유해 팀 전체의 수준을 끌어올렸습니다.,새 기술 도입에 시간이 다소 걸려 초기 일정에 부담이 있었습니다. 또한 책임감 측면도 보완하면 더 좋겠습니다.
R000136,2025H1,X-0057,DP0014,DP0031,2025-06-20,금융사 카 데이터 마트 구축 업무에서 함께 일하며 많은 도움을 받았습니다. 검수 체크리스트를 촘촘하게 운영해 고객 검수에서 지적이 거의 나오지 않았습니다.,"다만 경계가 애매한 업무는 먼저 맡으려 하지 않는 경우가 있어 주인 의식을 조금 더 보여 주면 좋겠습니다. 또한 리더십, 학습력 측면도 보완하면 더 좋겠습니다."
R000137,2025H1,X-0057,DP0001,DP0031,2025-06-20,금융사 카 데이터 마트 구축 수행 기간 동안 팀의 핵심 인력으로 활약했습니다. 적재 파이프라인 중 발생한 복합 장애의 근본 원인을 빠르게 찾아 재발 방지책까지 마련했습니다. 직접 겪은 시행착오를 정리해 공유해 다른 팀원들이 같은 실수를 피할 수 있었습니다. 설계 의도와 운영 절차를 잘 정리해 두어 인수인계가 매끄러웠습니다. 회의 때마다 쟁점을 쉽게 정리해 이해관계자들의 합의를 빠르게 이끌었습니다. 그 밖에도 꼼꼼함 측면에서 좋은 모습을 보였습니다.,작업량 추정이 낙관적이어서 일정이 밀린 적이 몇 번 있었습니다.
R000138,2025H1,X-0072,DP0083,DP0032,2025-06-20,공공기관 기 공공데이터 개방 플랫폼 구축 수행 기간 동안 팀의 핵심 인력으로 활약했습니다. 매일 진행 상황을 꾸준히 공유하고 반복 점검 업무도 빠짐없이 챙겨 신뢰가 갔습니다. 코드 리뷰에서 품질 기준을 일관되게 지켜 팀의 결과물 수준을 끌어올렸습니다. 직접 겪은 시행착오를 정리해 공유해 다른 팀원들이 같은 실수를 피할 수 있었습니다.,세부 설정값 검토가 빠져 배포 후 수정이 생긴 적이 있었습니다. 또한 기획력 측면도 보완하면 더 좋겠습니다.
R000139,2025H1,X-0073,DP0097,DP0032,2025-06-20,계열사 T 데이터 레이크 고도화 업무에서 함께 일하며 많은 도움을 받았습니다. 테스트 기준을 스스로 높게 잡아 운영 이관 후 장애가 거의 없었습니다. 마일스톤별 위험 요소를 미리 관리해 데이터 표준화 일정을 한 번도 놓치지 않았습니다.,"세부 설정값 검토가 빠져 배포 후 수정이 생긴 적이 있었습니다. 또한 고객대응, 기획력 측면도 보완하면 더 좋겠습니다."
R000140,2025H1,X-0072,DP0044,DP0032,2025-06-20,공공기관 기 공공데이터 개방 플랫폼 구축을(를) 진행하는 동안 공공 고객 환경을 잘 이해하고 안정적으로 수행했습니다. 회의 때마다 쟁점을 쉽게 정리해 이해관계자들의 합의를 빠르게 이끌었습니다. 코드 리뷰에서 품질 기준을 일관되게 지켜 팀의 결과물 수준을 끌어올렸습니다. 새로운 요구가 생기면 먼저 손을 들고 나서서 초기 검토를 맡아 주었습니다.,고객의 갑작스러운 요청에 방어적으로 대응해 협의가 길어진 적이 있었습니다. 또한 기획력 측면도 보완하면 더 좋겠습니다.
R000141,2025H1,X-0072,DP0026,DP0032,2025-06-20,공공기관 기 공공데이터 개방 플랫폼 구축 수행 기간 동안 팀의 핵심 인력으로 활약했습니다. 마일스톤별 위험 요소를 미리 관리해 개방 API 일정을 한 번도 놓치지 않았습니다. 데이터 모델링 분야의 깊은 전문성으로 설계 단계에서 기술적 리스크를 먼저 짚어 냈습니다. 주니어의 코드 리뷰에 이유까지 설명해 주어 팀의 성장에 기여했습니다. 회의 때마다 쟁점을 쉽게 정리해 이해관계자들의 합의를 빠르게 이끌었습니다.,알고 있는 노하우를 팀에 공유하는 빈도가 낮아 지식이 한 사람에게 몰렸습니다.
R000142,2025H1,X-0006,DP0026,DP0033,2025-06-20,금융사 바2 차세대 데이터 플랫폼 구축 수행 기간 동안 팀의 핵심 인력으로 활약했습니다. 산출물과 설정값을 꼼꼼하게 대조해 배포 전 결함을 여러 건 미리 잡아냈습니다. 검색엔진 분야의 깊은 전문성으로 설계 단계에서 기술적 리스크를 먼저 짚어 냈습니다. 고객사 담당자와도 편하게 소통하는 친화력 덕분에 협의가 한결 수월했습니다. 다른 파트의 일정까지 살피며 먼저 도움을 제안해 팀 전체 속도를 끌어올렸습니다.,새 기술 도입에 시간이 다소 걸려 초기 일정에 부담이 있었습니다. 또한 문서화 측면도 보완하면 더 좋겠습니다.
R000143,2025H1,X-0100,DP0018,DP0033,2025-06-20,금융사 카 비정형 문서 메타데이터 전환을(를) 진행하는 동안 금융 고객 환경을 잘 이해하고 안정적으로 수행했습니다. 막힌 이슈를 작은 단위로 쪼개 가설을 검증하는 방식으로 해결 시간을 크게 단축했습니다.,새 기술 도입에 시간이 다소 걸려 초기 일정에 부담이 있었습니다. 또한 고객대응 측면도 보완하면 더 좋겠습니다.
R000144,2025H1,X-0100,DP0093,DP0033,2025-06-20,금융사 카 비정형 문서 메타데이터 전환을(를) 진행하는 동안 금융 고객 환경을 잘 이해하고 안정적으로 수행했습니다. Text Analysis 관련 이슈가 생길 때마다 정확한 판단으로 해결 방향을 제시해 팀의 기준점이 되었습니다. 산출물과 설정값을 꼼꼼하게 대조해 배포 전 결함을 여러 건 미리 잡아냈습니다. 막힌 이슈를 작은 단위로 쪼개 가설을 검증하는 방식으로 해결 시간을 크게 단축했습니다. 적재 파이프라인의 핵심 기능을 직접 설계하며 요구사항을 구조화하는 기획력이 돋보였습니다.,본인 범위에 집중하다 보니 다른 파트와의 연계가 늦어지는 경우가 있었습니다.
R000145,2025H1,X-0006,DP0073,DP0033,2025-06-20,금융사 바2 차세대 데이터 플랫폼 구축 업무에서 함께 일하며 많은 도움을 받았습니다. 산출물과 설정값을 꼼꼼하게 대조해 배포 전 결함을 여러 건 미리 잡아냈습니다.,"변경 사항 문서화가 늦어 인수인계 때 다시 확인해야 하는 일이 있었습니다. 또한 소통, 학습력 측면도 보완하면 더 좋겠습니다."
R000146,2025H1,X-0006,DP0069,DP0033,2025-06-20,금융사 바2 차세대 데이터 플랫폼 구축 업무에서 함께 일하며 많은 도움을 받았습니다. 검수 체크리스트를 촘촘하게 운영해 고객 검수에서 지적이 거의 나오지 않았습니다. 메타데이터 설계 중 발생한 복합 장애의 근본 원인을 빠르게 찾아 재발 방지책까지 마련했습니다. 고객사 담당자와도 편하게 소통하는 친화력 덕분에 협의가 한결 수월했습니다.,변경 사항 문서화가 늦어 인수인계 때 다시 확인해야 하는 일이 있었습니다.
R000147,2025H1,X-0006,DP0029,DP0033,2025-06-20,금융사 바2 차세대 데이터 플랫폼 구축 수행 기간 동안 팀의 핵심 인력으로 활약했습니다. 처음 합류한 인원들과도 금방 어울려 팀 분위기를 부드럽게 만들어 주었습니다. 메타데이터 설계 중 발생한 복합 장애의 근본 원인을 빠르게 찾아 재발 방지책까지 마련했습니다.,"주니어에게 피드백을 줄 때 이유 설명이 짧아 학습 효과가 제한적이었습니다. 또한 학습력, 협업 측면도 보완하면 더 좋겠습니다."
R000148,2025H1,X-0100,DP0039,DP0034,2025-06-20,금융사 카 비정형 문서 메타데이터 전환을(를) 진행하는 동안 금융 고객 환경을 잘 이해하고 안정적으로 수행했습니다. 적재 파이프라인 중 발생한 복합 장애의 근본 원인을 빠르게 찾아 재발 방지책까지 마련했습니다. 새 도메인 지식을 빠르게 흡수해 투입 초기부터 제 몫을 해냈습니다.,주니어에게 피드백을 줄 때 이유 설명이 짧아 학습 효과가 제한적이었습니다. 또한 친화력 측면도 보완하면 더 좋겠습니다.
R000149,2025H1,X-0072,DP0049,DP0034,2025-06-20,공공기관 기 공공데이터 개방 플랫폼 구축을(를) 진행하는 동안 공공 고객 환경을 잘 이해하고 안정적으로 수행했습니다. Data Lake & Data Catalog 노하우를 문서와 짧은 세션으로 공유해 팀 전체의 수준을 끌어올렸습니다. 개방 API 중 발생한 복합 장애의 근본 원인을 빠르게 찾아 재발 방지책까지 마련했습니다.,"Data Lake & Data Catalog 심화 영역에서는 판단 근거가 부족한 경우가 있어 추가 학습이 필요해 보입니다. 또한 책임감, 멘토링, 고객대응 측면도 보완하면 더 좋겠습니다."
R000150,2025H1,X-0001,DP0004,DP0034,2025-06-20,금융사 가2 비정형 문서 메타데이터 전환 수행 기간 동안 팀의 핵심 인력으로 활약했습니다. 테스트 기준을 스스로 높게 잡아 운영 이관 후 장애가 거의 없었습니다. 메타데이터 설계 중 발생한 복합 장애의 근본 원인을 빠르게 찾아 재발 방지책까지 마련했습니다.,새 기술 도입에 시간이 다소 걸려 초기 일정에 부담이 있었습니다. 또한 고객대응 측면도 보완하면 더 좋겠습니다.
R000151,2025H1,X-0001,DP0008,DP0034,2025-06-20,금융사 가2 비정형 문서 메타데이터 전환 업무에서 함께 일하며 많은 도움을 받았습니다. 핵심 담당자으로서 팀원 각자의 역량을 파악해 일을 배분하고 끝까지 이끄는 리더십이 뛰어났습니다. 새 도메인 지식을 빠르게 흡수해 투입 초기부터 제 몫을 해냈습니다. 막힌 이슈를 작은 단위로 쪼개 가설을 검증하는 방식으로 해결 시간을 크게 단축했습니다.,"알고 있는 노하우를 팀에 공유하는 빈도가 낮아 지식이 한 사람에게 몰렸습니다. 또한 멘토링, 책임감, 전문성 측면도 보완하면 더 좋겠습니다."
R000152,2025H1,X-0001,DP0086,DP0034,2025-06-20,금융사 가2 비정형 문서 메타데이터 전환 업무에서 함께 일하며 많은 도움을 받았습니다. 설계 의도와 운영 절차를 잘 정리해 두어 인수인계가 매끄러웠습니다. 일정이 흔들릴 때 우선순위를 다시 세우고 팀을 안정적으로 이끌었습니다. 검수 체크리스트를 촘촘하게 운영해 고객 검수에서 지적이 거의 나오지 않았습니다.,다만 경계가 애매한 업무는 먼저 맡으려 하지 않는 경우가 있어 주인 의식을 조금 더 보여 주면 좋겠습니다.
R000153,2025H1,X-0100,DP0093,DP0035,2025-06-20,금융사 카 비정형 문서 메타데이터 전환 업무에서 함께 일하며 많은 도움을 받았습니다. 기존 방식에 얽매이지 않는 대안을 제시해 적재 파이프라인의 처리 속도를 크게 개선했습니다. 맡은 적재 파이프라인 범위를 끝까지 책임지고 마무리해 팀이 일정 걱정 없이 다음 단계로 넘어갈 수 있었습니다. 새로운 요구가 생기면 먼저 손을 들고 나서서 초기 검토를 맡아 주었습니다. 고객사 담당자와도 편하게 소통하는 친화력 덕분에 협의가 한결 수월했습니다. 그 밖에도 소통 측면에서 좋은 모습을 보였습니다.,긴급 상황에서 우선순위 판단이 늦어 대응이 지연된 적이 있었습니다.
R000154,2025H1,X-0100,DP0034,DP0035,2025-06-20,금융사 카 비정형 문서 메타데이터 전환 수행 기간 동안 팀의 핵심 인력으로 활약했습니다. 회의 때마다 쟁점을 쉽게 정리해 이해관계자들의 합의를 빠르게 이끌었습니다. 기존 방식에 얽매이지 않는 대안을 제시해 적재 파이프라인의 처리 속도를 크게 개선했습니다. 고객의 모호한 요구를 단계별 실행 계획으로 정리해 범위 변경을 줄였습니다. 테스트 기준을 스스로 높게 잡아 운영 이관 후 장애가 거의 없었습니다.,긴급 상황에서 우선순위 판단이 늦어 대응이 지연된 적이 있었습니다. 또한 적극성 측면도 보완하면 더 좋겠습니다.
R000155,2025H1,X-0100,DP0098,DP0035,2025-06-20,금융사 카 비정형 문서 메타데이터 전환 업무에서 함께 일하며 많은 도움을 받았습니다. 마일스톤별 위험 요소를 미리 관리해 적재 파이프라인 일정을 한 번도 놓치지 않았습니다. 처음 접한 검색엔진도 짧은 시간에 익혀 바로 실무에 적용했습니다. 기존 방식에 얽매이지 않는 대안을 제시해 적재 파이프라인의 처리 속도를 크게 개선했습니다.,장애 대응 시 임시 조치에 머무는 경우가 있어 근본 원인 분석까지 이어지면 좋겠습니다. 또한 기획력 측면도 보완하면 더 좋겠습니다.
R000156,2025H1,X-0073,DP0035,DP0036,2025-06-20,계열사 T 데이터 레이크 고도화 수행 기간 동안 팀의 핵심 인력으로 활약했습니다. 고객사 담당자와도 편하게 소통하는 친화력 덕분에 협의가 한결 수월했습니다. 문제가 생겼을 때 남에게 미루지 않고 본인 일처럼 책임지고 원인을 정리해 주었습니다. 코드 리뷰에서 품질 기준을 일관되게 지켜 팀의 결과물 수준을 끌어올렸습니다. 운영 중 긴급 장애가 났을 때 침착하게 상황을 정리하고 복구를 주도했습니다.,본인 범위에 집중하다 보니 다른 파트와의 연계가 늦어지는 경우가 있었습니다.
R000157,2025H1,X-0073,DP0051,DP0036,2025-06-20,계열사 T 데이터 레이크 고도화 수행 기간 동안 팀의 핵심 인력으로 활약했습니다. 운영 중 긴급 장애가 났을 때 침착하게 상황을 정리하고 복구를 주도했습니다. 담당자으로서 팀원 각자의 역량을 파악해 일을 배분하고 끝까지 이끄는 리더십이 뛰어났습니다. 처음 합류한 인원들과도 금방 어울려 팀 분위기를 부드럽게 만들어 주었습니다. 맡은 데이터 표준화 범위를 끝까지 책임지고 마무리해 팀이 일정 걱정 없이 다음 단계로 넘어갈 수 있었습니다. 그 밖에도 품질의식 측면에서 좋은 모습을 보였습니다.,본인 범위에 집중하다 보니 다른 파트와의 연계가 늦어지는 경우가 있었습니다.
R000158,2025H1,X-0001,DP0004,DP0036,2025-06-20,금융사 가2 비정형 문서 메타데이터 전환을(를) 진행하는 동안 금융 고객 환경을 잘 이해하고 안정적으로 수행했습니다. 문제가 생겼을 때 남에게 미루지 않고 본인 일처럼 책임지고 원인을 정리해 주었습니다. 테스트 기준을 스스로 높게 잡아 운영 이관 후 장애가 거의 없었습니다. 개선 아이디어를 적극적으로 제안하고 직접 시범 적용까지 해 보였습니다.,세부 설정값 검토가 빠져 배포 후 수정이 생긴 적이 있었습니다. 또한 기획력 측면도 보완하면 더 좋겠습니다.
R000159,2025H1,X-0001,DP0050,DP0036,2025-06-20,금융사 가2 비정형 문서 메타데이터 전환 업무에서 함께 일하며 많은 도움을 받았습니다. 문제가 생겼을 때 남에게 미루지 않고 본인 일처럼 책임지고 원인을 정리해 주었습니다. 일정이 흔들릴 때 우선순위를 다시 세우고 팀을 안정적으로 이끌었습니다. 검수 체크리스트를 촘촘하게 운영해 고객 검수에서 지적이 거의 나오지 않았습니다. 새로운 요구가 생기면 먼저 손을 들고 나서서 초기 검토를 맡아 주었습니다.,요구사항을 구조화하기 전에 구현부터 시작하는 경우가 있어 사전 기획을 보완하면 좋겠습니다.
R000160,2025H1,X-0020,DP0056,DP0037,2025-06-20,공공기관 무 공공데이터 개방 플랫폼 구축을(를) 진행하는 동안 공공 고객 환경을 잘 이해하고 안정적으로 수행했습니다. ETL 노하우를 문서와 짧은 세션으로 공유해 팀 전체의 수준을 끌어올렸습니다. 눈에 잘 띄지 않는 데이터 정제 작업도 성실하게 처리해 품질 기반을 다져 주었습니다. 고객사 담당자와도 편하게 소통하는 친화력 덕분에 협의가 한결 수월했습니다.,"테스트 범위를 좁게 잡아 회귀 결함이 뒤늦게 발견된 적이 있었습니다. 또한 고객대응, 리더십 측면도 보완하면 더 좋겠습니다."
R000161,2025H1,X-0020,DP0091,DP0037,2025-06-20,공공기관 무 공공데이터 개방 플랫폼 구축 수행 기간 동안 팀의 핵심 인력으로 활약했습니다. 맡은 데이터 정제 범위를 끝까지 책임지고 마무리해 팀이 일정 걱정 없이 다음 단계로 넘어갈 수 있었습니다. 처음 접한 Text Analysis도 짧은 시간에 익혀 바로 실무에 적용했습니다. Text Analysis 노하우를 문서와 짧은 세션으로 공유해 팀 전체의 수준을 끌어올렸습니다.,요구사항을 구조화하기 전에 구현부터 시작하는 경우가 있어 사전 기획을 보완하면 좋겠습니다.
R000162,2025H1,X-0020,DP0089,DP0037,2025-06-20,공공기관 무 공공데이터 개방 플랫폼 구축 업무에서 함께 일하며 많은 도움을 받았습니다. 처음 접한 검색엔진도 짧은 시간에 익혀 바로 실무에 적용했습니다. 고객의 급한 요청에도 차분하게 대응해 신뢰를 얻었고 추가 요구 협상도 잘 이끌었습니다. 설계 의도와 운영 절차를 잘 정리해 두어 인수인계가 매끄러웠습니다. 맡은 데이터 정제 범위를 끝까지 책임지고 마무리해 팀이 일정 걱정 없이 다음 단계로 넘어갈 수 있었습니다.,작업량 추정이 낙관적이어서 일정이 밀린 적이 몇 번 있었습니다.
R000163,2025H1,X-0006,DP0028,DP0037,2025-06-20,금융사 바2 차세대 데이터 플랫폼 구축을(를) 진행하는 동안 금융 고객 환경을 잘 이해하고 안정적으로 수행했습니다. 고객사 담당자와도 편하게 소통하는 친화력 덕분에 협의가 한결 수월했습니다. 일정이 크게 흔들린 시점에 대응 계획을 빠르게 세워 위기를 넘겼습니다. 새로운 요구가 생기면 먼저 손을 들고 나서서 초기 검토를 맡아 주었습니다.,테스트 범위를 좁게 잡아 회귀 결함이 뒤늦게 발견된 적이 있었습니다.
R000164,2025H1,X-0020,DP0099,DP0037,2025-06-20,공공기관 무 공공데이터 개방 플랫폼 구축을(를) 진행하는 동안 공공 고객 환경을 잘 이해하고 안정적으로 수행했습니다. 맡은 데이터 정제 범위를 끝까지 책임지고 마무리해 팀이 일정 걱정 없이 다음 단계로 넘어갈 수 있었습니다. 새 도메인 지식을 빠르게 흡수해 투입 초기부터 제 몫을 해냈습니다. 설계 의도와 운영 절차를 잘 정리해 두어 인수인계가 매끄러웠습니다.,테스트 범위를 좁게 잡아 회귀 결함이 뒤늦게 발견된 적이 있었습니다. 또한 기획력 측면도 보완하면 더 좋겠습니다.
R000165,2025H1,X-0057,DP0011,DP0038,2025-06-20,금융사 카 데이터 마트 구축 업무에서 함께 일하며 많은 도움을 받았습니다. 변경 이력과 의사결정 배경을 꾸준히 기록해 고객 보고에 큰 도움이 되었습니다.,"다만 경계가 애매한 업무는 먼저 맡으려 하지 않는 경우가 있어 주인 의식을 조금 더 보여 주면 좋겠습니다. 또한 고객대응, 리더십, 성실, 협업 측면도 보완하면 더 좋겠습니다."
R000166,2025H1,X-0057,DP0005,DP0038,2025-06-20,금융사 카 데이터 마트 구축 업무에서 함께 일하며 많은 도움을 받았습니다. 산출물과 설정값을 꼼꼼하게 대조해 배포 전 결함을 여러 건 미리 잡아냈습니다.,"고객의 갑작스러운 요청에 방어적으로 대응해 협의가 길어진 적이 있었습니다. 또한 성실, 협업, 책임감 측면도 보완하면 더 좋겠습니다."
R000167,2025H1,X-0057,DP0084,DP0038,2025-06-20,금융사 카 데이터 마트 구축 업무에서 함께 일하며 많은 도움을 받았습니다. 개선 아이디어를 적극적으로 제안하고 직접 시범 적용까지 해 보였습니다. SQL 노하우를 문서와 짧은 세션으로 공유해 팀 전체의 수준을 끌어올렸습니다. 코드 리뷰에서 품질 기준을 일관되게 지켜 팀의 결과물 수준을 끌어올렸습니다.,"고객의 갑작스러운 요청에 방어적으로 대응해 협의가 길어진 적이 있었습니다. 또한 책임감, 성실 측면도 보완하면 더 좋겠습니다."
R000168,2025H1,X-0057,DP0077,DP0038,2025-06-20,금융사 카 데이터 마트 구축 수행 기간 동안 팀의 핵심 인력으로 활약했습니다. 변경 이력과 의사결정 배경을 꾸준히 기록해 고객 보고에 큰 도움이 되었습니다. 눈에 잘 띄지 않는 적재 파이프라인 작업도 성실하게 처리해 품질 기반을 다져 주었습니다.,세부 설정값 검토가 빠져 배포 후 수정이 생긴 적이 있었습니다. 또한 적극성 측면도 보완하면 더 좋겠습니다.
R000169,2025H1,X-0094,DP0016,DP0038,2025-06-20,계열사 S 데이터 거버넌스 구축 수행 기간 동안 팀의 핵심 인력으로 활약했습니다. 코드 리뷰에서 품질 기준을 일관되게 지켜 팀의 결과물 수준을 끌어올렸습니다.,작업량 추정이 낙관적이어서 일정이 밀린 적이 몇 번 있었습니다. 또한 책임감 측면도 보완하면 더 좋겠습니다.
R000170,2025H1,X-0057,DP0001,DP0038,2025-06-20,금융사 카 데이터 마트 구축을(를) 진행하는 동안 금융 고객 환경을 잘 이해하고 안정적으로 수행했습니다. 마일스톤별 위험 요소를 미리 관리해 적재 파이프라인 일정을 한 번도 놓치지 않았습니다. 새로운 요구가 생기면 먼저 손을 들고 나서서 초기 검토를 맡아 주었습니다.,고객의 갑작스러운 요청에 방어적으로 대응해 협의가 길어진 적이 있었습니다. 또한 성실 측면도 보완하면 더 좋겠습니다.
R000171,2025H1,X-0020,DP0072,DP0039,2025-06-20,공공기관 무 공공데이터 개방 플랫폼 구축 업무에서 함께 일하며 많은 도움을 받았습니다. 처음 합류한 인원들과도 금방 어울려 팀 분위기를 부드럽게 만들어 주었습니다. 테스트 기준을 스스로 높게 잡아 운영 이관 후 장애가 거의 없었습니다.,"작업량 추정이 낙관적이어서 일정이 밀린 적이 몇 번 있었습니다. 또한 꼼꼼함, 성실 측면도 보완하면 더 좋겠습니다."
R000172,2025H1,X-0100,DP0093,DP0039,2025-06-20,금융사 카 비정형 문서 메타데이터 전환 수행 기간 동안 팀의 핵심 인력으로 활약했습니다. 새 도메인 지식을 빠르게 흡수해 투입 초기부터 제 몫을 해냈습니다. 고객사 현업 담당자의 불만을 경청하고 대안을 제시해 관계를 개선했습니다. 고객사 담당자와도 편하게 소통하는 친화력 덕분에 협의가 한결 수월했습니다. 테스트 기준을 스스로 높게 잡아 운영 이관 후 장애가 거의 없었습니다.,알고 있는 노하우를 팀에 공유하는 빈도가 낮아 지식이 한 사람에게 몰렸습니다.
R000173,2025H1,X-0100,DP0033,DP0039,2025-06-20,금융사 카 비정형 문서 메타데이터 전환 업무에서 함께 일하며 많은 도움을 받았습니다. 처음 접한 Docker도 짧은 시간에 익혀 바로 실무에 적용했습니다. 고객사 현업 담당자의 불만을 경청하고 대안을 제시해 관계를 개선했습니다. 처음 합류한 인원들과도 금방 어울려 팀 분위기를 부드럽게 만들어 주었습니다. Docker 관련 이슈가 생길 때마다 정확한 판단으로 해결 방향을 제시해 팀의 기준점이 되었습니다.,"작업량 추정이 낙관적이어서 일정이 밀린 적이 몇 번 있었습니다. 또한 성실, 소통 측면도 보완하면 더 좋겠습니다."
R000174,2025H1,X-0057,DP0067,DP0040,2025-06-20,금융사 카 데이터 마트 구축 수행 기간 동안 팀의 핵심 인력으로 활약했습니다. 주니어의 코드 리뷰에 이유까지 설명해 주어 팀의 성장에 기여했습니다. 다른 파트의 일정까지 살피며 먼저 도움을 제안해 팀 전체 속도를 끌어올렸습니다. 담당자으로서 팀원 각자의 역량을 파악해 일을 배분하고 끝까지 이끄는 리더십이 뛰어났습니다.,새로 합류한 인원과 거리감이 있어 초기 협업이 다소 더뎠습니다.
R000175,2025H1,X-0057,DP0098,DP0040,2025-06-20,금융사 카 데이터 마트 구축 수행 기간 동안 팀의 핵심 인력으로 활약했습니다. 신규 인원에게 업무 맥락을 차근차근 설명해 적응 기간을 크게 줄여 주었습니다. 운영 중 긴급 장애가 났을 때 침착하게 상황을 정리하고 복구를 주도했습니다. 고객사 담당자와도 편하게 소통하는 친화력 덕분에 협의가 한결 수월했습니다. 눈에 잘 띄지 않는 적재 파이프라인 작업도 성실하게 처리해 품질 기반을 다져 주었습니다.,"세부 설정값 검토가 빠져 배포 후 수정이 생긴 적이 있었습니다. 또한 문서화, 전문성 측면도 보완하면 더 좋겠습니다."
R000176,2025H1,X-0057,DP0013,DP0040,2025-06-20,금융사 카 데이터 마트 구축 업무에서 함께 일하며 많은 도움을 받았습니다. 코드 리뷰에서 품질 기준을 일관되게 지켜 팀의 결과물 수준을 끌어올렸습니다. 고객의 모호한 요구를 단계별 실행 계획으로 정리해 범위 변경을 줄였습니다.,진행 상황 공유가 늦어 다른 담당자가 뒤늦게 파악하는 일이 있었습니다. 또한 친화력 측면도 보완하면 더 좋겠습니다.
R000177,2025H1,X-0057,DP0090,DP0040,2025-06-20,금융사 카 데이터 마트 구축 업무에서 함께 일하며 많은 도움을 받았습니다. 검색엔진 분야의 깊은 전문성으로 설계 단계에서 기술적 리스크를 먼저 짚어 냈습니다. 담당자으로서 팀원 각자의 역량을 파악해 일을 배분하고 끝까지 이끄는 리더십이 뛰어났습니다.,고객의 갑작스러운 요청에 방어적으로 대응해 협의가 길어진 적이 있었습니다.
R000178,2025H1,X-0057,DP0093,DP0040,2025-06-20,금융사 카 데이터 마트 구축 업무에서 함께 일하며 많은 도움을 받았습니다. 운영 중 긴급 장애가 났을 때 침착하게 상황을 정리하고 복구를 주도했습니다. Python 분야의 깊은 전문성으로 설계 단계에서 기술적 리스크를 먼저 짚어 냈습니다. 담당자으로서 팀원 각자의 역량을 파악해 일을 배분하고 끝까지 이끄는 리더십이 뛰어났습니다. 직접 겪은 시행착오를 정리해 공유해 다른 팀원들이 같은 실수를 피할 수 있었습니다.,새로 합류한 인원과 거리감이 있어 초기 협업이 다소 더뎠습니다.
R000179,2025H1,X-0100,DP0050,DP0041,2025-06-20,금융사 카 비정형 문서 메타데이터 전환 수행 기간 동안 팀의 핵심 인력으로 활약했습니다. 문제가 생겼을 때 남에게 미루지 않고 본인 일처럼 책임지고 원인을 정리해 주었습니다.,"주니어에게 피드백을 줄 때 이유 설명이 짧아 학습 효과가 제한적이었습니다. 또한 문서화, 꼼꼼함 측면도 보완하면 더 좋겠습니다."
R000180,2025H1,X-0100,DP0034,DP0041,2025-06-20,금융사 카 비정형 문서 메타데이터 전환 업무에서 함께 일하며 많은 도움을 받았습니다. 문제가 생겼을 때 남에게 미루지 않고 본인 일처럼 책임지고 원인을 정리해 주었습니다.,"세부 설정값 검토가 빠져 배포 후 수정이 생긴 적이 있었습니다. 또한 문서화, 협업 측면도 보완하면 더 좋겠습니다."
R000181,2025H1,X-0100,DP0042,DP0041,2025-06-20,금융사 카 비정형 문서 메타데이터 전환 업무에서 함께 일하며 많은 도움을 받았습니다. 맡은 적재 파이프라인 범위를 끝까지 책임지고 마무리해 팀이 일정 걱정 없이 다음 단계로 넘어갈 수 있었습니다.,"본인 범위에 집중하다 보니 다른 파트와의 연계가 늦어지는 경우가 있었습니다. 또한 꼼꼼함, 창의성, 적극성 측면도 보완하면 더 좋겠습니다."
R000182,2025H1,X-0100,DP0098,DP0041,2025-06-20,금융사 카 비정형 문서 메타데이터 전환을(를) 진행하는 동안 금융 고객 환경을 잘 이해하고 안정적으로 수행했습니다. 문제가 생겼을 때 남에게 미루지 않고 본인 일처럼 책임지고 원인을 정리해 주었습니다. 직접 겪은 시행착오를 정리해 공유해 다른 팀원들이 같은 실수를 피할 수 있었습니다.,"변경 사항 문서화가 늦어 인수인계 때 다시 확인해야 하는 일이 있었습니다. 또한 멘토링, 꼼꼼함, 협업 측면도 보완하면 더 좋겠습니다."
R000183,2025H1,X-0100,DP0067,DP0041,2025-06-20,금융사 카 비정형 문서 메타데이터 전환 수행 기간 동안 팀의 핵심 인력으로 활약했습니다. 문제가 생겼을 때 남에게 미루지 않고 본인 일처럼 책임지고 원인을 정리해 주었습니다.,"새 기술 도입에 시간이 다소 걸려 초기 일정에 부담이 있었습니다. 또한 친화력, 일정관리, 멘토링 측면도 보완하면 더 좋겠습니다."
R000184,2025H1,X-0006,DP0073,DP0042,2025-06-20,금융사 바2 차세대 데이터 플랫폼 구축 수행 기간 동안 팀의 핵심 인력으로 활약했습니다. 테스트 기준을 스스로 높게 잡아 운영 이관 후 장애가 거의 없었습니다. 막힌 이슈를 작은 단위로 쪼개 가설을 검증하는 방식으로 해결 시간을 크게 단축했습니다.,새로운 과제에는 먼저 나서기보다 지켜보는 편이라 조금 더 적극적이면 좋겠습니다. 또한 문서화 측면도 보완하면 더 좋겠습니다.
R000185,2025H1,X-0100,DP0041,DP0042,2025-06-20,금융사 카 비정형 문서 메타데이터 전환을(를) 진행하는 동안 금융 고객 환경을 잘 이해하고 안정적으로 수행했습니다. 막힌 이슈를 작은 단위로 쪼개 가설을 검증하는 방식으로 해결 시간을 크게 단축했습니다. 고객의 모호한 요구를 단계별 실행 계획으로 정리해 범위 변경을 줄였습니다. 산출물과 설정값을 꼼꼼하게 대조해 배포 전 결함을 여러 건 미리 잡아냈습니다.,고객의 갑작스러운 요청에 방어적으로 대응해 협의가 길어진 적이 있었습니다. 또한 적극성 측면도 보완하면 더 좋겠습니다.
R000186,2025H1,X-0100,DP0050,DP0042,2025-06-20,금융사 카 비정형 문서 메타데이터 전환을(를) 진행하는 동안 금융 고객 환경을 잘 이해하고 안정적으로 수행했습니다. 맡은 적재 파이프라인 범위를 끝까지 책임지고 마무리해 팀이 일정 걱정 없이 다음 단계로 넘어갈 수 있었습니다. 테스트 기준을 스스로 높게 잡아 운영 이관 후 장애가 거의 없었습니다.,기존 방식에 익숙해 새로운 대안을 검토하는 데는 소극적이었습니다.
R000187,2025H1,X-0100,DP0034,DP0042,2025-06-20,금융사 카 비정형 문서 메타데이터 전환 수행 기간 동안 팀의 핵심 인력으로 활약했습니다. 막힌 이슈를 작은 단위로 쪼개 가설을 검증하는 방식으로 해결 시간을 크게 단축했습니다. 검수 체크리스트를 촘촘하게 운영해 고객 검수에서 지적이 거의 나오지 않았습니다.,변경 사항 문서화가 늦어 인수인계 때 다시 확인해야 하는 일이 있었습니다. 또한 적극성 측면도 보완하면 더 좋겠습니다.
R000188,2025H1,X-0100,DP0039,DP0042,2025-06-20,금융사 카 비정형 문서 메타데이터 전환 업무에서 함께 일하며 많은 도움을 받았습니다. 처음 접한 Python도 짧은 시간에 익혀 바로 실무에 적용했습니다. 검수 체크리스트를 촘촘하게 운영해 고객 검수에서 지적이 거의 나오지 않았습니다. 신규 인원에게 업무 맥락을 차근차근 설명해 적응 기간을 크게 줄여 주었습니다.,요구사항을 구조화하기 전에 구현부터 시작하는 경우가 있어 사전 기획을 보완하면 좋겠습니다.
R000189,2025H1,X-0006,DP0070,DP0042,2025-06-20,금융사 바2 차세대 데이터 플랫폼 구축을(를) 진행하는 동안 금융 고객 환경을 잘 이해하고 안정적으로 수행했습니다. 산출물과 설정값을 꼼꼼하게 대조해 배포 전 결함을 여러 건 미리 잡아냈습니다. 코드 리뷰에서 품질 기준을 일관되게 지켜 팀의 결과물 수준을 끌어올렸습니다. 처음 접한 Spark도 짧은 시간에 익혀 바로 실무에 적용했습니다. 막힌 이슈를 작은 단위로 쪼개 가설을 검증하는 방식으로 해결 시간을 크게 단축했습니다.,진행 상황 공유가 늦어 다른 담당자가 뒤늦게 파악하는 일이 있었습니다. 또한 고객대응 측면도 보완하면 더 좋겠습니다.
R000190,2025H1,X-0027,DP0065,DP0043,2025-06-20,금융사 가 데이터 마트 구축 수행 기간 동안 팀의 핵심 인력으로 활약했습니다. 신규 인원에게 업무 맥락을 차근차근 설명해 적응 기간을 크게 줄여 주었습니다. 산출물과 설정값을 꼼꼼하게 대조해 배포 전 결함을 여러 건 미리 잡아냈습니다. 기존 방식에 얽매이지 않는 대안을 제시해 적재 파이프라인의 처리 속도를 크게 개선했습니다. 새 도메인 지식을 빠르게 흡수해 투입 초기부터 제 몫을 해냈습니다.,"알고 있는 노하우를 팀에 공유하는 빈도가 낮아 지식이 한 사람에게 몰렸습니다. 또한 기획력, 책임감 측면도 보완하면 더 좋겠습니다."
R000191,2025H1,X-0027,DP0096,DP0043,2025-06-20,금융사 가 데이터 마트 구축 업무에서 함께 일하며 많은 도움을 받았습니다. 메타데이터 관리 노하우를 문서와 짧은 세션으로 공유해 팀 전체의 수준을 끌어올렸습니다.,"반복 점검 업무를 마감 직전까지 미루는 경우가 있어 꾸준함이 조금 아쉬웠습니다. 또한 친화력, 품질의식 측면도 보완하면 더 좋겠습니다."
R000192,2025H1,X-0027,DP0006,DP0043,2025-06-20,금융사 가 데이터 마트 구축 업무에서 함께 일하며 많은 도움을 받았습니다. 적재 파이프라인 중 발생한 복합 장애의 근본 원인을 빠르게 찾아 재발 방지책까지 마련했습니다.,"새로 합류한 인원과 거리감이 있어 초기 협업이 다소 더뎠습니다. 또한 위기대응, 책임감, 품질의식 측면도 보완하면 더 좋겠습니다."
R000193,2025H1,X-0027,DP0082,DP0043,2025-06-20,금융사 가 데이터 마트 구축을(를) 진행하는 동안 금융 고객 환경을 잘 이해하고 안정적으로 수행했습니다. 다른 파트의 일정까지 살피며 먼저 도움을 제안해 팀 전체 속도를 끌어올렸습니다.,"반복 점검 업무를 마감 직전까지 미루는 경우가 있어 꾸준함이 조금 아쉬웠습니다. 또한 위기대응, 학습력 측면도 보완하면 더 좋겠습니다."
R000194,2025H1,X-0020,DP0072,DP0044,2025-06-20,공공기관 무 공공데이터 개방 플랫폼 구축을(를) 진행하는 동안 공공 고객 환경을 잘 이해하고 안정적으로 수행했습니다. 일정이 크게 흔들린 시점에 대응 계획을 빠르게 세워 위기를 넘겼습니다. 다른 파트의 일정까지 살피며 먼저 도움을 제안해 팀 전체 속도를 끌어올렸습니다. 새 도메인 지식을 빠르게 흡수해 투입 초기부터 제 몫을 해냈습니다. 고객의 급한 요청에도 차분하게 대응해 신뢰를 얻었고 추가 요구 협상도 잘 이끌었습니다.,새로 합류한 인원과 거리감이 있어 초기 협업이 다소 더뎠습니다. 또한 성실 측면도 보완하면 더 좋겠습니다.
R000195,2025H1,X-0072,DP0046,DP0044,2025-06-20,공공기관 기 공공데이터 개방 플랫폼 구축 업무에서 함께 일하며 많은 도움을 받았습니다. 고객의 급한 요청에도 차분하게 대응해 신뢰를 얻었고 추가 요구 협상도 잘 이끌었습니다. 운영 중 긴급 장애가 났을 때 침착하게 상황을 정리하고 복구를 주도했습니다. 검수 체크리스트를 촘촘하게 운영해 고객 검수에서 지적이 거의 나오지 않았습니다.,장애 대응 시 임시 조치에 머무는 경우가 있어 근본 원인 분석까지 이어지면 좋겠습니다. 또한 친화력 측면도 보완하면 더 좋겠습니다.
R000196,2025H1,X-0072,DP0093,DP0044,2025-06-20,공공기관 기 공공데이터 개방 플랫폼 구축을(를) 진행하는 동안 공공 고객 환경을 잘 이해하고 안정적으로 수행했습니다. 다른 파트의 일정까지 살피며 먼저 도움을 제안해 팀 전체 속도를 끌어올렸습니다. 직접 겪은 시행착오를 정리해 공유해 다른 팀원들이 같은 실수를 피할 수 있었습니다. 회의 때마다 쟁점을 쉽게 정리해 이해관계자들의 합의를 빠르게 이끌었습니다. 고객사 현업 담당자의 불만을 경청하고 대안을 제시해 관계를 개선했습니다.,다만 경계가 애매한 업무는 먼저 맡으려 하지 않는 경우가 있어 주인 의식을 조금 더 보여 주면 좋겠습니다.
R000197,2025H1,X-0001,DP0097,DP0045,2025-06-20,금융사 가2 비정형 문서 메타데이터 전환 수행 기간 동안 팀의 핵심 인력으로 활약했습니다. 설계 의도와 운영 절차를 잘 정리해 두어 인수인계가 매끄러웠습니다. Python 노하우를 문서와 짧은 세션으로 공유해 팀 전체의 수준을 끌어올렸습니다.,본인 범위에 집중하다 보니 다른 파트와의 연계가 늦어지는 경우가 있었습니다. 또한 학습력 측면도 보완하면 더 좋겠습니다.
R000198,2025H1,X-0001,DP0078,DP0045,2025-06-20,금융사 가2 비정형 문서 메타데이터 전환 수행 기간 동안 팀의 핵심 인력으로 활약했습니다. 설계 의도와 운영 절차를 잘 정리해 두어 인수인계가 매끄러웠습니다. 마일스톤별 위험 요소를 미리 관리해 메타데이터 설계 일정을 한 번도 놓치지 않았습니다. 운영 중 긴급 장애가 났을 때 침착하게 상황을 정리하고 복구를 주도했습니다.,기존 방식에 익숙해 새로운 대안을 검토하는 데는 소극적이었습니다. 또한 꼼꼼함 측면도 보완하면 더 좋겠습니다.
R000199,2025H1,X-0001,DP0004,DP0045,2025-06-20,금융사 가2 비정형 문서 메타데이터 전환을(를) 진행하는 동안 금융 고객 환경을 잘 이해하고 안정적으로 수행했습니다. 고객의 모호한 요구를 단계별 실행 계획으로 정리해 범위 변경을 줄였습니다. 변경 이력과 의사결정 배경을 꾸준히 기록해 고객 보고에 큰 도움이 되었습니다.,"새 기술 도입에 시간이 다소 걸려 초기 일정에 부담이 있었습니다. 또한 책임감, 창의성, 협업 측면도 보완하면 더 좋겠습니다."
R000200,2025H1,X-0001,DP0008,DP0045,2025-06-20,금융사 가2 비정형 문서 메타데이터 전환을(를) 진행하는 동안 금융 고객 환경을 잘 이해하고 안정적으로 수행했습니다. 설계 의도와 운영 절차를 잘 정리해 두어 인수인계가 매끄러웠습니다. 고객의 모호한 요구를 단계별 실행 계획으로 정리해 범위 변경을 줄였습니다.,새로운 과제에는 먼저 나서기보다 지켜보는 편이라 조금 더 적극적이면 좋겠습니다. 또한 기술공유 측면도 보완하면 더 좋겠습니다.
R000201,2025H1,X-0020,DP0072,DP0046,2025-06-20,공공기관 무 공공데이터 개방 플랫폼 구축 업무에서 함께 일하며 많은 도움을 받았습니다. 마일스톤별 위험 요소를 미리 관리해 데이터 정제 일정을 한 번도 놓치지 않았습니다. 변경 이력과 의사결정 배경을 꾸준히 기록해 고객 보고에 큰 도움이 되었습니다. 데이터 정제 중 발생한 복합 장애의 근본 원인을 빠르게 찾아 재발 방지책까지 마련했습니다. 다른 파트의 일정까지 살피며 먼저 도움을 제안해 팀 전체 속도를 끌어올렸습니다.,주니어에게 피드백을 줄 때 이유 설명이 짧아 학습 효과가 제한적이었습니다. 또한 전문성 측면도 보완하면 더 좋겠습니다.
R000202,2025H1,X-0072,DP0034,DP0046,2025-06-20,공공기관 기 공공데이터 개방 플랫폼 구축 업무에서 함께 일하며 많은 도움을 받았습니다. 막힌 이슈를 작은 단위로 쪼개 가설을 검증하는 방식으로 해결 시간을 크게 단축했습니다. 설계 의도와 운영 절차를 잘 정리해 두어 인수인계가 매끄러웠습니다. 다른 파트의 일정까지 살피며 먼저 도움을 제안해 팀 전체 속도를 끌어올렸습니다.,새로 합류한 인원과 거리감이 있어 초기 협업이 다소 더뎠습니다.
R000203,2025H1,X-0020,DP0089,DP0046,2025-06-20,공공기관 무 공공데이터 개방 플랫폼 구축 업무에서 함께 일하며 많은 도움을 받았습니다. 제약이 많은 상황에서도 새로운 접근을 찾아내 고객의 호평을 받았습니다. 마일스톤별 위험 요소를 미리 관리해 데이터 정제 일정을 한 번도 놓치지 않았습니다. 데이터 정제 중 발생한 복합 장애의 근본 원인을 빠르게 찾아 재발 방지책까지 마련했습니다. 데이터·개발·운영 담당 사이의 연결고리 역할을 맡아 협업 병목을 풀어 주었습니다. 그 밖에도 고객대응 측면에서 좋은 모습을 보였습니다.,요구사항을 구조화하기 전에 구현부터 시작하는 경우가 있어 사전 기획을 보완하면 좋겠습니다.
R000204,2025H1,X-0072,DP0092,DP0046,2025-06-20,공공기관 기 공공데이터 개방 플랫폼 구축 업무에서 함께 일하며 많은 도움을 받았습니다. 마일스톤별 위험 요소를 미리 관리해 개방 API 일정을 한 번도 놓치지 않았습니다.,요구사항을 구조화하기 전에 구현부터 시작하는 경우가 있어 사전 기획을 보완하면 좋겠습니다.
R000205,2025H1,X-0072,DP0095,DP0046,2025-06-20,공공기관 기 공공데이터 개방 플랫폼 구축을(를) 진행하는 동안 공공 고객 환경을 잘 이해하고 안정적으로 수행했습니다. 마일스톤별 위험 요소를 미리 관리해 개방 API 일정을 한 번도 놓치지 않았습니다. 신규 인원에게 업무 맥락을 차근차근 설명해 적응 기간을 크게 줄여 주었습니다. Spark 분야의 깊은 전문성으로 설계 단계에서 기술적 리스크를 먼저 짚어 냈습니다. 막힌 이슈를 작은 단위로 쪼개 가설을 검증하는 방식으로 해결 시간을 크게 단축했습니다.,요구사항을 구조화하기 전에 구현부터 시작하는 경우가 있어 사전 기획을 보완하면 좋겠습니다.
R000206,2025H1,X-0027,DP0043,DP0047,2025-06-20,금융사 가 데이터 마트 구축 업무에서 함께 일하며 많은 도움을 받았습니다. 처음 합류한 인원들과도 금방 어울려 팀 분위기를 부드럽게 만들어 주었습니다.,알고 있는 노하우를 팀에 공유하는 빈도가 낮아 지식이 한 사람에게 몰렸습니다. 또한 멘토링 측면도 보완하면 더 좋겠습니다.
R000207,2025H1,X-0027,DP0076,DP0047,2025-06-20,금융사 가 데이터 마트 구축 업무에서 함께 일하며 많은 도움을 받았습니다. 마일스톤별 위험 요소를 미리 관리해 적재 파이프라인 일정을 한 번도 놓치지 않았습니다. 비정형 문서 처리(OCR) 분야의 깊은 전문성으로 설계 단계에서 기술적 리스크를 먼저 짚어 냈습니다.,알고 있는 노하우를 팀에 공유하는 빈도가 낮아 지식이 한 사람에게 몰렸습니다. 또한 기획력 측면도 보완하면 더 좋겠습니다.
R000208,2025H1,X-0027,DP0018,DP0047,2025-06-20,금융사 가 데이터 마트 구축 수행 기간 동안 팀의 핵심 인력으로 활약했습니다. 테스트 기준을 스스로 높게 잡아 운영 이관 후 장애가 거의 없었습니다.,"새로 합류한 인원과 거리감이 있어 초기 협업이 다소 더뎠습니다. 또한 멘토링, 책임감, 문서화 측면도 보완하면 더 좋겠습니다."
R000209,2025H1,X-0073,DP0051,DP0048,2025-06-20,계열사 T 데이터 레이크 고도화 업무에서 함께 일하며 많은 도움을 받았습니다. 처음 합류한 인원들과도 금방 어울려 팀 분위기를 부드럽게 만들어 주었습니다. Private Cloud 노하우를 문서와 짧은 세션으로 공유해 팀 전체의 수준을 끌어올렸습니다.,주니어에게 피드백을 줄 때 이유 설명이 짧아 학습 효과가 제한적이었습니다. 또한 문서화 측면도 보완하면 더 좋겠습니다.
R000210,2025H1,X-0073,DP0070,DP0048,2025-06-20,계열사 T 데이터 레이크 고도화을(를) 진행하는 동안 그룹사(대내) 고객 환경을 잘 이해하고 안정적으로 수행했습니다. Kubernetes 관련 이슈가 생길 때마다 정확한 판단으로 해결 방향을 제시해 팀의 기준점이 되었습니다. 일정이 흔들릴 때 우선순위를 다시 세우고 팀을 안정적으로 이끌었습니다. 고객사 담당자와도 편하게 소통하는 친화력 덕분에 협의가 한결 수월했습니다.,테스트 범위를 좁게 잡아 회귀 결함이 뒤늦게 발견된 적이 있었습니다.
R000211,2025H1,X-0057,DP0011,DP0048,2025-06-20,금융사 카 데이터 마트 구축 업무에서 함께 일하며 많은 도움을 받았습니다. 제약이 많은 상황에서도 새로운 접근을 찾아내 고객의 호평을 받았습니다.,"새 기술 도입에 시간이 다소 걸려 초기 일정에 부담이 있었습니다. 또한 일정관리, 멘토링 측면도 보완하면 더 좋겠습니다."
R000212,2025H1,X-0057,DP0025,DP0048,2025-06-20,금융사 카 데이터 마트 구축 수행 기간 동안 팀의 핵심 인력으로 활약했습니다. Docker 노하우를 문서와 짧은 세션으로 공유해 팀 전체의 수준을 끌어올렸습니다.,"다만 경계가 애매한 업무는 먼저 맡으려 하지 않는 경우가 있어 주인 의식을 조금 더 보여 주면 좋겠습니다. 또한 문서화, 학습력 측면도 보완하면 더 좋겠습니다."
R000213,2025H1,X-0050,DP0075,DP0049,2025-06-20,계열사 C 데이터 레이크 고도화 수행 기간 동안 팀의 핵심 인력으로 활약했습니다. 문제가 생겼을 때 남에게 미루지 않고 본인 일처럼 책임지고 원인을 정리해 주었습니다.,장애 대응 시 임시 조치에 머무는 경우가 있어 근본 원인 분석까지 이어지면 좋겠습니다. 또한 성실 측면도 보완하면 더 좋겠습니다.
R000214,2025H1,X-0072,DP0099,DP0049,2025-06-20,공공기관 기 공공데이터 개방 플랫폼 구축 업무에서 함께 일하며 많은 도움을 받았습니다. 검수 체크리스트를 촘촘하게 운영해 고객 검수에서 지적이 거의 나오지 않았습니다. 고객의 급한 요청에도 차분하게 대응해 신뢰를 얻었고 추가 요구 협상도 잘 이끌었습니다. 코드 리뷰에서 품질 기준을 일관되게 지켜 팀의 결과물 수준을 끌어올렸습니다.,작업량 추정이 낙관적이어서 일정이 밀린 적이 몇 번 있었습니다. 또한 위기대응 측면도 보완하면 더 좋겠습니다.
R000215,2025H1,X-0072,DP0044,DP0049,2025-06-20,공공기관 기 공공데이터 개방 플랫폼 구축을(를) 진행하는 동안 공공 고객 환경을 잘 이해하고 안정적으로 수행했습니다. 코드 리뷰에서 품질 기준을 일관되게 지켜 팀의 결과물 수준을 끌어올렸습니다.,"변경 사항 문서화가 늦어 인수인계 때 다시 확인해야 하는 일이 있었습니다. 또한 전문성, 문제해결 측면도 보완하면 더 좋겠습니다."
R000216,2025H1,X-0072,DP0051,DP0049,2025-06-20,공공기관 기 공공데이터 개방 플랫폼 구축 업무에서 함께 일하며 많은 도움을 받았습니다. 개방 API의 핵심 기능을 직접 설계하며 요구사항을 구조화하는 기획력이 돋보였습니다. 고객사와 개발팀 사이에서 요구사항을 명확히 전달해 재작업을 크게 줄였습니다. 데이터 모델링 노하우를 문서와 짧은 세션으로 공유해 팀 전체의 수준을 끌어올렸습니다.,장애 대응 시 임시 조치에 머무는 경우가 있어 근본 원인 분석까지 이어지면 좋겠습니다.
R000217,2025H1,X-0072,DP0083,DP0049,2025-06-20,공공기관 기 공공데이터 개방 플랫폼 구축을(를) 진행하는 동안 공공 고객 환경을 잘 이해하고 안정적으로 수행했습니다. 처음 합류한 인원들과도 금방 어울려 팀 분위기를 부드럽게 만들어 주었습니다.,메타데이터 관리 심화 영역에서는 판단 근거가 부족한 경우가 있어 추가 학습이 필요해 보입니다. 또한 문서화 측면도 보완하면 더 좋겠습니다.
R000218,2025H1,X-0001,DP0078,DP0050,2025-06-20,금융사 가2 비정형 문서 메타데이터 전환을(를) 진행하는 동안 금융 고객 환경을 잘 이해하고 안정적으로 수행했습니다. 메타데이터 설계 중 발생한 복합 장애의 근본 원인을 빠르게 찾아 재발 방지책까지 마련했습니다. 맡은 메타데이터 설계 범위를 끝까지 책임지고 마무리해 팀이 일정 걱정 없이 다음 단계로 넘어갈 수 있었습니다. 테스트 기준을 스스로 높게 잡아 운영 이관 후 장애가 거의 없었습니다. 새로운 요구가 생기면 먼저 손을 들고 나서서 초기 검토를 맡아 주었습니다. 그 밖에도 창의성 측면에서 좋은 모습을 보였습니다.,새 기술 도입에 시간이 다소 걸려 초기 일정에 부담이 있었습니다.
R000219,2025H1,X-0001,DP0086,DP0050,2025-06-20,금융사 가2 비정형 문서 메타데이터 전환 업무에서 함께 일하며 많은 도움을 받았습니다. 문제가 생겼을 때 남에게 미루지 않고 본인 일처럼 책임지고 원인을 정리해 주었습니다. 새로운 요구가 생기면 먼저 손을 들고 나서서 초기 검토를 맡아 주었습니다. 주니어의 코드 리뷰에 이유까지 설명해 주어 팀의 성장에 기여했습니다. 막힌 이슈를 작은 단위로 쪼개 가설을 검증하는 방식으로 해결 시간을 크게 단축했습니다. 그 밖에도 창의성 측면에서 좋은 모습을 보였습니다.,"본인 범위에 집중하다 보니 다른 파트와의 연계가 늦어지는 경우가 있었습니다. 또한 친화력, 소통 측면도 보완하면 더 좋겠습니다."
R000220,2025H1,X-0100,DP0100,DP0050,2025-06-20,금융사 카 비정형 문서 메타데이터 전환 업무에서 함께 일하며 많은 도움을 받았습니다. 제약이 많은 상황에서도 새로운 접근을 찾아내 고객의 호평을 받았습니다. 막힌 이슈를 작은 단위로 쪼개 가설을 검증하는 방식으로 해결 시간을 크게 단축했습니다. 개선 아이디어를 적극적으로 제안하고 직접 시범 적용까지 해 보였습니다.,새 기술 도입에 시간이 다소 걸려 초기 일정에 부담이 있었습니다. 또한 친화력 측면도 보완하면 더 좋겠습니다.
R000221,2025H1,X-0001,DP0004,DP0050,2025-06-20,금융사 가2 비정형 문서 메타데이터 전환 수행 기간 동안 팀의 핵심 인력으로 활약했습니다. 문제가 생겼을 때 남에게 미루지 않고 본인 일처럼 책임지고 원인을 정리해 주었습니다. 산출물과 설정값을 꼼꼼하게 대조해 배포 전 결함을 여러 건 미리 잡아냈습니다. 개선 아이디어를 적극적으로 제안하고 직접 시범 적용까지 해 보였습니다. 메타데이터 설계의 핵심 기능을 직접 설계하며 요구사항을 구조화하는 기획력이 돋보였습니다.,알고 있는 노하우를 팀에 공유하는 빈도가 낮아 지식이 한 사람에게 몰렸습니다.
R000222,2025H1,X-0001,DP0097,DP0050,2025-06-20,금융사 가2 비정형 문서 메타데이터 전환 업무에서 함께 일하며 많은 도움을 받았습니다. 눈에 잘 띄지 않는 메타데이터 설계 작업도 성실하게 처리해 품질 기반을 다져 주었습니다. 문제가 생겼을 때 남에게 미루지 않고 본인 일처럼 책임지고 원인을 정리해 주었습니다. 다른 파트의 일정까지 살피며 먼저 도움을 제안해 팀 전체 속도를 끌어올렸습니다. 마일스톤별 위험 요소를 미리 관리해 메타데이터 설계 일정을 한 번도 놓치지 않았습니다.,진행 상황 공유가 늦어 다른 담당자가 뒤늦게 파악하는 일이 있었습니다.
R000223,2025H1,X-0072,DP0095,DP0051,2025-06-20,공공기관 기 공공데이터 개방 플랫폼 구축 수행 기간 동안 팀의 핵심 인력으로 활약했습니다. 코드 리뷰에서 품질 기준을 일관되게 지켜 팀의 결과물 수준을 끌어올렸습니다. 고객의 모호한 요구를 단계별 실행 계획으로 정리해 범위 변경을 줄였습니다. 고객사 현업 담당자의 불만을 경청하고 대안을 제시해 관계를 개선했습니다.,다만 경계가 애매한 업무는 먼저 맡으려 하지 않는 경우가 있어 주인 의식을 조금 더 보여 주면 좋겠습니다. 또한 창의성 측면도 보완하면 더 좋겠습니다.
R000224,2025H1,X-0073,DP0048,DP0051,2025-06-20,계열사 T 데이터 레이크 고도화을(를) 진행하는 동안 그룹사(대내) 고객 환경을 잘 이해하고 안정적으로 수행했습니다. 운영 중 긴급 장애가 났을 때 침착하게 상황을 정리하고 복구를 주도했습니다. 신규 인원에게 업무 맥락을 차근차근 설명해 적응 기간을 크게 줄여 주었습니다. 고객의 급한 요청에도 차분하게 대응해 신뢰를 얻었고 추가 요구 협상도 잘 이끌었습니다. 데이터 표준화의 핵심 기능을 직접 설계하며 요구사항을 구조화하는 기획력이 돋보였습니다.,새로운 과제에는 먼저 나서기보다 지켜보는 편이라 조금 더 적극적이면 좋겠습니다. 또한 꼼꼼함 측면도 보완하면 더 좋겠습니다.
R000225,2025H1,X-0072,DP0093,DP0051,2025-06-20,공공기관 기 공공데이터 개방 플랫폼 구축 수행 기간 동안 팀의 핵심 인력으로 활약했습니다. 고객사 담당자와도 편하게 소통하는 친화력 덕분에 협의가 한결 수월했습니다. 맡은 개방 API 범위를 끝까지 책임지고 마무리해 팀이 일정 걱정 없이 다음 단계로 넘어갈 수 있었습니다. 운영 중 긴급 장애가 났을 때 침착하게 상황을 정리하고 복구를 주도했습니다. 개선 아이디어를 적극적으로 제안하고 직접 시범 적용까지 해 보였습니다. 그 밖에도 품질의식 측면에서 좋은 모습을 보였습니다.,작업량 추정이 낙관적이어서 일정이 밀린 적이 몇 번 있었습니다.
R000226,2025H1,X-0072,DP0092,DP0051,2025-06-20,공공기관 기 공공데이터 개방 플랫폼 구축 업무에서 함께 일하며 많은 도움을 받았습니다. 테스트 기준을 스스로 높게 잡아 운영 이관 후 장애가 거의 없었습니다. 고객의 모호한 요구를 단계별 실행 계획으로 정리해 범위 변경을 줄였습니다. 고객의 급한 요청에도 차분하게 대응해 신뢰를 얻었고 추가 요구 협상도 잘 이끌었습니다. 개선 아이디어를 적극적으로 제안하고 직접 시범 적용까지 해 보였습니다.,"알고 있는 노하우를 팀에 공유하는 빈도가 낮아 지식이 한 사람에게 몰렸습니다. 또한 문제해결, 책임감 측면도 보완하면 더 좋겠습니다."
R000227,2025H1,X-0001,DP0086,DP0052,2025-06-20,금융사 가2 비정형 문서 메타데이터 전환을(를) 진행하는 동안 금융 고객 환경을 잘 이해하고 안정적으로 수행했습니다. 산출물과 설정값을 꼼꼼하게 대조해 배포 전 결함을 여러 건 미리 잡아냈습니다. 고객사 현업 담당자의 불만을 경청하고 대안을 제시해 관계를 개선했습니다. 눈에 잘 띄지 않는 메타데이터 설계 작업도 성실하게 처리해 품질 기반을 다져 주었습니다. 개선 아이디어를 적극적으로 제안하고 직접 시범 적용까지 해 보였습니다.,요구사항을 구조화하기 전에 구현부터 시작하는 경우가 있어 사전 기획을 보완하면 좋겠습니다.
R000228,2025H1,X-0001,DP0008,DP0052,2025-06-20,금융사 가2 비정형 문서 메타데이터 전환 수행 기간 동안 팀의 핵심 인력으로 활약했습니다. 막힌 이슈를 작은 단위로 쪼개 가설을 검증하는 방식으로 해결 시간을 크게 단축했습니다. 제약이 많은 상황에서도 새로운 접근을 찾아내 고객의 호평을 받았습니다. 신규 인원에게 업무 맥락을 차근차근 설명해 적응 기간을 크게 줄여 주었습니다.,테스트 범위를 좁게 잡아 회귀 결함이 뒤늦게 발견된 적이 있었습니다. 또한 전문성 측면도 보완하면 더 좋겠습니다.
R000229,2025H1,X-0001,DP0087,DP0052,2025-06-20,금융사 가2 비정형 문서 메타데이터 전환을(를) 진행하는 동안 금융 고객 환경을 잘 이해하고 안정적으로 수행했습니다. 기존 방식에 얽매이지 않는 대안을 제시해 메타데이터 설계의 처리 속도를 크게 개선했습니다. 주니어의 코드 리뷰에 이유까지 설명해 주어 팀의 성장에 기여했습니다.,다만 경계가 애매한 업무는 먼저 맡으려 하지 않는 경우가 있어 주인 의식을 조금 더 보여 주면 좋겠습니다. 또한 품질의식 측면도 보완하면 더 좋겠습니다.
R000230,2025H1,X-0001,DP0045,DP0052,2025-06-20,금융사 가2 비정형 문서 메타데이터 전환을(를) 진행하는 동안 금융 고객 환경을 잘 이해하고 안정적으로 수행했습니다. 고객사 현업 담당자의 불만을 경청하고 대안을 제시해 관계를 개선했습니다. 눈에 잘 띄지 않는 메타데이터 설계 작업도 성실하게 처리해 품질 기반을 다져 주었습니다. 산출물과 설정값을 꼼꼼하게 대조해 배포 전 결함을 여러 건 미리 잡아냈습니다. 기존 방식에 얽매이지 않는 대안을 제시해 메타데이터 설계의 처리 속도를 크게 개선했습니다.,새로운 과제에는 먼저 나서기보다 지켜보는 편이라 조금 더 적극적이면 좋겠습니다.
R000231,2025H1,X-0001,DP0061,DP0052,2025-06-20,금융사 가2 비정형 문서 메타데이터 전환 수행 기간 동안 팀의 핵심 인력으로 활약했습니다. 작업량을 현실적으로 추정해 일정 계획의 정확도를 높였습니다. 고객사 현업 담당자의 불만을 경청하고 대안을 제시해 관계를 개선했습니다.,"요구사항을 구조화하기 전에 구현부터 시작하는 경우가 있어 사전 기획을 보완하면 좋겠습니다. 또한 전문성, 품질의식 측면도 보완하면 더 좋겠습니다."
R000232,2025H1,X-0020,DP0064,DP0053,2025-06-20,공공기관 무 공공데이터 개방 플랫폼 구축 업무에서 함께 일하며 많은 도움을 받았습니다. 운영 중 긴급 장애가 났을 때 침착하게 상황을 정리하고 복구를 주도했습니다. 문제가 생겼을 때 남에게 미루지 않고 본인 일처럼 책임지고 원인을 정리해 주었습니다. 고객의 급한 요청에도 차분하게 대응해 신뢰를 얻었고 추가 요구 협상도 잘 이끌었습니다.,반복 점검 업무를 마감 직전까지 미루는 경우가 있어 꾸준함이 조금 아쉬웠습니다.
R000233,2025H1,X-0020,DP0019,DP0053,2025-06-20,공공기관 무 공공데이터 개방 플랫폼 구축 수행 기간 동안 팀의 핵심 인력으로 활약했습니다. 운영 중 긴급 장애가 났을 때 침착하게 상황을 정리하고 복구를 주도했습니다. 처음 합류한 인원들과도 금방 어울려 팀 분위기를 부드럽게 만들어 주었습니다. 기존 방식에 얽매이지 않는 대안을 제시해 데이터 정제의 처리 속도를 크게 개선했습니다.,"다만 경계가 애매한 업무는 먼저 맡으려 하지 않는 경우가 있어 주인 의식을 조금 더 보여 주면 좋겠습니다. 또한 품질의식, 꼼꼼함 측면도 보완하면 더 좋겠습니다."
R000234,2025H1,X-0020,DP0089,DP0053,2025-06-20,공공기관 무 공공데이터 개방 플랫폼 구축 업무에서 함께 일하며 많은 도움을 받았습니다. 회의 때마다 쟁점을 쉽게 정리해 이해관계자들의 합의를 빠르게 이끌었습니다. 데이터 정제의 핵심 기능을 직접 설계하며 요구사항을 구조화하는 기획력이 돋보였습니다. 테스트 기준을 스스로 높게 잡아 운영 이관 후 장애가 거의 없었습니다. 신규 인원에게 업무 맥락을 차근차근 설명해 적응 기간을 크게 줄여 주었습니다.,새로 합류한 인원과 거리감이 있어 초기 협업이 다소 더뎠습니다. 또한 기술공유 측면도 보완하면 더 좋겠습니다.
R000235,2025H1,X-0020,DP0037,DP0053,2025-06-20,공공기관 무 공공데이터 개방 플랫폼 구축을(를) 진행하는 동안 공공 고객 환경을 잘 이해하고 안정적으로 수행했습니다. 주니어의 코드 리뷰에 이유까지 설명해 주어 팀의 성장에 기여했습니다. 운영 중 긴급 장애가 났을 때 침착하게 상황을 정리하고 복구를 주도했습니다.,"테스트 범위를 좁게 잡아 회귀 결함이 뒤늦게 발견된 적이 있었습니다. 또한 책임감, 친화력 측면도 보완하면 더 좋겠습니다."
R000236,2025H1,X-0020,DP0062,DP0053,2025-06-20,공공기관 무 공공데이터 개방 플랫폼 구축 업무에서 함께 일하며 많은 도움을 받았습니다. 고객의 모호한 요구를 단계별 실행 계획으로 정리해 범위 변경을 줄였습니다. 새 도메인 지식을 빠르게 흡수해 투입 초기부터 제 몫을 해냈습니다.,새로 합류한 인원과 거리감이 있어 초기 협업이 다소 더뎠습니다.
R000237,2025H1,X-0010,DP0010,DP0054,2025-06-20,계열사 D 데이터 레이크 고도화 업무에서 함께 일하며 많은 도움을 받았습니다. 막힌 이슈를 작은 단위로 쪼개 가설을 검증하는 방식으로 해결 시간을 크게 단축했습니다. 고객사 담당자와도 편하게 소통하는 친화력 덕분에 협의가 한결 수월했습니다.,의견이 엇갈릴 때 방향을 정리해 주는 역할은 조금 더 기대됩니다. 또한 창의성 측면도 보완하면 더 좋겠습니다.
R000238,2025H1,X-0010,DP0078,DP0054,2025-06-20,계열사 D 데이터 레이크 고도화 업무에서 함께 일하며 많은 도움을 받았습니다. 담당자으로서 팀원 각자의 역량을 파악해 일을 배분하고 끝까지 이끄는 리더십이 뛰어났습니다.,진행 상황 공유가 늦어 다른 담당자가 뒤늦게 파악하는 일이 있었습니다. 또한 멘토링 측면도 보완하면 더 좋겠습니다.
R000239,2025H1,X-0006,DP0073,DP0055,2025-06-20,금융사 바2 차세대 데이터 플랫폼 구축 수행 기간 동안 팀의 핵심 인력으로 활약했습니다. 기술 리더으로서 팀원 각자의 역량을 파악해 일을 배분하고 끝까지 이끄는 리더십이 뛰어났습니다.,"새로 합류한 인원과 거리감이 있어 초기 협업이 다소 더뎠습니다. 또한 꼼꼼함, 기획력, 멘토링 측면도 보완하면 더 좋겠습니다."
R000240,2025H1,X-0050,DP0003,DP0055,2025-06-20,계열사 C 데이터 레이크 고도화 수행 기간 동안 팀의 핵심 인력으로 활약했습니다. 회의 때마다 쟁점을 쉽게 정리해 이해관계자들의 합의를 빠르게 이끌었습니다.,새로 합류한 인원과 거리감이 있어 초기 협업이 다소 더뎠습니다. 또한 협업 측면도 보완하면 더 좋겠습니다.
R000241,2025H1,X-0050,DP0099,DP0055,2025-06-20,계열사 C 데이터 레이크 고도화을(를) 진행하는 동안 그룹사(대내) 고객 환경을 잘 이해하고 안정적으로 수행했습니다. 고객사와 개발팀 사이에서 요구사항을 명확히 전달해 재작업을 크게 줄였습니다. 문제가 생겼을 때 남에게 미루지 않고 본인 일처럼 책임지고 원인을 정리해 주었습니다.,"기존 방식에 익숙해 새로운 대안을 검토하는 데는 소극적이었습니다. 또한 성실, 고객대응, 친화력 측면도 보완하면 더 좋겠습니다."
R000242,2025H1,X-0006,DP0029,DP0055,2025-06-20,금융사 바2 차세대 데이터 플랫폼 구축 업무에서 함께 일하며 많은 도움을 받았습니다. 처음 접한 ETL도 짧은 시간에 익혀 바로 실무에 적용했습니다.,"본인 범위에 집중하다 보니 다른 파트와의 연계가 늦어지는 경우가 있었습니다. 또한 친화력, 기술공유 측면도 보완하면 더 좋겠습니다."
R000243,2025H1,X-0020,DP0072,DP0056,2025-06-20,공공기관 무 공공데이터 개방 플랫폼 구축을(를) 진행하는 동안 공공 고객 환경을 잘 이해하고 안정적으로 수행했습니다. 다른 파트의 일정까지 살피며 먼저 도움을 제안해 팀 전체 속도를 끌어올렸습니다. 일정이 크게 흔들린 시점에 대응 계획을 빠르게 세워 위기를 넘겼습니다.,테스트 범위를 좁게 잡아 회귀 결함이 뒤늦게 발견된 적이 있었습니다. 또한 전문성 측면도 보완하면 더 좋겠습니다.
R000244,2025H1,X-0020,DP0068,DP0056,2025-06-20,공공기관 무 공공데이터 개방 플랫폼 구축 수행 기간 동안 팀의 핵심 인력으로 활약했습니다. 설계 의도와 운영 절차를 잘 정리해 두어 인수인계가 매끄러웠습니다. 데이터·개발·운영 담당 사이의 연결고리 역할을 맡아 협업 병목을 풀어 주었습니다. 매일 진행 상황을 꾸준히 공유하고 반복 점검 업무도 빠짐없이 챙겨 신뢰가 갔습니다. 일정이 크게 흔들린 시점에 대응 계획을 빠르게 세워 위기를 넘겼습니다.,테스트 범위를 좁게 잡아 회귀 결함이 뒤늦게 발견된 적이 있었습니다.
R000245,2025H1,X-0020,DP0066,DP0056,2025-06-20,공공기관 무 공공데이터 개방 플랫폼 구축 수행 기간 동안 팀의 핵심 인력으로 활약했습니다. 처음 접한 Kafka도 짧은 시간에 익혀 바로 실무에 적용했습니다. 일정이 크게 흔들린 시점에 대응 계획을 빠르게 세워 위기를 넘겼습니다.,장애 대응 시 임시 조치에 머무는 경우가 있어 근본 원인 분석까지 이어지면 좋겠습니다.
R000246,2025H1,X-0020,DP0091,DP0056,2025-06-20,공공기관 무 공공데이터 개방 플랫폼 구축 업무에서 함께 일하며 많은 도움을 받았습니다. 마일스톤별 위험 요소를 미리 관리해 데이터 정제 일정을 한 번도 놓치지 않았습니다. 매일 진행 상황을 꾸준히 공유하고 반복 점검 업무도 빠짐없이 챙겨 신뢰가 갔습니다. 일정이 크게 흔들린 시점에 대응 계획을 빠르게 세워 위기를 넘겼습니다. 데이터 정제의 핵심 기능을 직접 설계하며 요구사항을 구조화하는 기획력이 돋보였습니다.,테스트 범위를 좁게 잡아 회귀 결함이 뒤늦게 발견된 적이 있었습니다.
R000247,2025H1,X-0020,DP0019,DP0056,2025-06-20,공공기관 무 공공데이터 개방 플랫폼 구축을(를) 진행하는 동안 공공 고객 환경을 잘 이해하고 안정적으로 수행했습니다. 일정이 크게 흔들린 시점에 대응 계획을 빠르게 세워 위기를 넘겼습니다. 설계 의도와 운영 절차를 잘 정리해 두어 인수인계가 매끄러웠습니다. 새 도메인 지식을 빠르게 흡수해 투입 초기부터 제 몫을 해냈습니다.,Kafka 심화 영역에서는 판단 근거가 부족한 경우가 있어 추가 학습이 필요해 보입니다.
R000248,2025H1,X-0020,DP0089,DP0056,2025-06-20,공공기관 무 공공데이터 개방 플랫폼 구축 업무에서 함께 일하며 많은 도움을 받았습니다. 데이터 정제의 핵심 기능을 직접 설계하며 요구사항을 구조화하는 기획력이 돋보였습니다. 데이터·개발·운영 담당 사이의 연결고리 역할을 맡아 협업 병목을 풀어 주었습니다. 설계 의도와 운영 절차를 잘 정리해 두어 인수인계가 매끄러웠습니다. 새 도메인 지식을 빠르게 흡수해 투입 초기부터 제 몫을 해냈습니다. 그 밖에도 꼼꼼함 측면에서 좋은 모습을 보였습니다.,반복 점검 업무를 마감 직전까지 미루는 경우가 있어 꾸준함이 조금 아쉬웠습니다. 또한 전문성 측면도 보완하면 더 좋겠습니다.
R000249,2025H1,X-0027,DP0082,DP0057,2025-06-20,금융사 가 데이터 마트 구축 업무에서 함께 일하며 많은 도움을 받았습니다. 새 도메인 지식을 빠르게 흡수해 투입 초기부터 제 몫을 해냈습니다. ETL 노하우를 문서와 짧은 세션으로 공유해 팀 전체의 수준을 끌어올렸습니다. 신규 인원에게 업무 맥락을 차근차근 설명해 적응 기간을 크게 줄여 주었습니다.,본인 범위에 집중하다 보니 다른 파트와의 연계가 늦어지는 경우가 있었습니다.
R000250,2025H1,X-0027,DP0074,DP0057,2025-06-20,금융사 가 데이터 마트 구축을(를) 진행하는 동안 금융 고객 환경을 잘 이해하고 안정적으로 수행했습니다. 개선 아이디어를 적극적으로 제안하고 직접 시범 적용까지 해 보였습니다. 테스트 기준을 스스로 높게 잡아 운영 이관 후 장애가 거의 없었습니다. 회의 때마다 쟁점을 쉽게 정리해 이해관계자들의 합의를 빠르게 이끌었습니다.,요구사항을 구조화하기 전에 구현부터 시작하는 경우가 있어 사전 기획을 보완하면 좋겠습니다.
R000251,2025H1,X-0027,DP0027,DP0057,2025-06-20,금융사 가 데이터 마트 구축 수행 기간 동안 팀의 핵심 인력으로 활약했습니다. 눈에 잘 띄지 않는 적재 파이프라인 작업도 성실하게 처리해 품질 기반을 다져 주었습니다. 테스트 기준을 스스로 높게 잡아 운영 이관 후 장애가 거의 없었습니다.,"SQL 심화 영역에서는 판단 근거가 부족한 경우가 있어 추가 학습이 필요해 보입니다. 또한 리더십, 협업 측면도 보완하면 더 좋겠습니다."
R000252,2025H1,X-0020,DP0091,DP0058,2025-06-20,공공기관 무 공공데이터 개방 플랫폼 구축 수행 기간 동안 팀의 핵심 인력으로 활약했습니다. 일정이 흔들릴 때 우선순위를 다시 세우고 팀을 안정적으로 이끌었습니다. 개선 아이디어를 적극적으로 제안하고 직접 시범 적용까지 해 보였습니다.,다만 경계가 애매한 업무는 먼저 맡으려 하지 않는 경우가 있어 주인 의식을 조금 더 보여 주면 좋겠습니다.
R000253,2025H1,X-0020,DP0088,DP0058,2025-06-20,공공기관 무 공공데이터 개방 플랫폼 구축 업무에서 함께 일하며 많은 도움을 받았습니다. 제약이 많은 상황에서도 새로운 접근을 찾아내 고객의 호평을 받았습니다. 핵심 담당자으로서 팀원 각자의 역량을 파악해 일을 배분하고 끝까지 이끄는 리더십이 뛰어났습니다. 회의 때마다 쟁점을 쉽게 정리해 이해관계자들의 합의를 빠르게 이끌었습니다.,변경 사항 문서화가 늦어 인수인계 때 다시 확인해야 하는 일이 있었습니다.
R000254,2025H1,X-0020,DP0062,DP0058,2025-06-20,공공기관 무 공공데이터 개방 플랫폼 구축 업무에서 함께 일하며 많은 도움을 받았습니다. 메타데이터 관리 관련 이슈가 생길 때마다 정확한 판단으로 해결 방향을 제시해 팀의 기준점이 되었습니다. 신규 인원에게 업무 맥락을 차근차근 설명해 적응 기간을 크게 줄여 주었습니다. 회의 때마다 쟁점을 쉽게 정리해 이해관계자들의 합의를 빠르게 이끌었습니다. 개선 아이디어를 적극적으로 제안하고 직접 시범 적용까지 해 보였습니다.,반복 점검 업무를 마감 직전까지 미루는 경우가 있어 꾸준함이 조금 아쉬웠습니다.
R000255,2025H1,X-0020,DP0072,DP0058,2025-06-20,공공기관 무 공공데이터 개방 플랫폼 구축을(를) 진행하는 동안 공공 고객 환경을 잘 이해하고 안정적으로 수행했습니다. 기존 방식에 얽매이지 않는 대안을 제시해 데이터 정제의 처리 속도를 크게 개선했습니다. 신규 인원에게 업무 맥락을 차근차근 설명해 적응 기간을 크게 줄여 주었습니다. 고객사와 개발팀 사이에서 요구사항을 명확히 전달해 재작업을 크게 줄였습니다.,의견이 엇갈릴 때 방향을 정리해 주는 역할은 조금 더 기대됩니다. 또한 적극성 측면도 보완하면 더 좋겠습니다.
R000256,2025H1,X-0020,DP0037,DP0058,2025-06-20,공공기관 무 공공데이터 개방 플랫폼 구축 업무에서 함께 일하며 많은 도움을 받았습니다. 고객사와 개발팀 사이에서 요구사항을 명확히 전달해 재작업을 크게 줄였습니다. 제약이 많은 상황에서도 새로운 접근을 찾아내 고객의 호평을 받았습니다. 고객의 급한 요청에도 차분하게 대응해 신뢰를 얻었고 추가 요구 협상도 잘 이끌었습니다. 검색엔진 관련 이슈가 생길 때마다 정확한 판단으로 해결 방향을 제시해 팀의 기준점이 되었습니다.,요구사항을 구조화하기 전에 구현부터 시작하는 경우가 있어 사전 기획을 보완하면 좋겠습니다.
R000257,2025H1,X-0001,DP0050,DP0059,2025-06-20,금융사 가2 비정형 문서 메타데이터 전환 업무에서 함께 일하며 많은 도움을 받았습니다. 다른 파트의 일정까지 살피며 먼저 도움을 제안해 팀 전체 속도를 끌어올렸습니다. 운영 중 긴급 장애가 났을 때 침착하게 상황을 정리하고 복구를 주도했습니다. 매일 진행 상황을 꾸준히 공유하고 반복 점검 업무도 빠짐없이 챙겨 신뢰가 갔습니다. SQL 분야의 깊은 전문성으로 설계 단계에서 기술적 리스크를 먼저 짚어 냈습니다.,작업량 추정이 낙관적이어서 일정이 밀린 적이 몇 번 있었습니다.
R000258,2025H1,X-0001,DP0097,DP0059,2025-06-20,금융사 가2 비정형 문서 메타데이터 전환 업무에서 함께 일하며 많은 도움을 받았습니다. 다른 파트의 일정까지 살피며 먼저 도움을 제안해 팀 전체 속도를 끌어올렸습니다. 회의 때마다 쟁점을 쉽게 정리해 이해관계자들의 합의를 빠르게 이끌었습니다. 매일 진행 상황을 꾸준히 공유하고 반복 점검 업무도 빠짐없이 챙겨 신뢰가 갔습니다. 막힌 이슈를 작은 단위로 쪼개 가설을 검증하는 방식으로 해결 시간을 크게 단축했습니다.,주니어에게 피드백을 줄 때 이유 설명이 짧아 학습 효과가 제한적이었습니다.
R000259,2025H1,X-0001,DP0091,DP0059,2025-06-20,금융사 가2 비정형 문서 메타데이터 전환 수행 기간 동안 팀의 핵심 인력으로 활약했습니다. 일정이 흔들릴 때 우선순위를 다시 세우고 팀을 안정적으로 이끌었습니다. 눈에 잘 띄지 않는 메타데이터 설계 작업도 성실하게 처리해 품질 기반을 다져 주었습니다.,세부 설정값 검토가 빠져 배포 후 수정이 생긴 적이 있었습니다.
R000260,2025H1,X-0001,DP0086,DP0059,2025-06-20,금융사 가2 비정형 문서 메타데이터 전환 수행 기간 동안 팀의 핵심 인력으로 활약했습니다. 설계 의도와 운영 절차를 잘 정리해 두어 인수인계가 매끄러웠습니다. 다른 파트의 일정까지 살피며 먼저 도움을 제안해 팀 전체 속도를 끌어올렸습니다. 제약이 많은 상황에서도 새로운 접근을 찾아내 고객의 호평을 받았습니다. 고객사 현업 담당자의 불만을 경청하고 대안을 제시해 관계를 개선했습니다. 그 밖에도 성실 측면에서 좋은 모습을 보였습니다.,주니어에게 피드백을 줄 때 이유 설명이 짧아 학습 효과가 제한적이었습니다. 또한 기술공유 측면도 보완하면 더 좋겠습니다.
R000261,2025H1,X-0001,DP0036,DP0061,2025-06-20,금융사 가2 비정형 문서 메타데이터 전환 업무에서 함께 일하며 많은 도움을 받았습니다. 고객사 현업 담당자의 불만을 경청하고 대안을 제시해 관계를 개선했습니다.,장애 대응 시 임시 조치에 머무는 경우가 있어 근본 원인 분석까지 이어지면 좋겠습니다.
R000262,2025H1,X-0001,DP0050,DP0061,2025-06-20,금융사 가2 비정형 문서 메타데이터 전환을(를) 진행하는 동안 금융 고객 환경을 잘 이해하고 안정적으로 수행했습니다. 고객사 현업 담당자의 불만을 경청하고 대안을 제시해 관계를 개선했습니다. 코드 리뷰에서 품질 기준을 일관되게 지켜 팀의 결과물 수준을 끌어올렸습니다. Python 노하우를 문서와 짧은 세션으로 공유해 팀 전체의 수준을 끌어올렸습니다.,반복 점검 업무를 마감 직전까지 미루는 경우가 있어 꾸준함이 조금 아쉬웠습니다. 또한 협업 측면도 보완하면 더 좋겠습니다.
R000263,2025H1,X-0001,DP0086,DP0061,2025-06-20,금융사 가2 비정형 문서 메타데이터 전환을(를) 진행하는 동안 금융 고객 환경을 잘 이해하고 안정적으로 수행했습니다. 메타데이터 설계의 핵심 기능을 직접 설계하며 요구사항을 구조화하는 기획력이 돋보였습니다. 코드 리뷰에서 품질 기준을 일관되게 지켜 팀의 결과물 수준을 끌어올렸습니다. 고객사 현업 담당자의 불만을 경청하고 대안을 제시해 관계를 개선했습니다.,"변경 사항 문서화가 늦어 인수인계 때 다시 확인해야 하는 일이 있었습니다. 또한 리더십, 협업 측면도 보완하면 더 좋겠습니다."
R000264,2025H1,X-0020,DP0019,DP0062,2025-06-20,공공기관 무 공공데이터 개방 플랫폼 구축 업무에서 함께 일하며 많은 도움을 받았습니다. 마일스톤별 위험 요소를 미리 관리해 데이터 정제 일정을 한 번도 놓치지 않았습니다. 핵심 담당자으로서 팀원 각자의 역량을 파악해 일을 배분하고 끝까지 이끄는 리더십이 뛰어났습니다. 개선 아이디어를 적극적으로 제안하고 직접 시범 적용까지 해 보였습니다.,긴급 상황에서 우선순위 판단이 늦어 대응이 지연된 적이 있었습니다. 또한 성실 측면도 보완하면 더 좋겠습니다.
R000265,2025H1,X-0020,DP0044,DP0062,2025-06-20,공공기관 무 공공데이터 개방 플랫폼 구축 업무에서 함께 일하며 많은 도움을 받았습니다. 마일스톤별 위험 요소를 미리 관리해 데이터 정제 일정을 한 번도 놓치지 않았습니다. 기존 방식에 얽매이지 않는 대안을 제시해 데이터 정제의 처리 속도를 크게 개선했습니다. 회의 때마다 쟁점을 쉽게 정리해 이해관계자들의 합의를 빠르게 이끌었습니다.,긴급 상황에서 우선순위 판단이 늦어 대응이 지연된 적이 있었습니다. 또한 책임감 측면도 보완하면 더 좋겠습니다.
R000266,2025H1,X-0020,DP0072,DP0062,2025-06-20,공공기관 무 공공데이터 개방 플랫폼 구축을(를) 진행하는 동안 공공 고객 환경을 잘 이해하고 안정적으로 수행했습니다. 제약이 많은 상황에서도 새로운 접근을 찾아내 고객의 호평을 받았습니다.,긴급 상황에서 우선순위 판단이 늦어 대응이 지연된 적이 있었습니다. 또한 협업 측면도 보완하면 더 좋겠습니다.
R000267,2025H1,X-0020,DP0066,DP0064,2025-06-20,공공기관 무 공공데이터 개방 플랫폼 구축 업무에서 함께 일하며 많은 도움을 받았습니다. 산출물과 설정값을 꼼꼼하게 대조해 배포 전 결함을 여러 건 미리 잡아냈습니다. 운영 중 긴급 장애가 났을 때 침착하게 상황을 정리하고 복구를 주도했습니다.,"요구사항을 구조화하기 전에 구현부터 시작하는 경우가 있어 사전 기획을 보완하면 좋겠습니다. 또한 전문성, 멘토링 측면도 보완하면 더 좋겠습니다."
R000268,2025H1,X-0020,DP0062,DP0064,2025-06-20,공공기관 무 공공데이터 개방 플랫폼 구축을(를) 진행하는 동안 공공 고객 환경을 잘 이해하고 안정적으로 수행했습니다. 테스트 기준을 스스로 높게 잡아 운영 이관 후 장애가 거의 없었습니다. 고객사 현업 담당자의 불만을 경청하고 대안을 제시해 관계를 개선했습니다. 맡은 데이터 정제 범위를 끝까지 책임지고 마무리해 팀이 일정 걱정 없이 다음 단계로 넘어갈 수 있었습니다.,기존 방식에 익숙해 새로운 대안을 검토하는 데는 소극적이었습니다.
R000269,2025H1,X-0020,DP0088,DP0064,2025-06-20,공공기관 무 공공데이터 개방 플랫폼 구축 수행 기간 동안 팀의 핵심 인력으로 활약했습니다. 회의 때마다 쟁점을 쉽게 정리해 이해관계자들의 합의를 빠르게 이끌었습니다. 데이터 모델링 노하우를 문서와 짧은 세션으로 공유해 팀 전체의 수준을 끌어올렸습니다. 맡은 데이터 정제 범위를 끝까지 책임지고 마무리해 팀이 일정 걱정 없이 다음 단계로 넘어갈 수 있었습니다. 고객의 급한 요청에도 차분하게 대응해 신뢰를 얻었고 추가 요구 협상도 잘 이끌었습니다.,"요구사항을 구조화하기 전에 구현부터 시작하는 경우가 있어 사전 기획을 보완하면 좋겠습니다. 또한 전문성, 꼼꼼함 측면도 보완하면 더 좋겠습니다."
R000270,2025H1,X-0020,DP0015,DP0064,2025-06-20,공공기관 무 공공데이터 개방 플랫폼 구축을(를) 진행하는 동안 공공 고객 환경을 잘 이해하고 안정적으로 수행했습니다. 고객사 담당자와도 편하게 소통하는 친화력 덕분에 협의가 한결 수월했습니다. 고객사 현업 담당자의 불만을 경청하고 대안을 제시해 관계를 개선했습니다. 직접 겪은 시행착오를 정리해 공유해 다른 팀원들이 같은 실수를 피할 수 있었습니다. 검수 체크리스트를 촘촘하게 운영해 고객 검수에서 지적이 거의 나오지 않았습니다.,SQL 심화 영역에서는 판단 근거가 부족한 경우가 있어 추가 학습이 필요해 보입니다.
R000271,2025H1,X-0027,DP0096,DP0065,2025-06-20,금융사 가 데이터 마트 구축을(를) 진행하는 동안 금융 고객 환경을 잘 이해하고 안정적으로 수행했습니다. 막힌 이슈를 작은 단위로 쪼개 가설을 검증하는 방식으로 해결 시간을 크게 단축했습니다. 설계 의도와 운영 절차를 잘 정리해 두어 인수인계가 매끄러웠습니다.,반복 점검 업무를 마감 직전까지 미루는 경우가 있어 꾸준함이 조금 아쉬웠습니다. 또한 창의성 측면도 보완하면 더 좋겠습니다.
R000272,2025H1,X-0027,DP0071,DP0065,2025-06-20,금융사 가 데이터 마트 구축을(를) 진행하는 동안 금융 고객 환경을 잘 이해하고 안정적으로 수행했습니다. 고객사 현업 담당자의 불만을 경청하고 대안을 제시해 관계를 개선했습니다. 적재 파이프라인 중 발생한 복합 장애의 근본 원인을 빠르게 찾아 재발 방지책까지 마련했습니다. 마일스톤별 위험 요소를 미리 관리해 적재 파이프라인 일정을 한 번도 놓치지 않았습니다.,의견이 엇갈릴 때 방향을 정리해 주는 역할은 조금 더 기대됩니다. 또한 성실 측면도 보완하면 더 좋겠습니다.
R000273,2025H1,X-0027,DP0022,DP0065,2025-06-20,금융사 가 데이터 마트 구축 수행 기간 동안 팀의 핵심 인력으로 활약했습니다. 기존 방식에 얽매이지 않는 대안을 제시해 적재 파이프라인의 처리 속도를 크게 개선했습니다. 설계 의도와 운영 절차를 잘 정리해 두어 인수인계가 매끄러웠습니다. 매일 진행 상황을 꾸준히 공유하고 반복 점검 업무도 빠짐없이 챙겨 신뢰가 갔습니다.,"긴급 상황에서 우선순위 판단이 늦어 대응이 지연된 적이 있었습니다. 또한 멘토링, 꼼꼼함 측면도 보완하면 더 좋겠습니다."
R000274,2025H1,X-0027,DP0057,DP0065,2025-06-20,금융사 가 데이터 마트 구축 수행 기간 동안 팀의 핵심 인력으로 활약했습니다. 막힌 이슈를 작은 단위로 쪼개 가설을 검증하는 방식으로 해결 시간을 크게 단축했습니다. 주니어의 코드 리뷰에 이유까지 설명해 주어 팀의 성장에 기여했습니다.,"기존 방식에 익숙해 새로운 대안을 검토하는 데는 소극적이었습니다. 또한 성실, 리더십, 책임감 측면도 보완하면 더 좋겠습니다."
R000275,2025H1,X-0027,DP0018,DP0065,2025-06-20,금융사 가 데이터 마트 구축을(를) 진행하는 동안 금융 고객 환경을 잘 이해하고 안정적으로 수행했습니다. 적재 파이프라인 중 발생한 복합 장애의 근본 원인을 빠르게 찾아 재발 방지책까지 마련했습니다.,고객의 갑작스러운 요청에 방어적으로 대응해 협의가 길어진 적이 있었습니다. 또한 창의성 측면도 보완하면 더 좋겠습니다.
R000276,2025H1,X-0020,DP0056,DP0066,2025-06-20,공공기관 무 공공데이터 개방 플랫폼 구축 수행 기간 동안 팀의 핵심 인력으로 활약했습니다. 주니어의 코드 리뷰에 이유까지 설명해 주어 팀의 성장에 기여했습니다. 개선 아이디어를 적극적으로 제안하고 직접 시범 적용까지 해 보였습니다. 고객사 담당자와도 편하게 소통하는 친화력 덕분에 협의가 한결 수월했습니다.,알고 있는 노하우를 팀에 공유하는 빈도가 낮아 지식이 한 사람에게 몰렸습니다.
R000277,2025H1,X-0020,DP0091,DP0066,2025-06-20,공공기관 무 공공데이터 개방 플랫폼 구축 수행 기간 동안 팀의 핵심 인력으로 활약했습니다. 신규 인원에게 업무 맥락을 차근차근 설명해 적응 기간을 크게 줄여 주었습니다. 설계 의도와 운영 절차를 잘 정리해 두어 인수인계가 매끄러웠습니다. 새로운 요구가 생기면 먼저 손을 들고 나서서 초기 검토를 맡아 주었습니다. 처음 합류한 인원들과도 금방 어울려 팀 분위기를 부드럽게 만들어 주었습니다.,요구사항을 구조화하기 전에 구현부터 시작하는 경우가 있어 사전 기획을 보완하면 좋겠습니다. 또한 책임감 측면도 보완하면 더 좋겠습니다.
R000278,2025H1,X-0020,DP0062,DP0066,2025-06-20,공공기관 무 공공데이터 개방 플랫폼 구축을(를) 진행하는 동안 공공 고객 환경을 잘 이해하고 안정적으로 수행했습니다. 처음 접한 메타데이터 관리도 짧은 시간에 익혀 바로 실무에 적용했습니다. 처음 합류한 인원들과도 금방 어울려 팀 분위기를 부드럽게 만들어 주었습니다. 설계 의도와 운영 절차를 잘 정리해 두어 인수인계가 매끄러웠습니다.,새로운 과제에는 먼저 나서기보다 지켜보는 편이라 조금 더 적극적이면 좋겠습니다. 또한 소통 측면도 보완하면 더 좋겠습니다.
R000279,2025H1,X-0020,DP0089,DP0066,2025-06-20,공공기관 무 공공데이터 개방 플랫폼 구축을(를) 진행하는 동안 공공 고객 환경을 잘 이해하고 안정적으로 수행했습니다. 고객사 담당자와도 편하게 소통하는 친화력 덕분에 협의가 한결 수월했습니다. 새로운 요구가 생기면 먼저 손을 들고 나서서 초기 검토를 맡아 주었습니다. 맡은 데이터 정제 범위를 끝까지 책임지고 마무리해 팀이 일정 걱정 없이 다음 단계로 넘어갈 수 있었습니다.,세부 설정값 검토가 빠져 배포 후 수정이 생긴 적이 있었습니다.
R000280,2025H1,X-0020,DP0072,DP0066,2025-06-20,공공기관 무 공공데이터 개방 플랫폼 구축 업무에서 함께 일하며 많은 도움을 받았습니다. 처음 합류한 인원들과도 금방 어울려 팀 분위기를 부드럽게 만들어 주었습니다. 마일스톤별 위험 요소를 미리 관리해 데이터 정제 일정을 한 번도 놓치지 않았습니다. 신규 인원에게 업무 맥락을 차근차근 설명해 적응 기간을 크게 줄여 주었습니다.,"다만 경계가 애매한 업무는 먼저 맡으려 하지 않는 경우가 있어 주인 의식을 조금 더 보여 주면 좋겠습니다. 또한 꼼꼼함, 소통 측면도 보완하면 더 좋겠습니다."
R000281,2025H1,X-0100,DP0022,DP0067,2025-06-20,금융사 카 비정형 문서 메타데이터 전환 수행 기간 동안 팀의 핵심 인력으로 활약했습니다. 매일 진행 상황을 꾸준히 공유하고 반복 점검 업무도 빠짐없이 챙겨 신뢰가 갔습니다. 적재 파이프라인 중 발생한 복합 장애의 근본 원인을 빠르게 찾아 재발 방지책까지 마련했습니다. 코드 리뷰에서 품질 기준을 일관되게 지켜 팀의 결과물 수준을 끌어올렸습니다. 회의 때마다 쟁점을 쉽게 정리해 이해관계자들의 합의를 빠르게 이끌었습니다.,주니어에게 피드백을 줄 때 이유 설명이 짧아 학습 효과가 제한적이었습니다.
R000282,2025H1,X-0057,DP0025,DP0067,2025-06-20,금융사 카 데이터 마트 구축 업무에서 함께 일하며 많은 도움을 받았습니다. 회의 때마다 쟁점을 쉽게 정리해 이해관계자들의 합의를 빠르게 이끌었습니다. 다른 파트의 일정까지 살피며 먼저 도움을 제안해 팀 전체 속도를 끌어올렸습니다. 새로운 요구가 생기면 먼저 손을 들고 나서서 초기 검토를 맡아 주었습니다.,다만 경계가 애매한 업무는 먼저 맡으려 하지 않는 경우가 있어 주인 의식을 조금 더 보여 주면 좋겠습니다. 또한 위기대응 측면도 보완하면 더 좋겠습니다.
R000283,2025H1,X-0100,DP0042,DP0067,2025-06-20,금융사 카 비정형 문서 메타데이터 전환을(를) 진행하는 동안 금융 고객 환경을 잘 이해하고 안정적으로 수행했습니다. 다른 파트의 일정까지 살피며 먼저 도움을 제안해 팀 전체 속도를 끌어올렸습니다. 회의 때마다 쟁점을 쉽게 정리해 이해관계자들의 합의를 빠르게 이끌었습니다. 일정이 흔들릴 때 우선순위를 다시 세우고 팀을 안정적으로 이끌었습니다. 매일 진행 상황을 꾸준히 공유하고 반복 점검 업무도 빠짐없이 챙겨 신뢰가 갔습니다. 그 밖에도 일정관리 측면에서 좋은 모습을 보였습니다.,긴급 상황에서 우선순위 판단이 늦어 대응이 지연된 적이 있었습니다. 또한 전문성 측면도 보완하면 더 좋겠습니다.
R000284,2025H1,X-0057,DP0014,DP0067,2025-06-20,금융사 카 데이터 마트 구축을(를) 진행하는 동안 금융 고객 환경을 잘 이해하고 안정적으로 수행했습니다. 적재 파이프라인 중 발생한 복합 장애의 근본 원인을 빠르게 찾아 재발 방지책까지 마련했습니다. 고객사와 개발팀 사이에서 요구사항을 명확히 전달해 재작업을 크게 줄였습니다. 데이터·개발·운영 담당 사이의 연결고리 역할을 맡아 협업 병목을 풀어 주었습니다.,데이터 모델링 심화 영역에서는 판단 근거가 부족한 경우가 있어 추가 학습이 필요해 보입니다. 또한 위기대응 측면도 보완하면 더 좋겠습니다.
R000285,2025H1,X-0057,DP0023,DP0067,2025-06-20,금융사 카 데이터 마트 구축 수행 기간 동안 팀의 핵심 인력으로 활약했습니다. 데이터·개발·운영 담당 사이의 연결고리 역할을 맡아 협업 병목을 풀어 주었습니다. 작업량을 현실적으로 추정해 일정 계획의 정확도를 높였습니다. 새로운 요구가 생기면 먼저 손을 들고 나서서 초기 검토를 맡아 주었습니다. 고객의 급한 요청에도 차분하게 대응해 신뢰를 얻었고 추가 요구 협상도 잘 이끌었습니다.,메타데이터 관리 심화 영역에서는 판단 근거가 부족한 경우가 있어 추가 학습이 필요해 보입니다. 또한 위기대응 측면도 보완하면 더 좋겠습니다.
R000286,2025H1,X-0057,DP0007,DP0067,2025-06-20,금융사 카 데이터 마트 구축을(를) 진행하는 동안 금융 고객 환경을 잘 이해하고 안정적으로 수행했습니다. 눈에 잘 띄지 않는 적재 파이프라인 작업도 성실하게 처리해 품질 기반을 다져 주었습니다. 코드 리뷰에서 품질 기준을 일관되게 지켜 팀의 결과물 수준을 끌어올렸습니다. 고객의 급한 요청에도 차분하게 대응해 신뢰를 얻었고 추가 요구 협상도 잘 이끌었습니다. 회의 때마다 쟁점을 쉽게 정리해 이해관계자들의 합의를 빠르게 이끌었습니다. 그 밖에도 친화력 측면에서 좋은 모습을 보였습니다.,변경 사항 문서화가 늦어 인수인계 때 다시 확인해야 하는 일이 있었습니다.
R000287,2025H1,X-0020,DP0058,DP0068,2025-06-20,공공기관 무 공공데이터 개방 플랫폼 구축 수행 기간 동안 팀의 핵심 인력으로 활약했습니다. 문제가 생겼을 때 남에게 미루지 않고 본인 일처럼 책임지고 원인을 정리해 주었습니다.,"긴급 상황에서 우선순위 판단이 늦어 대응이 지연된 적이 있었습니다. 또한 기획력, 적극성, 품질의식 측면도 보완하면 더 좋겠습니다."
R000288,2025H1,X-0020,DP0015,DP0068,2025-06-20,공공기관 무 공공데이터 개방 플랫폼 구축 업무에서 함께 일하며 많은 도움을 받았습니다. 작업량을 현실적으로 추정해 일정 계획의 정확도를 높였습니다. 검수 체크리스트를 촘촘하게 운영해 고객 검수에서 지적이 거의 나오지 않았습니다.,"고객의 갑작스러운 요청에 방어적으로 대응해 협의가 길어진 적이 있었습니다. 또한 위기대응, 품질의식 측면도 보완하면 더 좋겠습니다."
R000289,2025H1,X-0020,DP0044,DP0068,2025-06-20,공공기관 무 공공데이터 개방 플랫폼 구축 수행 기간 동안 팀의 핵심 인력으로 활약했습니다. 다른 파트의 일정까지 살피며 먼저 도움을 제안해 팀 전체 속도를 끌어올렸습니다.,"긴급 상황에서 우선순위 판단이 늦어 대응이 지연된 적이 있었습니다. 또한 기획력, 고객대응 측면도 보완하면 더 좋겠습니다."
R000290,2025H1,X-0020,DP0019,DP0068,2025-06-20,공공기관 무 공공데이터 개방 플랫폼 구축 업무에서 함께 일하며 많은 도움을 받았습니다. 산출물과 설정값을 꼼꼼하게 대조해 배포 전 결함을 여러 건 미리 잡아냈습니다. 다른 파트의 일정까지 살피며 먼저 도움을 제안해 팀 전체 속도를 끌어올렸습니다. 문제가 생겼을 때 남에게 미루지 않고 본인 일처럼 책임지고 원인을 정리해 주었습니다.,"기존 방식에 익숙해 새로운 대안을 검토하는 데는 소극적이었습니다. 또한 품질의식, 학습력 측면도 보완하면 더 좋겠습니다."
R000291,2025H1,X-0020,DP0091,DP0068,2025-06-20,공공기관 무 공공데이터 개방 플랫폼 구축 업무에서 함께 일하며 많은 도움을 받았습니다. 맡은 데이터 정제 범위를 끝까지 책임지고 마무리해 팀이 일정 걱정 없이 다음 단계로 넘어갈 수 있었습니다.,"의견이 엇갈릴 때 방향을 정리해 주는 역할은 조금 더 기대됩니다. 또한 고객대응, 학습력 측면도 보완하면 더 좋겠습니다."
R000292,2025H1,X-0006,DP0026,DP0069,2025-06-20,금융사 바2 차세대 데이터 플랫폼 구축을(를) 진행하는 동안 금융 고객 환경을 잘 이해하고 안정적으로 수행했습니다. 테스트 기준을 스스로 높게 잡아 운영 이관 후 장애가 거의 없었습니다. 처음 접한 Airflow도 짧은 시간에 익혀 바로 실무에 적용했습니다. 고객사와 개발팀 사이에서 요구사항을 명확히 전달해 재작업을 크게 줄였습니다. 막힌 이슈를 작은 단위로 쪼개 가설을 검증하는 방식으로 해결 시간을 크게 단축했습니다. 그 밖에도 문서화 측면에서 좋은 모습을 보였습니다.,고객의 갑작스러운 요청에 방어적으로 대응해 협의가 길어진 적이 있었습니다.
R000293,2025H1,X-0006,DP0055,DP0069,2025-06-20,금융사 바2 차세대 데이터 플랫폼 구축을(를) 진행하는 동안 금융 고객 환경을 잘 이해하고 안정적으로 수행했습니다. 테스트 기준을 스스로 높게 잡아 운영 이관 후 장애가 거의 없었습니다. 변경 이력과 의사결정 배경을 꾸준히 기록해 고객 보고에 큰 도움이 되었습니다. 새 도메인 지식을 빠르게 흡수해 투입 초기부터 제 몫을 해냈습니다. 일정이 흔들릴 때 우선순위를 다시 세우고 팀을 안정적으로 이끌었습니다. 그 밖에도 기술공유 측면에서 좋은 모습을 보였습니다.,세부 설정값 검토가 빠져 배포 후 수정이 생긴 적이 있었습니다.
R000294,2025H1,X-0006,DP0012,DP0069,2025-06-20,금융사 바2 차세대 데이터 플랫폼 구축 업무에서 함께 일하며 많은 도움을 받았습니다. 설계 의도와 운영 절차를 잘 정리해 두어 인수인계가 매끄러웠습니다. 코드 리뷰에서 품질 기준을 일관되게 지켜 팀의 결과물 수준을 끌어올렸습니다. 핵심 담당자으로서 팀원 각자의 역량을 파악해 일을 배분하고 끝까지 이끄는 리더십이 뛰어났습니다.,새로운 과제에는 먼저 나서기보다 지켜보는 편이라 조금 더 적극적이면 좋겠습니다. 또한 꼼꼼함 측면도 보완하면 더 좋겠습니다.
R000295,2025H1,X-0006,DP0042,DP0070,2025-06-20,금융사 바2 차세대 데이터 플랫폼 구축 업무에서 함께 일하며 많은 도움을 받았습니다. 막힌 이슈를 작은 단위로 쪼개 가설을 검증하는 방식으로 해결 시간을 크게 단축했습니다. 맡은 메타데이터 설계 범위를 끝까지 책임지고 마무리해 팀이 일정 걱정 없이 다음 단계로 넘어갈 수 있었습니다. 새 도메인 지식을 빠르게 흡수해 투입 초기부터 제 몫을 해냈습니다.,긴급 상황에서 우선순위 판단이 늦어 대응이 지연된 적이 있었습니다.
R000296,2025H1,X-0006,DP0029,DP0070,2025-06-20,금융사 바2 차세대 데이터 플랫폼 구축 업무에서 함께 일하며 많은 도움을 받았습니다. 변경 이력과 의사결정 배경을 꾸준히 기록해 고객 보고에 큰 도움이 되었습니다. 개선 아이디어를 적극적으로 제안하고 직접 시범 적용까지 해 보였습니다.,"메타데이터 관리 심화 영역에서는 판단 근거가 부족한 경우가 있어 추가 학습이 필요해 보입니다. 또한 소통, 고객대응 측면도 보완하면 더 좋겠습니다."
R000297,2025H1,X-0006,DP0069,DP0070,2025-06-20,금융사 바2 차세대 데이터 플랫폼 구축 업무에서 함께 일하며 많은 도움을 받았습니다. 직접 겪은 시행착오를 정리해 공유해 다른 팀원들이 같은 실수를 피할 수 있었습니다. 처음 합류한 인원들과도 금방 어울려 팀 분위기를 부드럽게 만들어 주었습니다.,요구사항을 구조화하기 전에 구현부터 시작하는 경우가 있어 사전 기획을 보완하면 좋겠습니다. 또한 꼼꼼함 측면도 보완하면 더 좋겠습니다.
R000298,2025H1,X-0027,DP0047,DP0071,2025-06-20,금융사 가 데이터 마트 구축 업무에서 함께 일하며 많은 도움을 받았습니다. 고객의 모호한 요구를 단계별 실행 계획으로 정리해 범위 변경을 줄였습니다. 마일스톤별 위험 요소를 미리 관리해 적재 파이프라인 일정을 한 번도 놓치지 않았습니다. 산출물과 설정값을 꼼꼼하게 대조해 배포 전 결함을 여러 건 미리 잡아냈습니다.,알고 있는 노하우를 팀에 공유하는 빈도가 낮아 지식이 한 사람에게 몰렸습니다. 또한 성실 측면도 보완하면 더 좋겠습니다.
R000299,2025H1,X-0027,DP0096,DP0071,2025-06-20,금융사 가 데이터 마트 구축 업무에서 함께 일하며 많은 도움을 받았습니다. 일정이 크게 흔들린 시점에 대응 계획을 빠르게 세워 위기를 넘겼습니다. 맡은 적재 파이프라인 범위를 끝까지 책임지고 마무리해 팀이 일정 걱정 없이 다음 단계로 넘어갈 수 있었습니다.,알고 있는 노하우를 팀에 공유하는 빈도가 낮아 지식이 한 사람에게 몰렸습니다. 또한 성실 측면도 보완하면 더 좋겠습니다.
R000300,2025H1,X-0027,DP0074,DP0071,2025-06-20,금융사 가 데이터 마트 구축 업무에서 함께 일하며 많은 도움을 받았습니다. 일정이 크게 흔들린 시점에 대응 계획을 빠르게 세워 위기를 넘겼습니다. 처음 합류한 인원들과도 금방 어울려 팀 분위기를 부드럽게 만들어 주었습니다. 적재 파이프라인의 핵심 기능을 직접 설계하며 요구사항을 구조화하는 기획력이 돋보였습니다.,테스트 범위를 좁게 잡아 회귀 결함이 뒤늦게 발견된 적이 있었습니다. 또한 기술공유 측면도 보완하면 더 좋겠습니다.
R000301,2025H1,X-0027,DP0065,DP0071,2025-06-20,금융사 가 데이터 마트 구축 수행 기간 동안 팀의 핵심 인력으로 활약했습니다. 일정이 크게 흔들린 시점에 대응 계획을 빠르게 세워 위기를 넘겼습니다. 막힌 이슈를 작은 단위로 쪼개 가설을 검증하는 방식으로 해결 시간을 크게 단축했습니다. 적재 파이프라인의 핵심 기능을 직접 설계하며 요구사항을 구조화하는 기획력이 돋보였습니다. 회의 때마다 쟁점을 쉽게 정리해 이해관계자들의 합의를 빠르게 이끌었습니다.,반복 점검 업무를 마감 직전까지 미루는 경우가 있어 꾸준함이 조금 아쉬웠습니다.
R000302,2025H1,X-0027,DP0057,DP0071,2025-06-20,금융사 가 데이터 마트 구축 수행 기간 동안 팀의 핵심 인력으로 활약했습니다. 고객의 모호한 요구를 단계별 실행 계획으로 정리해 범위 변경을 줄였습니다. 마일스톤별 위험 요소를 미리 관리해 적재 파이프라인 일정을 한 번도 놓치지 않았습니다.,의견이 엇갈릴 때 방향을 정리해 주는 역할은 조금 더 기대됩니다. 또한 기술공유 측면도 보완하면 더 좋겠습니다.
R000303,2025H1,X-0020,DP0062,DP0072,2025-06-20,공공기관 무 공공데이터 개방 플랫폼 구축을(를) 진행하는 동안 공공 고객 환경을 잘 이해하고 안정적으로 수행했습니다. 일정이 크게 흔들린 시점에 대응 계획을 빠르게 세워 위기를 넘겼습니다. 작업량을 현실적으로 추정해 일정 계획의 정확도를 높였습니다. 데이터 모델링 관련 이슈가 생길 때마다 정확한 판단으로 해결 방향을 제시해 팀의 기준점이 되었습니다.,알고 있는 노하우를 팀에 공유하는 빈도가 낮아 지식이 한 사람에게 몰렸습니다. 또한 소통 측면도 보완하면 더 좋겠습니다.
R000304,2025H1,X-0020,DP0019,DP0072,2025-06-20,공공기관 무 공공데이터 개방 플랫폼 구축 업무에서 함께 일하며 많은 도움을 받았습니다. 처음 접한 SQL도 짧은 시간에 익혀 바로 실무에 적용했습니다. 다른 파트의 일정까지 살피며 먼저 도움을 제안해 팀 전체 속도를 끌어올렸습니다.,긴급 상황에서 우선순위 판단이 늦어 대응이 지연된 적이 있었습니다.
R000305,2025H1,X-0020,DP0017,DP0072,2025-06-20,공공기관 무 공공데이터 개방 플랫폼 구축 수행 기간 동안 팀의 핵심 인력으로 활약했습니다. 설계 의도와 운영 절차를 잘 정리해 두어 인수인계가 매끄러웠습니다. 막힌 이슈를 작은 단위로 쪼개 가설을 검증하는 방식으로 해결 시간을 크게 단축했습니다.,다만 경계가 애매한 업무는 먼저 맡으려 하지 않는 경우가 있어 주인 의식을 조금 더 보여 주면 좋겠습니다.
R000306,2025H1,X-0006,DP0003,DP0073,2025-06-20,금융사 바2 차세대 데이터 플랫폼 구축 수행 기간 동안 팀의 핵심 인력으로 활약했습니다. 문제가 생겼을 때 남에게 미루지 않고 본인 일처럼 책임지고 원인을 정리해 주었습니다.,"진행 상황 공유가 늦어 다른 담당자가 뒤늦게 파악하는 일이 있었습니다. 또한 리더십, 위기대응 측면도 보완하면 더 좋겠습니다."
R000307,2025H1,X-0006,DP0009,DP0073,2025-06-20,금융사 바2 차세대 데이터 플랫폼 구축 업무에서 함께 일하며 많은 도움을 받았습니다. 매일 진행 상황을 꾸준히 공유하고 반복 점검 업무도 빠짐없이 챙겨 신뢰가 갔습니다. 처음 합류한 인원들과도 금방 어울려 팀 분위기를 부드럽게 만들어 주었습니다.,"진행 상황 공유가 늦어 다른 담당자가 뒤늦게 파악하는 일이 있었습니다. 또한 위기대응, 리더십, 협업, 적극성 측면도 보완하면 더 좋겠습니다."
R000308,2025H1,X-0006,DP0049,DP0073,2025-06-20,금융사 바2 차세대 데이터 플랫폼 구축을(를) 진행하는 동안 금융 고객 환경을 잘 이해하고 안정적으로 수행했습니다. 주니어의 코드 리뷰에 이유까지 설명해 주어 팀의 성장에 기여했습니다.,"새로운 과제에는 먼저 나서기보다 지켜보는 편이라 조금 더 적극적이면 좋겠습니다. 또한 일정관리, 위기대응 측면도 보완하면 더 좋겠습니다."
R000309,2025H1,X-0027,DP0065,DP0074,2025-06-20,금융사 가 데이터 마트 구축 업무에서 함께 일하며 많은 도움을 받았습니다. 고객사와 개발팀 사이에서 요구사항을 명확히 전달해 재작업을 크게 줄였습니다.,"기존 방식에 익숙해 새로운 대안을 검토하는 데는 소극적이었습니다. 또한 멘토링, 일정관리 측면도 보완하면 더 좋겠습니다."
R000310,2025H1,X-0027,DP0047,DP0074,2025-06-20,금융사 가 데이터 마트 구축을(를) 진행하는 동안 금융 고객 환경을 잘 이해하고 안정적으로 수행했습니다. 직접 겪은 시행착오를 정리해 공유해 다른 팀원들이 같은 실수를 피할 수 있었습니다.,진행 상황 공유가 늦어 다른 담당자가 뒤늦게 파악하는 일이 있었습니다. 또한 꼼꼼함 측면도 보완하면 더 좋겠습니다.
R000311,2025H1,X-0027,DP0022,DP0074,2025-06-20,금융사 가 데이터 마트 구축 업무에서 함께 일하며 많은 도움을 받았습니다. 산출물과 설정값을 꼼꼼하게 대조해 배포 전 결함을 여러 건 미리 잡아냈습니다. 설계 의도와 운영 절차를 잘 정리해 두어 인수인계가 매끄러웠습니다.,주니어에게 피드백을 줄 때 이유 설명이 짧아 학습 효과가 제한적이었습니다. 또한 창의성 측면도 보완하면 더 좋겠습니다.
R000312,2025H1,X-0027,DP0043,DP0074,2025-06-20,금융사 가 데이터 마트 구축을(를) 진행하는 동안 금융 고객 환경을 잘 이해하고 안정적으로 수행했습니다. 고객의 모호한 요구를 단계별 실행 계획으로 정리해 범위 변경을 줄였습니다. 코드 리뷰에서 품질 기준을 일관되게 지켜 팀의 결과물 수준을 끌어올렸습니다.,"반복 점검 업무를 마감 직전까지 미루는 경우가 있어 꾸준함이 조금 아쉬웠습니다. 또한 적극성, 책임감 측면도 보완하면 더 좋겠습니다."
R000313,2025H1,X-0050,DP0055,DP0075,2025-06-20,계열사 C 데이터 레이크 고도화 수행 기간 동안 팀의 핵심 인력으로 활약했습니다. Data Lake & Data Catalog 관련 이슈가 생길 때마다 정확한 판단으로 해결 방향을 제시해 팀의 기준점이 되었습니다. 새로운 요구가 생기면 먼저 손을 들고 나서서 초기 검토를 맡아 주었습니다. 회의 때마다 쟁점을 쉽게 정리해 이해관계자들의 합의를 빠르게 이끌었습니다. 코드 리뷰에서 품질 기준을 일관되게 지켜 팀의 결과물 수준을 끌어올렸습니다.,기존 방식에 익숙해 새로운 대안을 검토하는 데는 소극적이었습니다.
R000314,2025H1,X-0050,DP0095,DP0075,2025-06-20,계열사 C 데이터 레이크 고도화 수행 기간 동안 팀의 핵심 인력으로 활약했습니다. 문제가 생겼을 때 남에게 미루지 않고 본인 일처럼 책임지고 원인을 정리해 주었습니다. 카탈로그 구축 중 발생한 복합 장애의 근본 원인을 빠르게 찾아 재발 방지책까지 마련했습니다. 기존 방식에 얽매이지 않는 대안을 제시해 카탈로그 구축의 처리 속도를 크게 개선했습니다. 데이터·개발·운영 담당 사이의 연결고리 역할을 맡아 협업 병목을 풀어 주었습니다.,반복 점검 업무를 마감 직전까지 미루는 경우가 있어 꾸준함이 조금 아쉬웠습니다.
R000315,2025H1,X-0050,DP0013,DP0075,2025-06-20,계열사 C 데이터 레이크 고도화 업무에서 함께 일하며 많은 도움을 받았습니다. Data Lake & Data Catalog 관련 이슈가 생길 때마다 정확한 판단으로 해결 방향을 제시해 팀의 기준점이 되었습니다. 개선 아이디어를 적극적으로 제안하고 직접 시범 적용까지 해 보였습니다. 테스트 기준을 스스로 높게 잡아 운영 이관 후 장애가 거의 없었습니다. 회의 때마다 쟁점을 쉽게 정리해 이해관계자들의 합의를 빠르게 이끌었습니다.,세부 설정값 검토가 빠져 배포 후 수정이 생긴 적이 있었습니다.
R000316,2025H1,X-0050,DP0049,DP0075,2025-06-20,계열사 C 데이터 레이크 고도화 수행 기간 동안 팀의 핵심 인력으로 활약했습니다. 다른 파트의 일정까지 살피며 먼저 도움을 제안해 팀 전체 속도를 끌어올렸습니다.,기존 방식에 익숙해 새로운 대안을 검토하는 데는 소극적이었습니다. 또한 성실 측면도 보완하면 더 좋겠습니다.
R000317,2025H1,X-0027,DP0074,DP0076,2025-06-20,금융사 가 데이터 마트 구축을(를) 진행하는 동안 금융 고객 환경을 잘 이해하고 안정적으로 수행했습니다. 직접 겪은 시행착오를 정리해 공유해 다른 팀원들이 같은 실수를 피할 수 있었습니다. 맡은 적재 파이프라인 범위를 끝까지 책임지고 마무리해 팀이 일정 걱정 없이 다음 단계로 넘어갈 수 있었습니다. 일정이 크게 흔들린 시점에 대응 계획을 빠르게 세워 위기를 넘겼습니다. 주니어의 코드 리뷰에 이유까지 설명해 주어 팀의 성장에 기여했습니다.,새 기술 도입에 시간이 다소 걸려 초기 일정에 부담이 있었습니다.
R000318,2025H1,X-0027,DP0022,DP0076,2025-06-20,금융사 가 데이터 마트 구축 업무에서 함께 일하며 많은 도움을 받았습니다. 기술 리더으로서 팀원 각자의 역량을 파악해 일을 배분하고 끝까지 이끄는 리더십이 뛰어났습니다. 직접 겪은 시행착오를 정리해 공유해 다른 팀원들이 같은 실수를 피할 수 있었습니다. 주니어의 코드 리뷰에 이유까지 설명해 주어 팀의 성장에 기여했습니다.,작업량 추정이 낙관적이어서 일정이 밀린 적이 몇 번 있었습니다.
R000319,2025H1,X-0027,DP0018,DP0076,2025-06-20,금융사 가 데이터 마트 구축을(를) 진행하는 동안 금융 고객 환경을 잘 이해하고 안정적으로 수행했습니다. 새로운 요구가 생기면 먼저 손을 들고 나서서 초기 검토를 맡아 주었습니다.,다만 경계가 애매한 업무는 먼저 맡으려 하지 않는 경우가 있어 주인 의식을 조금 더 보여 주면 좋겠습니다. 또한 리더십 측면도 보완하면 더 좋겠습니다.
R000320,2025H1,X-0027,DP0047,DP0076,2025-06-20,금융사 가 데이터 마트 구축 수행 기간 동안 팀의 핵심 인력으로 활약했습니다. 테스트 기준을 스스로 높게 잡아 운영 이관 후 장애가 거의 없었습니다. 제약이 많은 상황에서도 새로운 접근을 찾아내 고객의 호평을 받았습니다. 적재 파이프라인의 핵심 기능을 직접 설계하며 요구사항을 구조화하는 기획력이 돋보였습니다. Kafka 노하우를 문서와 짧은 세션으로 공유해 팀 전체의 수준을 끌어올렸습니다.,고객의 갑작스러운 요청에 방어적으로 대응해 협의가 길어진 적이 있었습니다.
R000321,2025H1,X-0027,DP0096,DP0076,2025-06-20,금융사 가 데이터 마트 구축 업무에서 함께 일하며 많은 도움을 받았습니다. 다른 파트의 일정까지 살피며 먼저 도움을 제안해 팀 전체 속도를 끌어올렸습니다. 신규 인원에게 업무 맥락을 차근차근 설명해 적응 기간을 크게 줄여 주었습니다. 기존 방식에 얽매이지 않는 대안을 제시해 적재 파이프라인의 처리 속도를 크게 개선했습니다.,고객의 갑작스러운 요청에 방어적으로 대응해 협의가 길어진 적이 있었습니다.
R000322,2025H1,X-0027,DP0065,DP0076,2025-06-20,금융사 가 데이터 마트 구축을(를) 진행하는 동안 금융 고객 환경을 잘 이해하고 안정적으로 수행했습니다. 제약이 많은 상황에서도 새로운 접근을 찾아내 고객의 호평을 받았습니다. 설계 의도와 운영 절차를 잘 정리해 두어 인수인계가 매끄러웠습니다. 신규 인원에게 업무 맥락을 차근차근 설명해 적응 기간을 크게 줄여 주었습니다. 고객사 현업 담당자의 불만을 경청하고 대안을 제시해 관계를 개선했습니다. 그 밖에도 위기대응 측면에서 좋은 모습을 보였습니다.,테스트 범위를 좁게 잡아 회귀 결함이 뒤늦게 발견된 적이 있었습니다.
R000323,2025H1,X-0057,DP0080,DP0077,2025-06-20,금융사 카 데이터 마트 구축 수행 기간 동안 팀의 핵심 인력으로 활약했습니다. 맡은 적재 파이프라인 범위를 끝까지 책임지고 마무리해 팀이 일정 걱정 없이 다음 단계로 넘어갈 수 있었습니다. 변경 이력과 의사결정 배경을 꾸준히 기록해 고객 보고에 큰 도움이 되었습니다. 제약이 많은 상황에서도 새로운 접근을 찾아내 고객의 호평을 받았습니다. 적재 파이프라인의 핵심 기능을 직접 설계하며 요구사항을 구조화하는 기획력이 돋보였습니다. 그 밖에도 리더십 측면에서 좋은 모습을 보였습니다.,세부 설정값 검토가 빠져 배포 후 수정이 생긴 적이 있었습니다. 또한 문제해결 측면도 보완하면 더 좋겠습니다.
R000324,2025H1,X-0057,DP0023,DP0077,2025-06-20,금융사 카 데이터 마트 구축을(를) 진행하는 동안 금융 고객 환경을 잘 이해하고 안정적으로 수행했습니다. 다른 파트의 일정까지 살피며 먼저 도움을 제안해 팀 전체 속도를 끌어올렸습니다.,"새로 합류한 인원과 거리감이 있어 초기 협업이 다소 더뎠습니다. 또한 꼼꼼함, 멘토링 측면도 보완하면 더 좋겠습니다."
R000325,2025H1,X-0057,DP0014,DP0077,2025-06-20,금융사 카 데이터 마트 구축 업무에서 함께 일하며 많은 도움을 받았습니다. 문제가 생겼을 때 남에게 미루지 않고 본인 일처럼 책임지고 원인을 정리해 주었습니다. 눈에 잘 띄지 않는 적재 파이프라인 작업도 성실하게 처리해 품질 기반을 다져 주었습니다. 데이터·개발·운영 담당 사이의 연결고리 역할을 맡아 협업 병목을 풀어 주었습니다.,"고객의 갑작스러운 요청에 방어적으로 대응해 협의가 길어진 적이 있었습니다. 또한 위기대응, 기획력 측면도 보완하면 더 좋겠습니다."
R000326,2025H1,X-0057,DP0007,DP0077,2025-06-20,금융사 카 데이터 마트 구축 수행 기간 동안 팀의 핵심 인력으로 활약했습니다. 적재 파이프라인의 핵심 기능을 직접 설계하며 요구사항을 구조화하는 기획력이 돋보였습니다. 작업량을 현실적으로 추정해 일정 계획의 정확도를 높였습니다. 변경 이력과 의사결정 배경을 꾸준히 기록해 고객 보고에 큰 도움이 되었습니다.,Python 심화 영역에서는 판단 근거가 부족한 경우가 있어 추가 학습이 필요해 보입니다. 또한 적극성 측면도 보완하면 더 좋겠습니다.
R000327,2025H1,X-0050,DP0049,DP0078,2025-06-20,계열사 C 데이터 레이크 고도화 업무에서 함께 일하며 많은 도움을 받았습니다. 새 도메인 지식을 빠르게 흡수해 투입 초기부터 제 몫을 해냈습니다.,반복 점검 업무를 마감 직전까지 미루는 경우가 있어 꾸준함이 조금 아쉬웠습니다.
R000328,2025H1,X-0001,DP0086,DP0078,2025-06-20,금융사 가2 비정형 문서 메타데이터 전환 수행 기간 동안 팀의 핵심 인력으로 활약했습니다. 데이터·개발·운영 담당 사이의 연결고리 역할을 맡아 협업 병목을 풀어 주었습니다. 주니어의 코드 리뷰에 이유까지 설명해 주어 팀의 성장에 기여했습니다. 운영 중 긴급 장애가 났을 때 침착하게 상황을 정리하고 복구를 주도했습니다. SQL 분야의 깊은 전문성으로 설계 단계에서 기술적 리스크를 먼저 짚어 냈습니다. 그 밖에도 학습력 측면에서 좋은 모습을 보였습니다.,세부 설정값 검토가 빠져 배포 후 수정이 생긴 적이 있었습니다. 또한 창의성 측면도 보완하면 더 좋겠습니다.
R000329,2025H1,X-0001,DP0034,DP0078,2025-06-20,금융사 가2 비정형 문서 메타데이터 전환 업무에서 함께 일하며 많은 도움을 받았습니다. ETL 노하우를 문서와 짧은 세션으로 공유해 팀 전체의 수준을 끌어올렸습니다. 신규 인원에게 업무 맥락을 차근차근 설명해 적응 기간을 크게 줄여 주었습니다.,본인 범위에 집중하다 보니 다른 파트와의 연계가 늦어지는 경우가 있었습니다. 또한 고객대응 측면도 보완하면 더 좋겠습니다.
R000330,2025H1,X-0001,DP0091,DP0078,2025-06-20,금융사 가2 비정형 문서 메타데이터 전환 수행 기간 동안 팀의 핵심 인력으로 활약했습니다. 제약이 많은 상황에서도 새로운 접근을 찾아내 고객의 호평을 받았습니다. 주니어의 코드 리뷰에 이유까지 설명해 주어 팀의 성장에 기여했습니다.,세부 설정값 검토가 빠져 배포 후 수정이 생긴 적이 있었습니다. 또한 적극성 측면도 보완하면 더 좋겠습니다.
R000331,2025H1,X-0001,DP0061,DP0079,2025-06-20,금융사 가2 비정형 문서 메타데이터 전환을(를) 진행하는 동안 금융 고객 환경을 잘 이해하고 안정적으로 수행했습니다. 메타데이터 설계 중 발생한 복합 장애의 근본 원인을 빠르게 찾아 재발 방지책까지 마련했습니다. 처음 접한 Text Analysis도 짧은 시간에 익혀 바로 실무에 적용했습니다. 변경 이력과 의사결정 배경을 꾸준히 기록해 고객 보고에 큰 도움이 되었습니다.,새로 합류한 인원과 거리감이 있어 초기 협업이 다소 더뎠습니다. 또한 품질의식 측면도 보완하면 더 좋겠습니다.
R000332,2025H1,X-0001,DP0036,DP0079,2025-06-20,금융사 가2 비정형 문서 메타데이터 전환 업무에서 함께 일하며 많은 도움을 받았습니다. ETL 노하우를 문서와 짧은 세션으로 공유해 팀 전체의 수준을 끌어올렸습니다. 신규 인원에게 업무 맥락을 차근차근 설명해 적응 기간을 크게 줄여 주었습니다. 다른 파트의 일정까지 살피며 먼저 도움을 제안해 팀 전체 속도를 끌어올렸습니다. 고객사 현업 담당자의 불만을 경청하고 대안을 제시해 관계를 개선했습니다.,요구사항을 구조화하기 전에 구현부터 시작하는 경우가 있어 사전 기획을 보완하면 좋겠습니다.
R000333,2025H1,X-0001,DP0050,DP0079,2025-06-20,금융사 가2 비정형 문서 메타데이터 전환을(를) 진행하는 동안 금융 고객 환경을 잘 이해하고 안정적으로 수행했습니다. 막힌 이슈를 작은 단위로 쪼개 가설을 검증하는 방식으로 해결 시간을 크게 단축했습니다. 설계 의도와 운영 절차를 잘 정리해 두어 인수인계가 매끄러웠습니다. 새 도메인 지식을 빠르게 흡수해 투입 초기부터 제 몫을 해냈습니다.,테스트 범위를 좁게 잡아 회귀 결함이 뒤늦게 발견된 적이 있었습니다.
R000334,2025H1,X-0001,DP0034,DP0079,2025-06-20,금융사 가2 비정형 문서 메타데이터 전환을(를) 진행하는 동안 금융 고객 환경을 잘 이해하고 안정적으로 수행했습니다. 주니어의 코드 리뷰에 이유까지 설명해 주어 팀의 성장에 기여했습니다. 작업량을 현실적으로 추정해 일정 계획의 정확도를 높였습니다. 고객사 담당자와도 편하게 소통하는 친화력 덕분에 협의가 한결 수월했습니다.,기존 방식에 익숙해 새로운 대안을 검토하는 데는 소극적이었습니다.
R000335,2025H1,X-0001,DP0087,DP0079,2025-06-20,금융사 가2 비정형 문서 메타데이터 전환을(를) 진행하는 동안 금융 고객 환경을 잘 이해하고 안정적으로 수행했습니다. 매일 진행 상황을 꾸준히 공유하고 반복 점검 업무도 빠짐없이 챙겨 신뢰가 갔습니다. 막힌 이슈를 작은 단위로 쪼개 가설을 검증하는 방식으로 해결 시간을 크게 단축했습니다. 처음 접한 ETL도 짧은 시간에 익혀 바로 실무에 적용했습니다.,요구사항을 구조화하기 전에 구현부터 시작하는 경우가 있어 사전 기획을 보완하면 좋겠습니다.
R000336,2025H1,X-0057,DP0001,DP0080,2025-06-20,금융사 카 데이터 마트 구축 수행 기간 동안 팀의 핵심 인력으로 활약했습니다. 다른 파트의 일정까지 살피며 먼저 도움을 제안해 팀 전체 속도를 끌어올렸습니다.,"다만 경계가 애매한 업무는 먼저 맡으려 하지 않는 경우가 있어 주인 의식을 조금 더 보여 주면 좋겠습니다. 또한 위기대응, 리더십 측면도 보완하면 더 좋겠습니다."
R000337,2025H1,X-0057,DP0094,DP0080,2025-06-20,금융사 카 데이터 마트 구축 업무에서 함께 일하며 많은 도움을 받았습니다. 처음 접한 SQL도 짧은 시간에 익혀 바로 실무에 적용했습니다. 다른 파트의 일정까지 살피며 먼저 도움을 제안해 팀 전체 속도를 끌어올렸습니다.,"요구사항을 구조화하기 전에 구현부터 시작하는 경우가 있어 사전 기획을 보완하면 좋겠습니다. 또한 문제해결, 꼼꼼함, 책임감 측면도 보완하면 더 좋겠습니다."
R000338,2025H1,X-0057,DP0084,DP0080,2025-06-20,금융사 카 데이터 마트 구축을(를) 진행하는 동안 금융 고객 환경을 잘 이해하고 안정적으로 수행했습니다. 일정이 흔들릴 때 우선순위를 다시 세우고 팀을 안정적으로 이끌었습니다. 처음 합류한 인원들과도 금방 어울려 팀 분위기를 부드럽게 만들어 주었습니다.,요구사항을 구조화하기 전에 구현부터 시작하는 경우가 있어 사전 기획을 보완하면 좋겠습니다. 또한 창의성 측면도 보완하면 더 좋겠습니다.
R000339,2025H1,X-0057,DP0098,DP0080,2025-06-20,금융사 카 데이터 마트 구축 업무에서 함께 일하며 많은 도움을 받았습니다. 다른 파트의 일정까지 살피며 먼저 도움을 제안해 팀 전체 속도를 끌어올렸습니다.,"의견이 엇갈릴 때 방향을 정리해 주는 역할은 조금 더 기대됩니다. 또한 책임감, 창의성, 기술공유 측면도 보완하면 더 좋겠습니다."
R000340,2025H1,X-0006,DP0003,DP0081,2025-06-20,금융사 바2 차세대 데이터 플랫폼 구축 업무에서 함께 일하며 많은 도움을 받았습니다. 문제가 생겼을 때 남에게 미루지 않고 본인 일처럼 책임지고 원인을 정리해 주었습니다.,요구사항을 구조화하기 전에 구현부터 시작하는 경우가 있어 사전 기획을 보완하면 좋겠습니다. 또한 문서화 측면도 보완하면 더 좋겠습니다.
R000341,2025H1,X-0006,DP0073,DP0081,2025-06-20,금융사 바2 차세대 데이터 플랫폼 구축 수행 기간 동안 팀의 핵심 인력으로 활약했습니다. 테스트 기준을 스스로 높게 잡아 운영 이관 후 장애가 거의 없었습니다. 고객사 현업 담당자의 불만을 경청하고 대안을 제시해 관계를 개선했습니다.,"작업량 추정이 낙관적이어서 일정이 밀린 적이 몇 번 있었습니다. 또한 기획력, 창의성, 적극성 측면도 보완하면 더 좋겠습니다."
R000342,2025H1,X-0006,DP0028,DP0081,2025-06-20,금융사 바2 차세대 데이터 플랫폼 구축을(를) 진행하는 동안 금융 고객 환경을 잘 이해하고 안정적으로 수행했습니다. 문제가 생겼을 때 남에게 미루지 않고 본인 일처럼 책임지고 원인을 정리해 주었습니다. 신규 인원에게 업무 맥락을 차근차근 설명해 적응 기간을 크게 줄여 주었습니다.,"작업량 추정이 낙관적이어서 일정이 밀린 적이 몇 번 있었습니다. 또한 기획력, 기술공유 측면도 보완하면 더 좋겠습니다."
R000343,2025H1,X-0006,DP0028,DP0082,2025-06-20,금융사 바2 차세대 데이터 플랫폼 구축을(를) 진행하는 동안 금융 고객 환경을 잘 이해하고 안정적으로 수행했습니다. 맡은 메타데이터 설계 범위를 끝까지 책임지고 마무리해 팀이 일정 걱정 없이 다음 단계로 넘어갈 수 있었습니다. 테스트 기준을 스스로 높게 잡아 운영 이관 후 장애가 거의 없었습니다.,의견이 엇갈릴 때 방향을 정리해 주는 역할은 조금 더 기대됩니다.
R000344,2025H1,X-0006,DP0081,DP0082,2025-06-20,금융사 바2 차세대 데이터 플랫폼 구축을(를) 진행하는 동안 금융 고객 환경을 잘 이해하고 안정적으로 수행했습니다. 주니어의 코드 리뷰에 이유까지 설명해 주어 팀의 성장에 기여했습니다.,"요구사항을 구조화하기 전에 구현부터 시작하는 경우가 있어 사전 기획을 보완하면 좋겠습니다. 또한 학습력, 리더십 측면도 보완하면 더 좋겠습니다."
R000345,2025H1,X-0027,DP0027,DP0082,2025-06-20,금융사 가 데이터 마트 구축 수행 기간 동안 팀의 핵심 인력으로 활약했습니다. 기존 방식에 얽매이지 않는 대안을 제시해 적재 파이프라인의 처리 속도를 크게 개선했습니다.,"새 기술 도입에 시간이 다소 걸려 초기 일정에 부담이 있었습니다. 또한 리더십, 멘토링 측면도 보완하면 더 좋겠습니다."
R000346,2025H1,X-0027,DP0020,DP0082,2025-06-20,금융사 가 데이터 마트 구축 업무에서 함께 일하며 많은 도움을 받았습니다. Text Analysis 분야의 깊은 전문성으로 설계 단계에서 기술적 리스크를 먼저 짚어 냈습니다.,주니어에게 피드백을 줄 때 이유 설명이 짧아 학습 효과가 제한적이었습니다.
R000347,2025H1,X-0057,DP0085,DP0083,2025-06-20,금융사 카 데이터 마트 구축 수행 기간 동안 팀의 핵심 인력으로 활약했습니다. 마일스톤별 위험 요소를 미리 관리해 적재 파이프라인 일정을 한 번도 놓치지 않았습니다.,요구사항을 구조화하기 전에 구현부터 시작하는 경우가 있어 사전 기획을 보완하면 좋겠습니다.
R000348,2025H1,X-0072,DP0001,DP0083,2025-06-20,공공기관 기 공공데이터 개방 플랫폼 구축을(를) 진행하는 동안 공공 고객 환경을 잘 이해하고 안정적으로 수행했습니다. 주니어의 코드 리뷰에 이유까지 설명해 주어 팀의 성장에 기여했습니다. 개방 API 중 발생한 복합 장애의 근본 원인을 빠르게 찾아 재발 방지책까지 마련했습니다.,테스트 범위를 좁게 잡아 회귀 결함이 뒤늦게 발견된 적이 있었습니다.
R000349,2025H1,X-0057,DP0024,DP0083,2025-06-20,금융사 카 데이터 마트 구축 수행 기간 동안 팀의 핵심 인력으로 활약했습니다. 작업량을 현실적으로 추정해 일정 계획의 정확도를 높였습니다.,세부 설정값 검토가 빠져 배포 후 수정이 생긴 적이 있었습니다. 또한 품질의식 측면도 보완하면 더 좋겠습니다.
R000350,2025H1,X-0072,DP0003,DP0083,2025-06-20,공공기관 기 공공데이터 개방 플랫폼 구축 수행 기간 동안 팀의 핵심 인력으로 활약했습니다. 처음 합류한 인원들과도 금방 어울려 팀 분위기를 부드럽게 만들어 주었습니다. 마일스톤별 위험 요소를 미리 관리해 개방 API 일정을 한 번도 놓치지 않았습니다.,"세부 설정값 검토가 빠져 배포 후 수정이 생긴 적이 있었습니다. 또한 기획력, 문제해결, 품질의식 측면도 보완하면 더 좋겠습니다."
R000351,2025H1,X-0072,DP0026,DP0083,2025-06-20,공공기관 기 공공데이터 개방 플랫폼 구축 업무에서 함께 일하며 많은 도움을 받았습니다. 고객사 담당자와도 편하게 소통하는 친화력 덕분에 협의가 한결 수월했습니다. 주니어의 코드 리뷰에 이유까지 설명해 주어 팀의 성장에 기여했습니다. 제약이 많은 상황에서도 새로운 접근을 찾아내 고객의 호평을 받았습니다.,세부 설정값 검토가 빠져 배포 후 수정이 생긴 적이 있었습니다. 또한 기획력 측면도 보완하면 더 좋겠습니다.
R000352,2025H1,X-0057,DP0067,DP0083,2025-06-20,금융사 카 데이터 마트 구축 수행 기간 동안 팀의 핵심 인력으로 활약했습니다. 제약이 많은 상황에서도 새로운 접근을 찾아내 고객의 호평을 받았습니다. 신규 인원에게 업무 맥락을 차근차근 설명해 적응 기간을 크게 줄여 주었습니다.,반복 점검 업무를 마감 직전까지 미루는 경우가 있어 꾸준함이 조금 아쉬웠습니다.
R000353,2025H1,X-0057,DP0001,DP0084,2025-06-20,금융사 카 데이터 마트 구축 업무에서 함께 일하며 많은 도움을 받았습니다. 다른 파트의 일정까지 살피며 먼저 도움을 제안해 팀 전체 속도를 끌어올렸습니다. 테스트 기준을 스스로 높게 잡아 운영 이관 후 장애가 거의 없었습니다. 산출물과 설정값을 꼼꼼하게 대조해 배포 전 결함을 여러 건 미리 잡아냈습니다.,알고 있는 노하우를 팀에 공유하는 빈도가 낮아 지식이 한 사람에게 몰렸습니다. 또한 친화력 측면도 보완하면 더 좋겠습니다.
R000354,2025H1,X-0057,DP0038,DP0084,2025-06-20,금융사 카 데이터 마트 구축 수행 기간 동안 팀의 핵심 인력으로 활약했습니다. 일정이 크게 흔들린 시점에 대응 계획을 빠르게 세워 위기를 넘겼습니다. 다른 파트의 일정까지 살피며 먼저 도움을 제안해 팀 전체 속도를 끌어올렸습니다.,반복 점검 업무를 마감 직전까지 미루는 경우가 있어 꾸준함이 조금 아쉬웠습니다.
R000355,2025H1,X-0057,DP0040,DP0084,2025-06-20,금융사 카 데이터 마트 구축을(를) 진행하는 동안 금융 고객 환경을 잘 이해하고 안정적으로 수행했습니다. 고객의 모호한 요구를 단계별 실행 계획으로 정리해 범위 변경을 줄였습니다.,"새로 합류한 인원과 거리감이 있어 초기 협업이 다소 더뎠습니다. 또한 일정관리, 책임감 측면도 보완하면 더 좋겠습니다."
R000356,2025H1,X-0057,DP0085,DP0084,2025-06-20,금융사 카 데이터 마트 구축 업무에서 함께 일하며 많은 도움을 받았습니다. 데이터·개발·운영 담당 사이의 연결고리 역할을 맡아 협업 병목을 풀어 주었습니다.,새로운 과제에는 먼저 나서기보다 지켜보는 편이라 조금 더 적극적이면 좋겠습니다. 또한 친화력 측면도 보완하면 더 좋겠습니다.
R000357,2025H1,X-0057,DP0067,DP0084,2025-06-20,금융사 카 데이터 마트 구축 수행 기간 동안 팀의 핵심 인력으로 활약했습니다. 설계 의도와 운영 절차를 잘 정리해 두어 인수인계가 매끄러웠습니다. 눈에 잘 띄지 않는 적재 파이프라인 작업도 성실하게 처리해 품질 기반을 다져 주었습니다.,새로 합류한 인원과 거리감이 있어 초기 협업이 다소 더뎠습니다. 또한 책임감 측면도 보완하면 더 좋겠습니다.
R000358,2025H1,X-0057,DP0048,DP0084,2025-06-20,금융사 카 데이터 마트 구축 수행 기간 동안 팀의 핵심 인력으로 활약했습니다. 코드 리뷰에서 품질 기준을 일관되게 지켜 팀의 결과물 수준을 끌어올렸습니다. 기존 방식에 얽매이지 않는 대안을 제시해 적재 파이프라인의 처리 속도를 크게 개선했습니다. 회의 때마다 쟁점을 쉽게 정리해 이해관계자들의 합의를 빠르게 이끌었습니다.,"다만 경계가 애매한 업무는 먼저 맡으려 하지 않는 경우가 있어 주인 의식을 조금 더 보여 주면 좋겠습니다. 또한 친화력, 일정관리 측면도 보완하면 더 좋겠습니다."
R000359,2025H1,X-0057,DP0094,DP0085,2025-06-20,금융사 카 데이터 마트 구축 업무에서 함께 일하며 많은 도움을 받았습니다. 고객의 모호한 요구를 단계별 실행 계획으로 정리해 범위 변경을 줄였습니다. 막힌 이슈를 작은 단위로 쪼개 가설을 검증하는 방식으로 해결 시간을 크게 단축했습니다.,"새 기술 도입에 시간이 다소 걸려 초기 일정에 부담이 있었습니다. 또한 품질의식, 성실 측면도 보완하면 더 좋겠습니다."
R000360,2025H1,X-0057,DP0040,DP0085,2025-06-20,금융사 카 데이터 마트 구축 업무에서 함께 일하며 많은 도움을 받았습니다. 작업량을 현실적으로 추정해 일정 계획의 정확도를 높였습니다. 산출물과 설정값을 꼼꼼하게 대조해 배포 전 결함을 여러 건 미리 잡아냈습니다.,반복 점검 업무를 마감 직전까지 미루는 경우가 있어 꾸준함이 조금 아쉬웠습니다. 또한 적극성 측면도 보완하면 더 좋겠습니다.
R000361,2025H1,X-0057,DP0093,DP0085,2025-06-20,금융사 카 데이터 마트 구축 업무에서 함께 일하며 많은 도움을 받았습니다. 신규 인원에게 업무 맥락을 차근차근 설명해 적응 기간을 크게 줄여 주었습니다. 고객사 현업 담당자의 불만을 경청하고 대안을 제시해 관계를 개선했습니다. 눈에 잘 띄지 않는 적재 파이프라인 작업도 성실하게 처리해 품질 기반을 다져 주었습니다.,진행 상황 공유가 늦어 다른 담당자가 뒤늦게 파악하는 일이 있었습니다. 또한 학습력 측면도 보완하면 더 좋겠습니다.
R000362,2025H1,X-0057,DP0013,DP0085,2025-06-20,금융사 카 데이터 마트 구축 업무에서 함께 일하며 많은 도움을 받았습니다. 변경 이력과 의사결정 배경을 꾸준히 기록해 고객 보고에 큰 도움이 되었습니다. 산출물과 설정값을 꼼꼼하게 대조해 배포 전 결함을 여러 건 미리 잡아냈습니다. 막힌 이슈를 작은 단위로 쪼개 가설을 검증하는 방식으로 해결 시간을 크게 단축했습니다.,작업량 추정이 낙관적이어서 일정이 밀린 적이 몇 번 있었습니다.
R000363,2025H1,X-0057,DP0030,DP0085,2025-06-20,금융사 카 데이터 마트 구축 업무에서 함께 일하며 많은 도움을 받았습니다. 주니어의 코드 리뷰에 이유까지 설명해 주어 팀의 성장에 기여했습니다. 맡은 적재 파이프라인 범위를 끝까지 책임지고 마무리해 팀이 일정 걱정 없이 다음 단계로 넘어갈 수 있었습니다.,고객의 갑작스러운 요청에 방어적으로 대응해 협의가 길어진 적이 있었습니다.
R000364,2025H1,X-0001,DP0087,DP0086,2025-06-20,금융사 가2 비정형 문서 메타데이터 전환을(를) 진행하는 동안 금융 고객 환경을 잘 이해하고 안정적으로 수행했습니다. 매일 진행 상황을 꾸준히 공유하고 반복 점검 업무도 빠짐없이 챙겨 신뢰가 갔습니다. 새로운 요구가 생기면 먼저 손을 들고 나서서 초기 검토를 맡아 주었습니다. 처음 접한 메타데이터 관리도 짧은 시간에 익혀 바로 실무에 적용했습니다. 일정이 흔들릴 때 우선순위를 다시 세우고 팀을 안정적으로 이끌었습니다.,세부 설정값 검토가 빠져 배포 후 수정이 생긴 적이 있었습니다.
R000365,2025H1,X-0001,DP0059,DP0086,2025-06-20,금융사 가2 비정형 문서 메타데이터 전환을(를) 진행하는 동안 금융 고객 환경을 잘 이해하고 안정적으로 수행했습니다. 비정형 문서 처리(OCR) 분야의 깊은 전문성으로 설계 단계에서 기술적 리스크를 먼저 짚어 냈습니다. 설계 의도와 운영 절차를 잘 정리해 두어 인수인계가 매끄러웠습니다.,고객의 갑작스러운 요청에 방어적으로 대응해 협의가 길어진 적이 있었습니다. 또한 위기대응 측면도 보완하면 더 좋겠습니다.
R000366,2025H1,X-0001,DP0004,DP0086,2025-06-20,금융사 가2 비정형 문서 메타데이터 전환 업무에서 함께 일하며 많은 도움을 받았습니다. 설계 의도와 운영 절차를 잘 정리해 두어 인수인계가 매끄러웠습니다. 테스트 기준을 스스로 높게 잡아 운영 이관 후 장애가 거의 없었습니다. 비정형 문서 처리(OCR) 분야의 깊은 전문성으로 설계 단계에서 기술적 리스크를 먼저 짚어 냈습니다.,반복 점검 업무를 마감 직전까지 미루는 경우가 있어 꾸준함이 조금 아쉬웠습니다.
R000367,2025H1,X-0001,DP0034,DP0086,2025-06-20,금융사 가2 비정형 문서 메타데이터 전환 수행 기간 동안 팀의 핵심 인력으로 활약했습니다. 비정형 문서 처리(OCR) 관련 이슈가 생길 때마다 정확한 판단으로 해결 방향을 제시해 팀의 기준점이 되었습니다. 변경 이력과 의사결정 배경을 꾸준히 기록해 고객 보고에 큰 도움이 되었습니다.,의견이 엇갈릴 때 방향을 정리해 주는 역할은 조금 더 기대됩니다. 또한 꼼꼼함 측면도 보완하면 더 좋겠습니다.
R000368,2025H1,X-0001,DP0079,DP0086,2025-06-20,금융사 가2 비정형 문서 메타데이터 전환 수행 기간 동안 팀의 핵심 인력으로 활약했습니다. 고객사와 개발팀 사이에서 요구사항을 명확히 전달해 재작업을 크게 줄였습니다. 개선 아이디어를 적극적으로 제안하고 직접 시범 적용까지 해 보였습니다. 코드 리뷰에서 품질 기준을 일관되게 지켜 팀의 결과물 수준을 끌어올렸습니다.,긴급 상황에서 우선순위 판단이 늦어 대응이 지연된 적이 있었습니다. 또한 고객대응 측면도 보완하면 더 좋겠습니다.
R000369,2025H1,X-0001,DP0052,DP0087,2025-06-20,금융사 가2 비정형 문서 메타데이터 전환을(를) 진행하는 동안 금융 고객 환경을 잘 이해하고 안정적으로 수행했습니다. 직접 겪은 시행착오를 정리해 공유해 다른 팀원들이 같은 실수를 피할 수 있었습니다. 기존 방식에 얽매이지 않는 대안을 제시해 메타데이터 설계의 처리 속도를 크게 개선했습니다. 다른 파트의 일정까지 살피며 먼저 도움을 제안해 팀 전체 속도를 끌어올렸습니다. 처음 접한 데이터 모델링도 짧은 시간에 익혀 바로 실무에 적용했습니다.,긴급 상황에서 우선순위 판단이 늦어 대응이 지연된 적이 있었습니다. 또한 고객대응 측면도 보완하면 더 좋겠습니다.
R000370,2025H1,X-0001,DP0086,DP0087,2025-06-20,금융사 가2 비정형 문서 메타데이터 전환 업무에서 함께 일하며 많은 도움을 받았습니다. 데이터·개발·운영 담당 사이의 연결고리 역할을 맡아 협업 병목을 풀어 주었습니다. 매일 진행 상황을 꾸준히 공유하고 반복 점검 업무도 빠짐없이 챙겨 신뢰가 갔습니다. 제약이 많은 상황에서도 새로운 접근을 찾아내 고객의 호평을 받았습니다. 데이터 모델링 분야의 깊은 전문성으로 설계 단계에서 기술적 리스크를 먼저 짚어 냈습니다. 그 밖에도 적극성 측면에서 좋은 모습을 보였습니다.,고객의 갑작스러운 요청에 방어적으로 대응해 협의가 길어진 적이 있었습니다.
R000371,2025H1,X-0001,DP0091,DP0087,2025-06-20,금융사 가2 비정형 문서 메타데이터 전환 수행 기간 동안 팀의 핵심 인력으로 활약했습니다. 새 도메인 지식을 빠르게 흡수해 투입 초기부터 제 몫을 해냈습니다. 제약이 많은 상황에서도 새로운 접근을 찾아내 고객의 호평을 받았습니다. 새로운 요구가 생기면 먼저 손을 들고 나서서 초기 검토를 맡아 주었습니다. 데이터·개발·운영 담당 사이의 연결고리 역할을 맡아 협업 병목을 풀어 주었습니다.,긴급 상황에서 우선순위 판단이 늦어 대응이 지연된 적이 있었습니다. 또한 기획력 측면도 보완하면 더 좋겠습니다.
R000372,2025H1,X-0001,DP0097,DP0087,2025-06-20,금융사 가2 비정형 문서 메타데이터 전환 수행 기간 동안 팀의 핵심 인력으로 활약했습니다. 다른 파트의 일정까지 살피며 먼저 도움을 제안해 팀 전체 속도를 끌어올렸습니다. 처음 접한 데이터 모델링도 짧은 시간에 익혀 바로 실무에 적용했습니다. 매일 진행 상황을 꾸준히 공유하고 반복 점검 업무도 빠짐없이 챙겨 신뢰가 갔습니다.,새로운 과제에는 먼저 나서기보다 지켜보는 편이라 조금 더 적극적이면 좋겠습니다.
R000373,2025H1,X-0020,DP0068,DP0088,2025-06-20,공공기관 무 공공데이터 개방 플랫폼 구축 업무에서 함께 일하며 많은 도움을 받았습니다. 마일스톤별 위험 요소를 미리 관리해 데이터 정제 일정을 한 번도 놓치지 않았습니다. 직접 겪은 시행착오를 정리해 공유해 다른 팀원들이 같은 실수를 피할 수 있었습니다. 맡은 데이터 정제 범위를 끝까지 책임지고 마무리해 팀이 일정 걱정 없이 다음 단계로 넘어갈 수 있었습니다.,의견이 엇갈릴 때 방향을 정리해 주는 역할은 조금 더 기대됩니다. 또한 소통 측면도 보완하면 더 좋겠습니다.
R000374,2025H1,X-0020,DP0064,DP0088,2025-06-20,공공기관 무 공공데이터 개방 플랫폼 구축 업무에서 함께 일하며 많은 도움을 받았습니다. 직접 겪은 시행착오를 정리해 공유해 다른 팀원들이 같은 실수를 피할 수 있었습니다. 테스트 기준을 스스로 높게 잡아 운영 이관 후 장애가 거의 없었습니다. 마일스톤별 위험 요소를 미리 관리해 데이터 정제 일정을 한 번도 놓치지 않았습니다.,"본인 범위에 집중하다 보니 다른 파트와의 연계가 늦어지는 경우가 있었습니다. 또한 학습력, 소통 측면도 보완하면 더 좋겠습니다."
R000375,2025H1,X-0020,DP0046,DP0088,2025-06-20,공공기관 무 공공데이터 개방 플랫폼 구축 수행 기간 동안 팀의 핵심 인력으로 활약했습니다. 데이터 정제의 핵심 기능을 직접 설계하며 요구사항을 구조화하는 기획력이 돋보였습니다.,"본인 범위에 집중하다 보니 다른 파트와의 연계가 늦어지는 경우가 있었습니다. 또한 적극성, 소통 측면도 보완하면 더 좋겠습니다."
R000376,2025H1,X-0020,DP0037,DP0088,2025-06-20,공공기관 무 공공데이터 개방 플랫폼 구축 업무에서 함께 일하며 많은 도움을 받았습니다. 마일스톤별 위험 요소를 미리 관리해 데이터 정제 일정을 한 번도 놓치지 않았습니다. 검색엔진 노하우를 문서와 짧은 세션으로 공유해 팀 전체의 수준을 끌어올렸습니다. 신규 인원에게 업무 맥락을 차근차근 설명해 적응 기간을 크게 줄여 주었습니다. 문제가 생겼을 때 남에게 미루지 않고 본인 일처럼 책임지고 원인을 정리해 주었습니다.,새로운 과제에는 먼저 나서기보다 지켜보는 편이라 조금 더 적극적이면 좋겠습니다. 또한 협업 측면도 보완하면 더 좋겠습니다.
R000377,2025H1,X-0020,DP0019,DP0088,2025-06-20,공공기관 무 공공데이터 개방 플랫폼 구축을(를) 진행하는 동안 공공 고객 환경을 잘 이해하고 안정적으로 수행했습니다. Text Analysis 노하우를 문서와 짧은 세션으로 공유해 팀 전체의 수준을 끌어올렸습니다. 산출물과 설정값을 꼼꼼하게 대조해 배포 전 결함을 여러 건 미리 잡아냈습니다. 주니어의 코드 리뷰에 이유까지 설명해 주어 팀의 성장에 기여했습니다.,본인 범위에 집중하다 보니 다른 파트와의 연계가 늦어지는 경우가 있었습니다.
R000378,2025H1,X-0020,DP0039,DP0088,2025-06-20,공공기관 무 공공데이터 개방 플랫폼 구축 업무에서 함께 일하며 많은 도움을 받았습니다. 일정이 크게 흔들린 시점에 대응 계획을 빠르게 세워 위기를 넘겼습니다.,"새로운 과제에는 먼저 나서기보다 지켜보는 편이라 조금 더 적극적이면 좋겠습니다. 또한 협업, 소통 측면도 보완하면 더 좋겠습니다."
R000379,2025H1,X-0020,DP0088,DP0089,2025-06-20,공공기관 무 공공데이터 개방 플랫폼 구축 업무에서 함께 일하며 많은 도움을 받았습니다. 일정이 크게 흔들린 시점에 대응 계획을 빠르게 세워 위기를 넘겼습니다. 직접 겪은 시행착오를 정리해 공유해 다른 팀원들이 같은 실수를 피할 수 있었습니다. 기존 방식에 얽매이지 않는 대안을 제시해 데이터 정제의 처리 속도를 크게 개선했습니다. 데이터·개발·운영 담당 사이의 연결고리 역할을 맡아 협업 병목을 풀어 주었습니다.,세부 설정값 검토가 빠져 배포 후 수정이 생긴 적이 있었습니다.
R000380,2025H1,X-0020,DP0068,DP0089,2025-06-20,공공기관 무 공공데이터 개방 플랫폼 구축을(를) 진행하는 동안 공공 고객 환경을 잘 이해하고 안정적으로 수행했습니다. 데이터 정제 중 발생한 복합 장애의 근본 원인을 빠르게 찾아 재발 방지책까지 마련했습니다. 고객사 담당자와도 편하게 소통하는 친화력 덕분에 협의가 한결 수월했습니다. 새로운 요구가 생기면 먼저 손을 들고 나서서 초기 검토를 맡아 주었습니다. 고객의 모호한 요구를 단계별 실행 계획으로 정리해 범위 변경을 줄였습니다.,새 기술 도입에 시간이 다소 걸려 초기 일정에 부담이 있었습니다. 또한 고객대응 측면도 보완하면 더 좋겠습니다.
R000381,2025H1,X-0020,DP0056,DP0089,2025-06-20,공공기관 무 공공데이터 개방 플랫폼 구축 업무에서 함께 일하며 많은 도움을 받았습니다. 고객의 모호한 요구를 단계별 실행 계획으로 정리해 범위 변경을 줄였습니다. 눈에 잘 띄지 않는 데이터 정제 작업도 성실하게 처리해 품질 기반을 다져 주었습니다. 다른 파트의 일정까지 살피며 먼저 도움을 제안해 팀 전체 속도를 끌어올렸습니다.,고객의 갑작스러운 요청에 방어적으로 대응해 협의가 길어진 적이 있었습니다.
R000382,2025H1,X-0020,DP0019,DP0089,2025-06-20,공공기관 무 공공데이터 개방 플랫폼 구축 업무에서 함께 일하며 많은 도움을 받았습니다. 제약이 많은 상황에서도 새로운 접근을 찾아내 고객의 호평을 받았습니다. 고객의 모호한 요구를 단계별 실행 계획으로 정리해 범위 변경을 줄였습니다. 테스트 기준을 스스로 높게 잡아 운영 이관 후 장애가 거의 없었습니다. 직접 겪은 시행착오를 정리해 공유해 다른 팀원들이 같은 실수를 피할 수 있었습니다.,새 기술 도입에 시간이 다소 걸려 초기 일정에 부담이 있었습니다. 또한 고객대응 측면도 보완하면 더 좋겠습니다.
R000383,2025H1,X-0057,DP0067,DP0090,2025-06-20,금융사 카 데이터 마트 구축을(를) 진행하는 동안 금융 고객 환경을 잘 이해하고 안정적으로 수행했습니다. 담당자으로서 팀원 각자의 역량을 파악해 일을 배분하고 끝까지 이끄는 리더십이 뛰어났습니다.,새로운 과제에는 먼저 나서기보다 지켜보는 편이라 조금 더 적극적이면 좋겠습니다. 또한 책임감 측면도 보완하면 더 좋겠습니다.
R000384,2025H1,X-0057,DP0077,DP0090,2025-06-20,금융사 카 데이터 마트 구축 업무에서 함께 일하며 많은 도움을 받았습니다. 처음 접한 비정형 문서 처리(OCR)도 짧은 시간에 익혀 바로 실무에 적용했습니다. 새로운 요구가 생기면 먼저 손을 들고 나서서 초기 검토를 맡아 주었습니다. 고객사 현업 담당자의 불만을 경청하고 대안을 제시해 관계를 개선했습니다.,새로 합류한 인원과 거리감이 있어 초기 협업이 다소 더뎠습니다. 또한 문제해결 측면도 보완하면 더 좋겠습니다.
R000385,2025H1,X-0057,DP0014,DP0090,2025-06-20,금융사 카 데이터 마트 구축 수행 기간 동안 팀의 핵심 인력으로 활약했습니다. 담당자으로서 팀원 각자의 역량을 파악해 일을 배분하고 끝까지 이끄는 리더십이 뛰어났습니다. 새로운 요구가 생기면 먼저 손을 들고 나서서 초기 검토를 맡아 주었습니다.,반복 점검 업무를 마감 직전까지 미루는 경우가 있어 꾸준함이 조금 아쉬웠습니다. 또한 품질의식 측면도 보완하면 더 좋겠습니다.
R000386,2025H1,X-0057,DP0083,DP0090,2025-06-20,금융사 카 데이터 마트 구축 업무에서 함께 일하며 많은 도움을 받았습니다. 새로운 요구가 생기면 먼저 손을 들고 나서서 초기 검토를 맡아 주었습니다. 데이터·개발·운영 담당 사이의 연결고리 역할을 맡아 협업 병목을 풀어 주었습니다. 신규 인원에게 업무 맥락을 차근차근 설명해 적응 기간을 크게 줄여 주었습니다.,새 기술 도입에 시간이 다소 걸려 초기 일정에 부담이 있었습니다. 또한 성실 측면도 보완하면 더 좋겠습니다.
R000387,2025H1,X-0057,DP0048,DP0090,2025-06-20,금융사 카 데이터 마트 구축 업무에서 함께 일하며 많은 도움을 받았습니다. 주니어의 코드 리뷰에 이유까지 설명해 주어 팀의 성장에 기여했습니다. 작업량을 현실적으로 추정해 일정 계획의 정확도를 높였습니다. 데이터·개발·운영 담당 사이의 연결고리 역할을 맡아 협업 병목을 풀어 주었습니다.,고객의 갑작스러운 요청에 방어적으로 대응해 협의가 길어진 적이 있었습니다.
R000388,2025H1,X-0001,DP0008,DP0091,2025-06-20,금융사 가2 비정형 문서 메타데이터 전환 수행 기간 동안 팀의 핵심 인력으로 활약했습니다. 고객사와 개발팀 사이에서 요구사항을 명확히 전달해 재작업을 크게 줄였습니다. 매일 진행 상황을 꾸준히 공유하고 반복 점검 업무도 빠짐없이 챙겨 신뢰가 갔습니다. 다른 파트의 일정까지 살피며 먼저 도움을 제안해 팀 전체 속도를 끌어올렸습니다.,"주니어에게 피드백을 줄 때 이유 설명이 짧아 학습 효과가 제한적이었습니다. 또한 문서화, 일정관리 측면도 보완하면 더 좋겠습니다."
R000389,2025H1,X-0001,DP0078,DP0091,2025-06-20,금융사 가2 비정형 문서 메타데이터 전환 수행 기간 동안 팀의 핵심 인력으로 활약했습니다. 변경 이력과 의사결정 배경을 꾸준히 기록해 고객 보고에 큰 도움이 되었습니다.,비정형 문서 처리(OCR) 심화 영역에서는 판단 근거가 부족한 경우가 있어 추가 학습이 필요해 보입니다.
R000390,2025H1,X-0020,DP0015,DP0091,2025-06-20,공공기관 무 공공데이터 개방 플랫폼 구축 업무에서 함께 일하며 많은 도움을 받았습니다. 고객사 담당자와도 편하게 소통하는 친화력 덕분에 협의가 한결 수월했습니다. 데이터·개발·운영 담당 사이의 연결고리 역할을 맡아 협업 병목을 풀어 주었습니다. 핵심 담당자으로서 팀원 각자의 역량을 파악해 일을 배분하고 끝까지 이끄는 리더십이 뛰어났습니다.,장애 대응 시 임시 조치에 머무는 경우가 있어 근본 원인 분석까지 이어지면 좋겠습니다. 또한 문서화 측면도 보완하면 더 좋겠습니다.
R000391,2025H1,X-0001,DP0086,DP0091,2025-06-20,금융사 가2 비정형 문서 메타데이터 전환 업무에서 함께 일하며 많은 도움을 받았습니다. 테스트 기준을 스스로 높게 잡아 운영 이관 후 장애가 거의 없었습니다. 일정이 크게 흔들린 시점에 대응 계획을 빠르게 세워 위기를 넘겼습니다. 새로운 요구가 생기면 먼저 손을 들고 나서서 초기 검토를 맡아 주었습니다. 다른 파트의 일정까지 살피며 먼저 도움을 제안해 팀 전체 속도를 끌어올렸습니다. 그 밖에도 책임감 측면에서 좋은 모습을 보였습니다.,주니어에게 피드백을 줄 때 이유 설명이 짧아 학습 효과가 제한적이었습니다.
R000392,2025H1,X-0020,DP0064,DP0091,2025-06-20,공공기관 무 공공데이터 개방 플랫폼 구축 수행 기간 동안 팀의 핵심 인력으로 활약했습니다. 처음 접한 ETL도 짧은 시간에 익혀 바로 실무에 적용했습니다. 매일 진행 상황을 꾸준히 공유하고 반복 점검 업무도 빠짐없이 챙겨 신뢰가 갔습니다. 개선 아이디어를 적극적으로 제안하고 직접 시범 적용까지 해 보였습니다. 데이터·개발·운영 담당 사이의 연결고리 역할을 맡아 협업 병목을 풀어 주었습니다.,작업량 추정이 낙관적이어서 일정이 밀린 적이 몇 번 있었습니다.
R000393,2025H1,X-0020,DP0053,DP0092,2025-06-20,공공기관 무 공공데이터 개방 플랫폼 구축을(를) 진행하는 동안 공공 고객 환경을 잘 이해하고 안정적으로 수행했습니다. 검수 체크리스트를 촘촘하게 운영해 고객 검수에서 지적이 거의 나오지 않았습니다. 처음 접한 ETL도 짧은 시간에 익혀 바로 실무에 적용했습니다.,작업량 추정이 낙관적이어서 일정이 밀린 적이 몇 번 있었습니다.
R000394,2025H1,X-0072,DP0083,DP0092,2025-06-20,공공기관 기 공공데이터 개방 플랫폼 구축 수행 기간 동안 팀의 핵심 인력으로 활약했습니다. 주니어의 코드 리뷰에 이유까지 설명해 주어 팀의 성장에 기여했습니다. 기존 방식에 얽매이지 않는 대안을 제시해 개방 API의 처리 속도를 크게 개선했습니다. 산출물과 설정값을 꼼꼼하게 대조해 배포 전 결함을 여러 건 미리 잡아냈습니다. 고객의 모호한 요구를 단계별 실행 계획으로 정리해 범위 변경을 줄였습니다.,작업량 추정이 낙관적이어서 일정이 밀린 적이 몇 번 있었습니다.
R000395,2025H1,X-0072,DP0095,DP0092,2025-06-20,공공기관 기 공공데이터 개방 플랫폼 구축 수행 기간 동안 팀의 핵심 인력으로 활약했습니다. 코드 리뷰에서 품질 기준을 일관되게 지켜 팀의 결과물 수준을 끌어올렸습니다. 주니어의 코드 리뷰에 이유까지 설명해 주어 팀의 성장에 기여했습니다. 고객사 담당자와도 편하게 소통하는 친화력 덕분에 협의가 한결 수월했습니다. 기존 방식에 얽매이지 않는 대안을 제시해 개방 API의 처리 속도를 크게 개선했습니다.,다만 경계가 애매한 업무는 먼저 맡으려 하지 않는 경우가 있어 주인 의식을 조금 더 보여 주면 좋겠습니다. 또한 일정관리 측면도 보완하면 더 좋겠습니다.
R000396,2025H1,X-0072,DP0026,DP0093,2025-06-20,공공기관 기 공공데이터 개방 플랫폼 구축 업무에서 함께 일하며 많은 도움을 받았습니다. 고객사 현업 담당자의 불만을 경청하고 대안을 제시해 관계를 개선했습니다. 변경 이력과 의사결정 배경을 꾸준히 기록해 고객 보고에 큰 도움이 되었습니다. 일정이 크게 흔들린 시점에 대응 계획을 빠르게 세워 위기를 넘겼습니다. 회의 때마다 쟁점을 쉽게 정리해 이해관계자들의 합의를 빠르게 이끌었습니다. 그 밖에도 문제해결 측면에서 좋은 모습을 보였습니다.,새로운 과제에는 먼저 나서기보다 지켜보는 편이라 조금 더 적극적이면 좋겠습니다. 또한 기술공유 측면도 보완하면 더 좋겠습니다.
R000397,2025H1,X-0100,DP0042,DP0093,2025-06-20,금융사 카 비정형 문서 메타데이터 전환 수행 기간 동안 팀의 핵심 인력으로 활약했습니다. 코드 리뷰에서 품질 기준을 일관되게 지켜 팀의 결과물 수준을 끌어올렸습니다. 고객사 현업 담당자의 불만을 경청하고 대안을 제시해 관계를 개선했습니다. 맡은 적재 파이프라인 범위를 끝까지 책임지고 마무리해 팀이 일정 걱정 없이 다음 단계로 넘어갈 수 있었습니다.,기존 방식에 익숙해 새로운 대안을 검토하는 데는 소극적이었습니다.
R000398,2025H1,X-0072,DP0083,DP0093,2025-06-20,공공기관 기 공공데이터 개방 플랫폼 구축 업무에서 함께 일하며 많은 도움을 받았습니다. 개방 API 중 발생한 복합 장애의 근본 원인을 빠르게 찾아 재발 방지책까지 마련했습니다. 일정이 크게 흔들린 시점에 대응 계획을 빠르게 세워 위기를 넘겼습니다. 회의 때마다 쟁점을 쉽게 정리해 이해관계자들의 합의를 빠르게 이끌었습니다.,기존 방식에 익숙해 새로운 대안을 검토하는 데는 소극적이었습니다.
R000399,2025H1,X-0057,DP0005,DP0094,2025-06-20,금융사 카 데이터 마트 구축 수행 기간 동안 팀의 핵심 인력으로 활약했습니다. 처음 접한 Text Analysis도 짧은 시간에 익혀 바로 실무에 적용했습니다. 막힌 이슈를 작은 단위로 쪼개 가설을 검증하는 방식으로 해결 시간을 크게 단축했습니다. 변경 이력과 의사결정 배경을 꾸준히 기록해 고객 보고에 큰 도움이 되었습니다.,요구사항을 구조화하기 전에 구현부터 시작하는 경우가 있어 사전 기획을 보완하면 좋겠습니다. 또한 고객대응 측면도 보완하면 더 좋겠습니다.
R000400,2025H1,X-0057,DP0025,DP0094,2025-06-20,금융사 카 데이터 마트 구축 수행 기간 동안 팀의 핵심 인력으로 활약했습니다. 적재 파이프라인 중 발생한 복합 장애의 근본 원인을 빠르게 찾아 재발 방지책까지 마련했습니다.,"요구사항을 구조화하기 전에 구현부터 시작하는 경우가 있어 사전 기획을 보완하면 좋겠습니다. 또한 꼼꼼함, 고객대응 측면도 보완하면 더 좋겠습니다."
R000401,2025H1,X-0057,DP0001,DP0094,2025-06-20,금융사 카 데이터 마트 구축 수행 기간 동안 팀의 핵심 인력으로 활약했습니다. 산출물과 설정값을 꼼꼼하게 대조해 배포 전 결함을 여러 건 미리 잡아냈습니다. 적재 파이프라인 중 발생한 복합 장애의 근본 원인을 빠르게 찾아 재발 방지책까지 마련했습니다. 작업량을 현실적으로 추정해 일정 계획의 정확도를 높였습니다. Python 분야의 깊은 전문성으로 설계 단계에서 기술적 리스크를 먼저 짚어 냈습니다.,요구사항을 구조화하기 전에 구현부터 시작하는 경우가 있어 사전 기획을 보완하면 좋겠습니다. 또한 문서화 측면도 보완하면 더 좋겠습니다.
R000402,2025H1,X-0057,DP0031,DP0094,2025-06-20,금융사 카 데이터 마트 구축 업무에서 함께 일하며 많은 도움을 받았습니다. 변경 이력과 의사결정 배경을 꾸준히 기록해 고객 보고에 큰 도움이 되었습니다. Python 노하우를 문서와 짧은 세션으로 공유해 팀 전체의 수준을 끌어올렸습니다. 테스트 기준을 스스로 높게 잡아 운영 이관 후 장애가 거의 없었습니다.,반복 점검 업무를 마감 직전까지 미루는 경우가 있어 꾸준함이 조금 아쉬웠습니다.
R000403,2025H1,X-0050,DP0013,DP0095,2025-06-20,계열사 C 데이터 레이크 고도화 수행 기간 동안 팀의 핵심 인력으로 활약했습니다. 제약이 많은 상황에서도 새로운 접근을 찾아내 고객의 호평을 받았습니다.,"고객의 갑작스러운 요청에 방어적으로 대응해 협의가 길어진 적이 있었습니다. 또한 문서화, 문제해결 측면도 보완하면 더 좋겠습니다."
R000404,2025H1,X-0073,DP0097,DP0095,2025-06-20,계열사 T 데이터 레이크 고도화을(를) 진행하는 동안 그룹사(대내) 고객 환경을 잘 이해하고 안정적으로 수행했습니다. 운영 중 긴급 장애가 났을 때 침착하게 상황을 정리하고 복구를 주도했습니다.,"변경 사항 문서화가 늦어 인수인계 때 다시 확인해야 하는 일이 있었습니다. 또한 문제해결, 고객대응 측면도 보완하면 더 좋겠습니다."
R000405,2025H1,X-0073,DP0035,DP0095,2025-06-20,계열사 T 데이터 레이크 고도화을(를) 진행하는 동안 그룹사(대내) 고객 환경을 잘 이해하고 안정적으로 수행했습니다. 신규 인원에게 업무 맥락을 차근차근 설명해 적응 기간을 크게 줄여 주었습니다. 데이터·개발·운영 담당 사이의 연결고리 역할을 맡아 협업 병목을 풀어 주었습니다.,장애 대응 시 임시 조치에 머무는 경우가 있어 근본 원인 분석까지 이어지면 좋겠습니다.
R000406,2025H1,X-0027,DP0006,DP0096,2025-06-20,금융사 가 데이터 마트 구축 업무에서 함께 일하며 많은 도움을 받았습니다. 회의 때마다 쟁점을 쉽게 정리해 이해관계자들의 합의를 빠르게 이끌었습니다. 테스트 기준을 스스로 높게 잡아 운영 이관 후 장애가 거의 없었습니다. 데이터·개발·운영 담당 사이의 연결고리 역할을 맡아 협업 병목을 풀어 주었습니다.,새 기술 도입에 시간이 다소 걸려 초기 일정에 부담이 있었습니다. 또한 친화력 측면도 보완하면 더 좋겠습니다.
R000407,2025H1,X-0027,DP0065,DP0096,2025-06-20,금융사 가 데이터 마트 구축 수행 기간 동안 팀의 핵심 인력으로 활약했습니다. 회의 때마다 쟁점을 쉽게 정리해 이해관계자들의 합의를 빠르게 이끌었습니다. 고객사 현업 담당자의 불만을 경청하고 대안을 제시해 관계를 개선했습니다. 다른 파트의 일정까지 살피며 먼저 도움을 제안해 팀 전체 속도를 끌어올렸습니다.,의견이 엇갈릴 때 방향을 정리해 주는 역할은 조금 더 기대됩니다. 또한 친화력 측면도 보완하면 더 좋겠습니다.
R000408,2025H1,X-0027,DP0082,DP0096,2025-06-20,금융사 가 데이터 마트 구축 업무에서 함께 일하며 많은 도움을 받았습니다. 담당자으로서 팀원 각자의 역량을 파악해 일을 배분하고 끝까지 이끄는 리더십이 뛰어났습니다. 막힌 이슈를 작은 단위로 쪼개 가설을 검증하는 방식으로 해결 시간을 크게 단축했습니다. Python 분야의 깊은 전문성으로 설계 단계에서 기술적 리스크를 먼저 짚어 냈습니다. 데이터·개발·운영 담당 사이의 연결고리 역할을 맡아 협업 병목을 풀어 주었습니다. 그 밖에도 꼼꼼함 측면에서 좋은 모습을 보였습니다.,작업량 추정이 낙관적이어서 일정이 밀린 적이 몇 번 있었습니다. 또한 친화력 측면도 보완하면 더 좋겠습니다.
R000409,2025H1,X-0027,DP0057,DP0096,2025-06-20,금융사 가 데이터 마트 구축 업무에서 함께 일하며 많은 도움을 받았습니다. 회의 때마다 쟁점을 쉽게 정리해 이해관계자들의 합의를 빠르게 이끌었습니다. 개선 아이디어를 적극적으로 제안하고 직접 시범 적용까지 해 보였습니다.,"새 기술 도입에 시간이 다소 걸려 초기 일정에 부담이 있었습니다. 또한 위기대응, 리더십 측면도 보완하면 더 좋겠습니다."
R000410,2025H1,X-0027,DP0043,DP0096,2025-06-20,금융사 가 데이터 마트 구축 수행 기간 동안 팀의 핵심 인력으로 활약했습니다. ETL 관련 이슈가 생길 때마다 정확한 판단으로 해결 방향을 제시해 팀의 기준점이 되었습니다. 데이터·개발·운영 담당 사이의 연결고리 역할을 맡아 협업 병목을 풀어 주었습니다. 마일스톤별 위험 요소를 미리 관리해 적재 파이프라인 일정을 한 번도 놓치지 않았습니다.,진행 상황 공유가 늦어 다른 담당자가 뒤늦게 파악하는 일이 있었습니다.
R000411,2025H1,X-0027,DP0071,DP0096,2025-06-20,금융사 가 데이터 마트 구축 수행 기간 동안 팀의 핵심 인력으로 활약했습니다. 산출물과 설정값을 꼼꼼하게 대조해 배포 전 결함을 여러 건 미리 잡아냈습니다. 데이터·개발·운영 담당 사이의 연결고리 역할을 맡아 협업 병목을 풀어 주었습니다. Scala 분야의 깊은 전문성으로 설계 단계에서 기술적 리스크를 먼저 짚어 냈습니다. 처음 합류한 인원들과도 금방 어울려 팀 분위기를 부드럽게 만들어 주었습니다. 그 밖에도 품질의식 측면에서 좋은 모습을 보였습니다.,긴급 상황에서 우선순위 판단이 늦어 대응이 지연된 적이 있었습니다. 또한 리더십 측면도 보완하면 더 좋겠습니다.
R000412,2025H1,X-0001,DP0034,DP0097,2025-06-20,금융사 가2 비정형 문서 메타데이터 전환 업무에서 함께 일하며 많은 도움을 받았습니다. 고객사와 개발팀 사이에서 요구사항을 명확히 전달해 재작업을 크게 줄였습니다.,고객의 갑작스러운 요청에 방어적으로 대응해 협의가 길어진 적이 있었습니다. 또한 위기대응 측면도 보완하면 더 좋겠습니다.
R000413,2025H1,X-0073,DP0095,DP0097,2025-06-20,계열사 T 데이터 레이크 고도화 업무에서 함께 일하며 많은 도움을 받았습니다. Python 노하우를 문서와 짧은 세션으로 공유해 팀 전체의 수준을 끌어올렸습니다. 고객사 현업 담당자의 불만을 경청하고 대안을 제시해 관계를 개선했습니다. 데이터·개발·운영 담당 사이의 연결고리 역할을 맡아 협업 병목을 풀어 주었습니다.,다만 경계가 애매한 업무는 먼저 맡으려 하지 않는 경우가 있어 주인 의식을 조금 더 보여 주면 좋겠습니다. 또한 적극성 측면도 보완하면 더 좋겠습니다.
R000414,2025H1,X-0001,DP0004,DP0097,2025-06-20,금융사 가2 비정형 문서 메타데이터 전환 업무에서 함께 일하며 많은 도움을 받았습니다. 데이터·개발·운영 담당 사이의 연결고리 역할을 맡아 협업 병목을 풀어 주었습니다. 고객의 급한 요청에도 차분하게 대응해 신뢰를 얻었고 추가 요구 협상도 잘 이끌었습니다. 설계 의도와 운영 절차를 잘 정리해 두어 인수인계가 매끄러웠습니다.,반복 점검 업무를 마감 직전까지 미루는 경우가 있어 꾸준함이 조금 아쉬웠습니다.
R000415,2025H1,X-0073,DP0070,DP0097,2025-06-20,계열사 T 데이터 레이크 고도화을(를) 진행하는 동안 그룹사(대내) 고객 환경을 잘 이해하고 안정적으로 수행했습니다. 고객의 급한 요청에도 차분하게 대응해 신뢰를 얻었고 추가 요구 협상도 잘 이끌었습니다. 데이터 표준화 중 발생한 복합 장애의 근본 원인을 빠르게 찾아 재발 방지책까지 마련했습니다. 고객의 모호한 요구를 단계별 실행 계획으로 정리해 범위 변경을 줄였습니다.,새로 합류한 인원과 거리감이 있어 초기 협업이 다소 더뎠습니다. 또한 책임감 측면도 보완하면 더 좋겠습니다.
R000416,2025H1,X-0073,DP0048,DP0097,2025-06-20,계열사 T 데이터 레이크 고도화을(를) 진행하는 동안 그룹사(대내) 고객 환경을 잘 이해하고 안정적으로 수행했습니다. 운영 중 긴급 장애가 났을 때 침착하게 상황을 정리하고 복구를 주도했습니다. 고객의 급한 요청에도 차분하게 대응해 신뢰를 얻었고 추가 요구 협상도 잘 이끌었습니다.,반복 점검 업무를 마감 직전까지 미루는 경우가 있어 꾸준함이 조금 아쉬웠습니다.
R000417,2025H1,X-0001,DP0052,DP0097,2025-06-20,금융사 가2 비정형 문서 메타데이터 전환 수행 기간 동안 팀의 핵심 인력으로 활약했습니다. Python 관련 이슈가 생길 때마다 정확한 판단으로 해결 방향을 제시해 팀의 기준점이 되었습니다. 데이터·개발·운영 담당 사이의 연결고리 역할을 맡아 협업 병목을 풀어 주었습니다.,"긴급 상황에서 우선순위 판단이 늦어 대응이 지연된 적이 있었습니다. 또한 문서화, 책임감 측면도 보완하면 더 좋겠습니다."
R000418,2025H1,X-0057,DP0007,DP0098,2025-06-20,금융사 카 데이터 마트 구축 수행 기간 동안 팀의 핵심 인력으로 활약했습니다. 회의 때마다 쟁점을 쉽게 정리해 이해관계자들의 합의를 빠르게 이끌었습니다.,"고객의 갑작스러운 요청에 방어적으로 대응해 협의가 길어진 적이 있었습니다. 또한 성실, 위기대응 측면도 보완하면 더 좋겠습니다."
R000419,2025H1,X-0057,DP0031,DP0098,2025-06-20,금융사 카 데이터 마트 구축 수행 기간 동안 팀의 핵심 인력으로 활약했습니다. 눈에 잘 띄지 않는 적재 파이프라인 작업도 성실하게 처리해 품질 기반을 다져 주었습니다. 메타데이터 관리 분야의 깊은 전문성으로 설계 단계에서 기술적 리스크를 먼저 짚어 냈습니다.,작업량 추정이 낙관적이어서 일정이 밀린 적이 몇 번 있었습니다.
R000420,2025H1,X-0057,DP0040,DP0098,2025-06-20,금융사 카 데이터 마트 구축 수행 기간 동안 팀의 핵심 인력으로 활약했습니다. 회의 때마다 쟁점을 쉽게 정리해 이해관계자들의 합의를 빠르게 이끌었습니다.,고객의 갑작스러운 요청에 방어적으로 대응해 협의가 길어진 적이 있었습니다. 또한 위기대응 측면도 보완하면 더 좋겠습니다.
R000421,2025H1,X-0100,DP0021,DP0098,2025-06-20,금융사 카 비정형 문서 메타데이터 전환을(를) 진행하는 동안 금융 고객 환경을 잘 이해하고 안정적으로 수행했습니다. 맡은 적재 파이프라인 범위를 끝까지 책임지고 마무리해 팀이 일정 걱정 없이 다음 단계로 넘어갈 수 있었습니다.,"긴급 상황에서 우선순위 판단이 늦어 대응이 지연된 적이 있었습니다. 또한 전문성, 일정관리, 친화력 측면도 보완하면 더 좋겠습니다."
R000422,2025H1,X-0020,DP0039,DP0099,2025-06-20,공공기관 무 공공데이터 개방 플랫폼 구축 수행 기간 동안 팀의 핵심 인력으로 활약했습니다. 매일 진행 상황을 꾸준히 공유하고 반복 점검 업무도 빠짐없이 챙겨 신뢰가 갔습니다. 막힌 이슈를 작은 단위로 쪼개 가설을 검증하는 방식으로 해결 시간을 크게 단축했습니다. 개선 아이디어를 적극적으로 제안하고 직접 시범 적용까지 해 보였습니다.,작업량 추정이 낙관적이어서 일정이 밀린 적이 몇 번 있었습니다.
R000423,2025H1,X-0020,DP0015,DP0099,2025-06-20,공공기관 무 공공데이터 개방 플랫폼 구축을(를) 진행하는 동안 공공 고객 환경을 잘 이해하고 안정적으로 수행했습니다. 검색엔진 관련 이슈가 생길 때마다 정확한 판단으로 해결 방향을 제시해 팀의 기준점이 되었습니다. 다른 파트의 일정까지 살피며 먼저 도움을 제안해 팀 전체 속도를 끌어올렸습니다. 새로운 요구가 생기면 먼저 손을 들고 나서서 초기 검토를 맡아 주었습니다. 매일 진행 상황을 꾸준히 공유하고 반복 점검 업무도 빠짐없이 챙겨 신뢰가 갔습니다. 그 밖에도 위기대응 측면에서 좋은 모습을 보였습니다.,진행 상황 공유가 늦어 다른 담당자가 뒤늦게 파악하는 일이 있었습니다.
R000424,2025H1,X-0072,DP0095,DP0099,2025-06-20,공공기관 기 공공데이터 개방 플랫폼 구축 수행 기간 동안 팀의 핵심 인력으로 활약했습니다. 매일 진행 상황을 꾸준히 공유하고 반복 점검 업무도 빠짐없이 챙겨 신뢰가 갔습니다. 데이터·개발·운영 담당 사이의 연결고리 역할을 맡아 협업 병목을 풀어 주었습니다.,주니어에게 피드백을 줄 때 이유 설명이 짧아 학습 효과가 제한적이었습니다. 또한 기술공유 측면도 보완하면 더 좋겠습니다.
R000425,2025H1,X-0072,DP0032,DP0099,2025-06-20,공공기관 기 공공데이터 개방 플랫폼 구축을(를) 진행하는 동안 공공 고객 환경을 잘 이해하고 안정적으로 수행했습니다. 새로운 요구가 생기면 먼저 손을 들고 나서서 초기 검토를 맡아 주었습니다. 눈에 잘 띄지 않는 개방 API 작업도 성실하게 처리해 품질 기반을 다져 주었습니다. 제약이 많은 상황에서도 새로운 접근을 찾아내 고객의 호평을 받았습니다.,주니어에게 피드백을 줄 때 이유 설명이 짧아 학습 효과가 제한적이었습니다. 또한 소통 측면도 보완하면 더 좋겠습니다.
R000426,2025H1,X-0050,DP0028,DP0099,2025-06-20,계열사 C 데이터 레이크 고도화 수행 기간 동안 팀의 핵심 인력으로 활약했습니다. 일정이 흔들릴 때 우선순위를 다시 세우고 팀을 안정적으로 이끌었습니다. 데이터·개발·운영 담당 사이의 연결고리 역할을 맡아 협업 병목을 풀어 주었습니다. 맡은 카탈로그 구축 범위를 끝까지 책임지고 마무리해 팀이 일정 걱정 없이 다음 단계로 넘어갈 수 있었습니다.,"진행 상황 공유가 늦어 다른 담당자가 뒤늦게 파악하는 일이 있었습니다. 또한 기술공유, 창의성 측면도 보완하면 더 좋겠습니다."
R000427,2025H1,X-0072,DP0034,DP0099,2025-06-20,공공기관 기 공공데이터 개방 플랫폼 구축을(를) 진행하는 동안 공공 고객 환경을 잘 이해하고 안정적으로 수행했습니다. 눈에 잘 띄지 않는 개방 API 작업도 성실하게 처리해 품질 기반을 다져 주었습니다.,"주니어에게 피드백을 줄 때 이유 설명이 짧아 학습 효과가 제한적이었습니다. 또한 친화력, 기술공유 측면도 보완하면 더 좋겠습니다."
R000428,2025H1,X-0100,DP0021,DP0100,2025-06-20,금융사 카 비정형 문서 메타데이터 전환을(를) 진행하는 동안 금융 고객 환경을 잘 이해하고 안정적으로 수행했습니다. 적재 파이프라인 중 발생한 복합 장애의 근본 원인을 빠르게 찾아 재발 방지책까지 마련했습니다. 매일 진행 상황을 꾸준히 공유하고 반복 점검 업무도 빠짐없이 챙겨 신뢰가 갔습니다. 문제가 생겼을 때 남에게 미루지 않고 본인 일처럼 책임지고 원인을 정리해 주었습니다.,새로운 과제에는 먼저 나서기보다 지켜보는 편이라 조금 더 적극적이면 좋겠습니다.
R000429,2025H1,X-0100,DP0035,DP0100,2025-06-20,금융사 카 비정형 문서 메타데이터 전환 수행 기간 동안 팀의 핵심 인력으로 활약했습니다. 직접 겪은 시행착오를 정리해 공유해 다른 팀원들이 같은 실수를 피할 수 있었습니다. 설계 의도와 운영 절차를 잘 정리해 두어 인수인계가 매끄러웠습니다. 막힌 이슈를 작은 단위로 쪼개 가설을 검증하는 방식으로 해결 시간을 크게 단축했습니다.,주니어에게 피드백을 줄 때 이유 설명이 짧아 학습 효과가 제한적이었습니다.
R000430,2025H1,X-0094,DP0016,DP0100,2025-06-20,계열사 S 데이터 거버넌스 구축을(를) 진행하는 동안 그룹사(대내) 고객 환경을 잘 이해하고 안정적으로 수행했습니다. 직접 겪은 시행착오를 정리해 공유해 다른 팀원들이 같은 실수를 피할 수 있었습니다. 막힌 이슈를 작은 단위로 쪼개 가설을 검증하는 방식으로 해결 시간을 크게 단축했습니다. 맡은 배치 운영 범위를 끝까지 책임지고 마무리해 팀이 일정 걱정 없이 다음 단계로 넘어갈 수 있었습니다.,ETL 심화 영역에서는 판단 근거가 부족한 경우가 있어 추가 학습이 필요해 보입니다.
R000431,2025H2,X-0001,DP0082,DP0001,2025-12-15,금융사 가2 비정형 문서 메타데이터 전환 수행 기간 동안 팀의 핵심 인력으로 활약했습니다. 직접 겪은 시행착오를 정리해 공유해 다른 팀원들이 같은 실수를 피할 수 있었습니다. 문제가 생겼을 때 남에게 미루지 않고 본인 일처럼 책임지고 원인을 정리해 주었습니다. 마일스톤별 위험 요소를 미리 관리해 메타데이터 설계 일정을 한 번도 놓치지 않았습니다.,테스트 범위를 좁게 잡아 회귀 결함이 뒤늦게 발견된 적이 있었습니다. 또한 성실 측면도 보완하면 더 좋겠습니다.
R000432,2025H2,X-0057,DP0077,DP0001,2025-12-15,금융사 카 데이터 마트 구축을(를) 진행하는 동안 금융 고객 환경을 잘 이해하고 안정적으로 수행했습니다. Scala 분야의 깊은 전문성으로 설계 단계에서 기술적 리스크를 먼저 짚어 냈습니다. 직접 겪은 시행착오를 정리해 공유해 다른 팀원들이 같은 실수를 피할 수 있었습니다. 기존 방식에 얽매이지 않는 대안을 제시해 적재 파이프라인의 처리 속도를 크게 개선했습니다. 막힌 이슈를 작은 단위로 쪼개 가설을 검증하는 방식으로 해결 시간을 크게 단축했습니다.,테스트 범위를 좁게 잡아 회귀 결함이 뒤늦게 발견된 적이 있었습니다. 또한 적극성 측면도 보완하면 더 좋겠습니다.
R000433,2025H2,X-0057,DP0100,DP0001,2025-12-15,금융사 카 데이터 마트 구축 수행 기간 동안 팀의 핵심 인력으로 활약했습니다. 처음 접한 Scala도 짧은 시간에 익혀 바로 실무에 적용했습니다. Scala 노하우를 문서와 짧은 세션으로 공유해 팀 전체의 수준을 끌어올렸습니다. 작업량을 현실적으로 추정해 일정 계획의 정확도를 높였습니다.,테스트 범위를 좁게 잡아 회귀 결함이 뒤늦게 발견된 적이 있었습니다. 또한 성실 측면도 보완하면 더 좋겠습니다.
R000434,2025H2,X-0001,DP0061,DP0001,2025-12-15,금융사 가2 비정형 문서 메타데이터 전환 업무에서 함께 일하며 많은 도움을 받았습니다. 처음 접한 Scala도 짧은 시간에 익혀 바로 실무에 적용했습니다. Scala 노하우를 문서와 짧은 세션으로 공유해 팀 전체의 수준을 끌어올렸습니다.,반복 점검 업무를 마감 직전까지 미루는 경우가 있어 꾸준함이 조금 아쉬웠습니다.
R000435,2025H2,X-0073,DP0023,DP0002,2025-12-15,계열사 T 데이터 레이크 고도화을(를) 진행하는 동안 그룹사(대내) 고객 환경을 잘 이해하고 안정적으로 수행했습니다. 산출물과 설정값을 꼼꼼하게 대조해 배포 전 결함을 여러 건 미리 잡아냈습니다. Python 관련 이슈가 생길 때마다 정확한 판단으로 해결 방향을 제시해 팀의 기준점이 되었습니다.,긴급 상황에서 우선순위 판단이 늦어 대응이 지연된 적이 있었습니다. 또한 적극성 측면도 보완하면 더 좋겠습니다.
R000436,2025H2,X-0073,DP0097,DP0002,2025-12-15,계열사 T 데이터 레이크 고도화을(를) 진행하는 동안 그룹사(대내) 고객 환경을 잘 이해하고 안정적으로 수행했습니다. 처음 접한 Python도 짧은 시간에 익혀 바로 실무에 적용했습니다. 직접 겪은 시행착오를 정리해 공유해 다른 팀원들이 같은 실수를 피할 수 있었습니다.,긴급 상황에서 우선순위 판단이 늦어 대응이 지연된 적이 있었습니다. 또한 문서화 측면도 보완하면 더 좋겠습니다.
R000437,2025H2,X-0073,DP0096,DP0002,2025-12-15,계열사 T 데이터 레이크 고도화 업무에서 함께 일하며 많은 도움을 받았습니다. 산출물과 설정값을 꼼꼼하게 대조해 배포 전 결함을 여러 건 미리 잡아냈습니다. 새 도메인 지식을 빠르게 흡수해 투입 초기부터 제 몫을 해냈습니다.,반복 점검 업무를 마감 직전까지 미루는 경우가 있어 꾸준함이 조금 아쉬웠습니다. 또한 위기대응 측면도 보완하면 더 좋겠습니다.
R000438,2025H2,X-0073,DP0039,DP0002,2025-12-15,계열사 T 데이터 레이크 고도화 수행 기간 동안 팀의 핵심 인력으로 활약했습니다. 고객사와 개발팀 사이에서 요구사항을 명확히 전달해 재작업을 크게 줄였습니다.,반복 점검 업무를 마감 직전까지 미루는 경우가 있어 꾸준함이 조금 아쉬웠습니다. 또한 리더십 측면도 보완하면 더 좋겠습니다.
R000439,2025H2,X-0073,DP0013,DP0002,2025-12-15,계열사 T 데이터 레이크 고도화을(를) 진행하는 동안 그룹사(대내) 고객 환경을 잘 이해하고 안정적으로 수행했습니다. 산출물과 설정값을 꼼꼼하게 대조해 배포 전 결함을 여러 건 미리 잡아냈습니다. 검색엔진 노하우를 문서와 짧은 세션으로 공유해 팀 전체의 수준을 끌어올렸습니다.,긴급 상황에서 우선순위 판단이 늦어 대응이 지연된 적이 있었습니다. 또한 적극성 측면도 보완하면 더 좋겠습니다.
R000440,2025H2,X-0073,DP0070,DP0002,2025-12-15,계열사 T 데이터 레이크 고도화 업무에서 함께 일하며 많은 도움을 받았습니다. 고객의 급한 요청에도 차분하게 대응해 신뢰를 얻었고 추가 요구 협상도 잘 이끌었습니다. 데이터 표준화의 핵심 기능을 직접 설계하며 요구사항을 구조화하는 기획력이 돋보였습니다. ETL 노하우를 문서와 짧은 세션으로 공유해 팀 전체의 수준을 끌어올렸습니다.,진행 상황 공유가 늦어 다른 담당자가 뒤늦게 파악하는 일이 있었습니다.
R000441,2025H2,X-0020,DP0088,DP0003,2025-12-15,공공기관 무 공공데이터 개방 플랫폼 구축 업무에서 함께 일하며 많은 도움을 받았습니다. 눈에 잘 띄지 않는 데이터 정제 작업도 성실하게 처리해 품질 기반을 다져 주었습니다. 테스트 기준을 스스로 높게 잡아 운영 이관 후 장애가 거의 없었습니다.,고객의 갑작스러운 요청에 방어적으로 대응해 협의가 길어진 적이 있었습니다.
R000442,2025H2,X-0020,DP0062,DP0003,2025-12-15,공공기관 무 공공데이터 개방 플랫폼 구축을(를) 진행하는 동안 공공 고객 환경을 잘 이해하고 안정적으로 수행했습니다. 신규 인원에게 업무 맥락을 차근차근 설명해 적응 기간을 크게 줄여 주었습니다. Scala 노하우를 문서와 짧은 세션으로 공유해 팀 전체의 수준을 끌어올렸습니다. 눈에 잘 띄지 않는 데이터 정제 작업도 성실하게 처리해 품질 기반을 다져 주었습니다.,긴급 상황에서 우선순위 판단이 늦어 대응이 지연된 적이 있었습니다. 또한 리더십 측면도 보완하면 더 좋겠습니다.
R000443,2025H2,X-0020,DP0081,DP0003,2025-12-15,공공기관 무 공공데이터 개방 플랫폼 구축을(를) 진행하는 동안 공공 고객 환경을 잘 이해하고 안정적으로 수행했습니다. 테스트 기준을 스스로 높게 잡아 운영 이관 후 장애가 거의 없었습니다. 마일스톤별 위험 요소를 미리 관리해 데이터 정제 일정을 한 번도 놓치지 않았습니다. 산출물과 설정값을 꼼꼼하게 대조해 배포 전 결함을 여러 건 미리 잡아냈습니다.,"고객의 갑작스러운 요청에 방어적으로 대응해 협의가 길어진 적이 있었습니다. 또한 소통, 리더십 측면도 보완하면 더 좋겠습니다."
R000444,2025H2,X-0020,DP0017,DP0003,2025-12-15,공공기관 무 공공데이터 개방 플랫폼 구축 업무에서 함께 일하며 많은 도움을 받았습니다. 설계 의도와 운영 절차를 잘 정리해 두어 인수인계가 매끄러웠습니다. 코드 리뷰에서 품질 기준을 일관되게 지켜 팀의 결과물 수준을 끌어올렸습니다. 작업량을 현실적으로 추정해 일정 계획의 정확도를 높였습니다.,"진행 상황 공유가 늦어 다른 담당자가 뒤늦게 파악하는 일이 있었습니다. 또한 고객대응, 문제해결 측면도 보완하면 더 좋겠습니다."
R000445,2025H2,X-0020,DP0039,DP0003,2025-12-15,공공기관 무 공공데이터 개방 플랫폼 구축 업무에서 함께 일하며 많은 도움을 받았습니다. 직접 겪은 시행착오를 정리해 공유해 다른 팀원들이 같은 실수를 피할 수 있었습니다. 눈에 잘 띄지 않는 데이터 정제 작업도 성실하게 처리해 품질 기반을 다져 주었습니다.,주니어에게 피드백을 줄 때 이유 설명이 짧아 학습 효과가 제한적이었습니다. 또한 소통 측면도 보완하면 더 좋겠습니다.
R000446,2025H2,X-0001,DP0087,DP0004,2025-12-15,금융사 가2 비정형 문서 메타데이터 전환 수행 기간 동안 팀의 핵심 인력으로 활약했습니다. 고객사와 개발팀 사이에서 요구사항을 명확히 전달해 재작업을 크게 줄였습니다.,장애 대응 시 임시 조치에 머무는 경우가 있어 근본 원인 분석까지 이어지면 좋겠습니다. 또한 기술공유 측면도 보완하면 더 좋겠습니다.
R000447,2025H2,X-0001,DP0061,DP0004,2025-12-15,금융사 가2 비정형 문서 메타데이터 전환 업무에서 함께 일하며 많은 도움을 받았습니다. 신규 인원에게 업무 맥락을 차근차근 설명해 적응 기간을 크게 줄여 주었습니다.,새로운 과제에는 먼저 나서기보다 지켜보는 편이라 조금 더 적극적이면 좋겠습니다. 또한 친화력 측면도 보완하면 더 좋겠습니다.
R000448,2025H2,X-0001,DP0053,DP0004,2025-12-15,금융사 가2 비정형 문서 메타데이터 전환을(를) 진행하는 동안 금융 고객 환경을 잘 이해하고 안정적으로 수행했습니다. 개선 아이디어를 적극적으로 제안하고 직접 시범 적용까지 해 보였습니다.,요구사항을 구조화하기 전에 구현부터 시작하는 경우가 있어 사전 기획을 보완하면 좋겠습니다.
R000449,2025H2,X-0003,DP0066,DP0004,2025-12-15,계열사 H 데이터 거버넌스 구축을(를) 진행하는 동안 그룹사(대내) 고객 환경을 잘 이해하고 안정적으로 수행했습니다. 처음 접한 데이터 모델링도 짧은 시간에 익혀 바로 실무에 적용했습니다.,"새로 합류한 인원과 거리감이 있어 초기 협업이 다소 더뎠습니다. 또한 기술공유, 문서화 측면도 보완하면 더 좋겠습니다."
R000450,2025H2,X-0057,DP0007,DP0005,2025-12-15,금융사 카 데이터 마트 구축 업무에서 함께 일하며 많은 도움을 받았습니다. 핵심 담당자으로서 팀원 각자의 역량을 파악해 일을 배분하고 끝까지 이끄는 리더십이 뛰어났습니다. 개선 아이디어를 적극적으로 제안하고 직접 시범 적용까지 해 보였습니다. 운영 중 긴급 장애가 났을 때 침착하게 상황을 정리하고 복구를 주도했습니다. 설계 의도와 운영 절차를 잘 정리해 두어 인수인계가 매끄러웠습니다.,주니어에게 피드백을 줄 때 이유 설명이 짧아 학습 효과가 제한적이었습니다. 또한 책임감 측면도 보완하면 더 좋겠습니다.
R000451,2025H2,X-0057,DP0011,DP0005,2025-12-15,금융사 카 데이터 마트 구축 업무에서 함께 일하며 많은 도움을 받았습니다. 일정이 크게 흔들린 시점에 대응 계획을 빠르게 세워 위기를 넘겼습니다. 일정이 흔들릴 때 우선순위를 다시 세우고 팀을 안정적으로 이끌었습니다.,테스트 범위를 좁게 잡아 회귀 결함이 뒤늦게 발견된 적이 있었습니다.
R000452,2025H2,X-0057,DP0085,DP0005,2025-12-15,금융사 카 데이터 마트 구축 수행 기간 동안 팀의 핵심 인력으로 활약했습니다. Kubernetes 분야의 깊은 전문성으로 설계 단계에서 기술적 리스크를 먼저 짚어 냈습니다. 일정이 흔들릴 때 우선순위를 다시 세우고 팀을 안정적으로 이끌었습니다. 고객사와 개발팀 사이에서 요구사항을 명확히 전달해 재작업을 크게 줄였습니다.,"다만 경계가 애매한 업무는 먼저 맡으려 하지 않는 경우가 있어 주인 의식을 조금 더 보여 주면 좋겠습니다. 또한 기술공유, 협업 측면도 보완하면 더 좋겠습니다."
R000453,2025H2,X-0003,DP0004,DP0006,2025-12-15,계열사 H 데이터 거버넌스 구축 업무에서 함께 일하며 많은 도움을 받았습니다. 데이터·개발·운영 담당 사이의 연결고리 역할을 맡아 협업 병목을 풀어 주었습니다. 눈에 잘 띄지 않는 데이터 표준화 작업도 성실하게 처리해 품질 기반을 다져 주었습니다.,새로 합류한 인원과 거리감이 있어 초기 협업이 다소 더뎠습니다. 또한 학습력 측면도 보완하면 더 좋겠습니다.
R000454,2025H2,X-0003,DP0047,DP0006,2025-12-15,계열사 H 데이터 거버넌스 구축을(를) 진행하는 동안 그룹사(대내) 고객 환경을 잘 이해하고 안정적으로 수행했습니다. 눈에 잘 띄지 않는 데이터 표준화 작업도 성실하게 처리해 품질 기반을 다져 주었습니다.,"새로 합류한 인원과 거리감이 있어 초기 협업이 다소 더뎠습니다. 또한 기획력, 문서화, 멘토링 측면도 보완하면 더 좋겠습니다."
R000455,2025H2,X-0003,DP0056,DP0006,2025-12-15,계열사 H 데이터 거버넌스 구축을(를) 진행하는 동안 그룹사(대내) 고객 환경을 잘 이해하고 안정적으로 수행했습니다. 제약이 많은 상황에서도 새로운 접근을 찾아내 고객의 호평을 받았습니다.,"새로 합류한 인원과 거리감이 있어 초기 협업이 다소 더뎠습니다. 또한 기획력, 협업, 문서화 측면도 보완하면 더 좋겠습니다."
R000456,2025H2,X-0057,DP0067,DP0007,2025-12-15,금융사 카 데이터 마트 구축을(를) 진행하는 동안 금융 고객 환경을 잘 이해하고 안정적으로 수행했습니다. 맡은 적재 파이프라인 범위를 끝까지 책임지고 마무리해 팀이 일정 걱정 없이 다음 단계로 넘어갈 수 있었습니다. 변경 이력과 의사결정 배경을 꾸준히 기록해 고객 보고에 큰 도움이 되었습니다.,고객의 갑작스러운 요청에 방어적으로 대응해 협의가 길어진 적이 있었습니다. 또한 멘토링 측면도 보완하면 더 좋겠습니다.
R000457,2025H2,X-0020,DP0021,DP0007,2025-12-15,공공기관 무 공공데이터 개방 플랫폼 구축 수행 기간 동안 팀의 핵심 인력으로 활약했습니다. 일정이 크게 흔들린 시점에 대응 계획을 빠르게 세워 위기를 넘겼습니다. 고객사 현업 담당자의 불만을 경청하고 대안을 제시해 관계를 개선했습니다.,"Kubernetes 심화 영역에서는 판단 근거가 부족한 경우가 있어 추가 학습이 필요해 보입니다. 또한 협업, 적극성 측면도 보완하면 더 좋겠습니다."
R000458,2025H2,X-0010,DP0010,DP0007,2025-12-15,계열사 D 데이터 레이크 고도화 업무에서 함께 일하며 많은 도움을 받았습니다. 일정이 크게 흔들린 시점에 대응 계획을 빠르게 세워 위기를 넘겼습니다. 고객사 현업 담당자의 불만을 경청하고 대안을 제시해 관계를 개선했습니다. 산출물과 설정값을 꼼꼼하게 대조해 배포 전 결함을 여러 건 미리 잡아냈습니다.,Kubernetes 심화 영역에서는 판단 근거가 부족한 경우가 있어 추가 학습이 필요해 보입니다. 또한 멘토링 측면도 보완하면 더 좋겠습니다.
R000459,2025H2,X-0020,DP0039,DP0007,2025-12-15,공공기관 무 공공데이터 개방 플랫폼 구축 수행 기간 동안 팀의 핵심 인력으로 활약했습니다. 검수 체크리스트를 촘촘하게 운영해 고객 검수에서 지적이 거의 나오지 않았습니다. 작업량을 현실적으로 추정해 일정 계획의 정확도를 높였습니다.,AWS 심화 영역에서는 판단 근거가 부족한 경우가 있어 추가 학습이 필요해 보입니다. 또한 적극성 측면도 보완하면 더 좋겠습니다.
R000460,2025H2,X-0082,DP0067,DP0008,2025-12-15,금융사 타 데이터 마트 구축을(를) 진행하는 동안 금융 고객 환경을 잘 이해하고 안정적으로 수행했습니다. 다른 파트의 일정까지 살피며 먼저 도움을 제안해 팀 전체 속도를 끌어올렸습니다.,"알고 있는 노하우를 팀에 공유하는 빈도가 낮아 지식이 한 사람에게 몰렸습니다. 또한 문제해결, 꼼꼼함 측면도 보완하면 더 좋겠습니다."
R000461,2025H2,X-0001,DP0061,DP0008,2025-12-15,금융사 가2 비정형 문서 메타데이터 전환을(를) 진행하는 동안 금융 고객 환경을 잘 이해하고 안정적으로 수행했습니다. 설계 의도와 운영 절차를 잘 정리해 두어 인수인계가 매끄러웠습니다.,장애 대응 시 임시 조치에 머무는 경우가 있어 근본 원인 분석까지 이어지면 좋겠습니다. 또한 전문성 측면도 보완하면 더 좋겠습니다.
R000462,2025H2,X-0001,DP0034,DP0008,2025-12-15,금융사 가2 비정형 문서 메타데이터 전환을(를) 진행하는 동안 금융 고객 환경을 잘 이해하고 안정적으로 수행했습니다. 산출물과 설정값을 꼼꼼하게 대조해 배포 전 결함을 여러 건 미리 잡아냈습니다.,"새로운 과제에는 먼저 나서기보다 지켜보는 편이라 조금 더 적극적이면 좋겠습니다. 또한 문제해결, 전문성 측면도 보완하면 더 좋겠습니다."
R000463,2025H2,X-0001,DP0079,DP0008,2025-12-15,금융사 가2 비정형 문서 메타데이터 전환을(를) 진행하는 동안 금융 고객 환경을 잘 이해하고 안정적으로 수행했습니다. 기존 방식에 얽매이지 않는 대안을 제시해 메타데이터 설계의 처리 속도를 크게 개선했습니다.,세부 설정값 검토가 빠져 배포 후 수정이 생긴 적이 있었습니다. 또한 문제해결 측면도 보완하면 더 좋겠습니다.
R000464,2025H2,X-0006,DP0026,DP0009,2025-12-15,금융사 바2 차세대 데이터 플랫폼 구축 수행 기간 동안 팀의 핵심 인력으로 활약했습니다. 제약이 많은 상황에서도 새로운 접근을 찾아내 고객의 호평을 받았습니다. 운영 중 긴급 장애가 났을 때 침착하게 상황을 정리하고 복구를 주도했습니다. 변경 이력과 의사결정 배경을 꾸준히 기록해 고객 보고에 큰 도움이 되었습니다.,알고 있는 노하우를 팀에 공유하는 빈도가 낮아 지식이 한 사람에게 몰렸습니다.
R000465,2025H2,X-0006,DP0012,DP0009,2025-12-15,금융사 바2 차세대 데이터 플랫폼 구축 업무에서 함께 일하며 많은 도움을 받았습니다. 데이터·개발·운영 담당 사이의 연결고리 역할을 맡아 협업 병목을 풀어 주었습니다. 문제가 생겼을 때 남에게 미루지 않고 본인 일처럼 책임지고 원인을 정리해 주었습니다.,진행 상황 공유가 늦어 다른 담당자가 뒤늦게 파악하는 일이 있었습니다.
R000466,2025H2,X-0006,DP0011,DP0009,2025-12-15,금융사 바2 차세대 데이터 플랫폼 구축 수행 기간 동안 팀의 핵심 인력으로 활약했습니다. 고객사 담당자와도 편하게 소통하는 친화력 덕분에 협의가 한결 수월했습니다. 운영 중 긴급 장애가 났을 때 침착하게 상황을 정리하고 복구를 주도했습니다.,진행 상황 공유가 늦어 다른 담당자가 뒤늦게 파악하는 일이 있었습니다.
R000467,2025H2,X-0006,DP0042,DP0009,2025-12-15,금융사 바2 차세대 데이터 플랫폼 구축을(를) 진행하는 동안 금융 고객 환경을 잘 이해하고 안정적으로 수행했습니다. 테스트 기준을 스스로 높게 잡아 운영 이관 후 장애가 거의 없었습니다. 일정이 크게 흔들린 시점에 대응 계획을 빠르게 세워 위기를 넘겼습니다. 기존 방식에 얽매이지 않는 대안을 제시해 메타데이터 설계의 처리 속도를 크게 개선했습니다.,세부 설정값 검토가 빠져 배포 후 수정이 생긴 적이 있었습니다. 또한 고객대응 측면도 보완하면 더 좋겠습니다.
R000468,2025H2,X-0010,DP0007,DP0010,2025-12-15,계열사 D 데이터 레이크 고도화 수행 기간 동안 팀의 핵심 인력으로 활약했습니다. 다른 파트의 일정까지 살피며 먼저 도움을 제안해 팀 전체 속도를 끌어올렸습니다. 작업량을 현실적으로 추정해 일정 계획의 정확도를 높였습니다. 일정이 흔들릴 때 우선순위를 다시 세우고 팀을 안정적으로 이끌었습니다. 개선 아이디어를 적극적으로 제안하고 직접 시범 적용까지 해 보였습니다.,테스트 범위를 좁게 잡아 회귀 결함이 뒤늦게 발견된 적이 있었습니다.
R000469,2025H2,X-0073,DP0087,DP0010,2025-12-15,계열사 T 데이터 레이크 고도화 수행 기간 동안 팀의 핵심 인력으로 활약했습니다. 직접 겪은 시행착오를 정리해 공유해 다른 팀원들이 같은 실수를 피할 수 있었습니다. 새로운 요구가 생기면 먼저 손을 들고 나서서 초기 검토를 맡아 주었습니다.,세부 설정값 검토가 빠져 배포 후 수정이 생긴 적이 있었습니다.
R000470,2025H2,X-0073,DP0013,DP0010,2025-12-15,계열사 T 데이터 레이크 고도화 업무에서 함께 일하며 많은 도움을 받았습니다. 검수 체크리스트를 촘촘하게 운영해 고객 검수에서 지적이 거의 나오지 않았습니다. 메타데이터 관리 노하우를 문서와 짧은 세션으로 공유해 팀 전체의 수준을 끌어올렸습니다. 설계 의도와 운영 절차를 잘 정리해 두어 인수인계가 매끄러웠습니다.,"고객의 갑작스러운 요청에 방어적으로 대응해 협의가 길어진 적이 있었습니다. 또한 문제해결, 학습력 측면도 보완하면 더 좋겠습니다."
R000471,2025H2,X-0073,DP0039,DP0010,2025-12-15,계열사 T 데이터 레이크 고도화 업무에서 함께 일하며 많은 도움을 받았습니다. 직접 겪은 시행착오를 정리해 공유해 다른 팀원들이 같은 실수를 피할 수 있었습니다.,"주니어에게 피드백을 줄 때 이유 설명이 짧아 학습 효과가 제한적이었습니다. 또한 꼼꼼함, 학습력 측면도 보완하면 더 좋겠습니다."
R000472,2025H2,X-0057,DP0083,DP0011,2025-12-15,금융사 카 데이터 마트 구축 업무에서 함께 일하며 많은 도움을 받았습니다. 일정이 흔들릴 때 우선순위를 다시 세우고 팀을 안정적으로 이끌었습니다. 새로운 요구가 생기면 먼저 손을 들고 나서서 초기 검토를 맡아 주었습니다. 작업량을 현실적으로 추정해 일정 계획의 정확도를 높였습니다. 맡은 적재 파이프라인 범위를 끝까지 책임지고 마무리해 팀이 일정 걱정 없이 다음 단계로 넘어갈 수 있었습니다.,반복 점검 업무를 마감 직전까지 미루는 경우가 있어 꾸준함이 조금 아쉬웠습니다. 또한 멘토링 측면도 보완하면 더 좋겠습니다.
R000473,2025H2,X-0057,DP0005,DP0011,2025-12-15,금융사 카 데이터 마트 구축 수행 기간 동안 팀의 핵심 인력으로 활약했습니다. 작업량을 현실적으로 추정해 일정 계획의 정확도를 높였습니다. 핵심 담당자으로서 팀원 각자의 역량을 파악해 일을 배분하고 끝까지 이끄는 리더십이 뛰어났습니다. 테스트 기준을 스스로 높게 잡아 운영 이관 후 장애가 거의 없었습니다.,반복 점검 업무를 마감 직전까지 미루는 경우가 있어 꾸준함이 조금 아쉬웠습니다.
R000474,2025H2,X-0006,DP0046,DP0011,2025-12-15,금융사 바2 차세대 데이터 플랫폼 구축 수행 기간 동안 팀의 핵심 인력으로 활약했습니다. 설계 의도와 운영 절차를 잘 정리해 두어 인수인계가 매끄러웠습니다. 일정이 크게 흔들린 시점에 대응 계획을 빠르게 세워 위기를 넘겼습니다. 고객의 모호한 요구를 단계별 실행 계획으로 정리해 범위 변경을 줄였습니다.,테스트 범위를 좁게 잡아 회귀 결함이 뒤늦게 발견된 적이 있었습니다.
R000475,2025H2,X-0006,DP0082,DP0011,2025-12-15,금융사 바2 차세대 데이터 플랫폼 구축 업무에서 함께 일하며 많은 도움을 받았습니다. 메타데이터 설계의 핵심 기능을 직접 설계하며 요구사항을 구조화하는 기획력이 돋보였습니다. 설계 의도와 운영 절차를 잘 정리해 두어 인수인계가 매끄러웠습니다. 일정이 흔들릴 때 우선순위를 다시 세우고 팀을 안정적으로 이끌었습니다.,장애 대응 시 임시 조치에 머무는 경우가 있어 근본 원인 분석까지 이어지면 좋겠습니다. 또한 성실 측면도 보완하면 더 좋겠습니다.
R000476,2025H2,X-0006,DP0056,DP0011,2025-12-15,금융사 바2 차세대 데이터 플랫폼 구축을(를) 진행하는 동안 금융 고객 환경을 잘 이해하고 안정적으로 수행했습니다. 일정이 흔들릴 때 우선순위를 다시 세우고 팀을 안정적으로 이끌었습니다. 마일스톤별 위험 요소를 미리 관리해 메타데이터 설계 일정을 한 번도 놓치지 않았습니다. 일정이 크게 흔들린 시점에 대응 계획을 빠르게 세워 위기를 넘겼습니다.,테스트 범위를 좁게 잡아 회귀 결함이 뒤늦게 발견된 적이 있었습니다.
R000477,2025H2,X-0006,DP0027,DP0012,2025-12-15,금융사 바2 차세대 데이터 플랫폼 구축을(를) 진행하는 동안 금융 고객 환경을 잘 이해하고 안정적으로 수행했습니다. 메타데이터 설계 중 발생한 복합 장애의 근본 원인을 빠르게 찾아 재발 방지책까지 마련했습니다. 직접 겪은 시행착오를 정리해 공유해 다른 팀원들이 같은 실수를 피할 수 있었습니다. 일정이 흔들릴 때 우선순위를 다시 세우고 팀을 안정적으로 이끌었습니다. 테스트 기준을 스스로 높게 잡아 운영 이관 후 장애가 거의 없었습니다.,긴급 상황에서 우선순위 판단이 늦어 대응이 지연된 적이 있었습니다. 또한 소통 측면도 보완하면 더 좋겠습니다.
R000478,2025H2,X-0006,DP0011,DP0012,2025-12-15,금융사 바2 차세대 데이터 플랫폼 구축 수행 기간 동안 팀의 핵심 인력으로 활약했습니다. 매일 진행 상황을 꾸준히 공유하고 반복 점검 업무도 빠짐없이 챙겨 신뢰가 갔습니다.,"본인 범위에 집중하다 보니 다른 파트와의 연계가 늦어지는 경우가 있었습니다. 또한 문서화, 일정관리, 위기대응 측면도 보완하면 더 좋겠습니다."
R000479,2025H2,X-0006,DP0033,DP0012,2025-12-15,금융사 바2 차세대 데이터 플랫폼 구축 업무에서 함께 일하며 많은 도움을 받았습니다. 신규 인원에게 업무 맥락을 차근차근 설명해 적응 기간을 크게 줄여 주었습니다.,본인 범위에 집중하다 보니 다른 파트와의 연계가 늦어지는 경우가 있었습니다. 또한 위기대응 측면도 보완하면 더 좋겠습니다.
R000480,2025H2,X-0006,DP0034,DP0012,2025-12-15,금융사 바2 차세대 데이터 플랫폼 구축을(를) 진행하는 동안 금융 고객 환경을 잘 이해하고 안정적으로 수행했습니다. 일정이 흔들릴 때 우선순위를 다시 세우고 팀을 안정적으로 이끌었습니다.,긴급 상황에서 우선순위 판단이 늦어 대응이 지연된 적이 있었습니다. 또한 성실 측면도 보완하면 더 좋겠습니다.
R000481,2025H2,X-0006,DP0042,DP0012,2025-12-15,금융사 바2 차세대 데이터 플랫폼 구축 수행 기간 동안 팀의 핵심 인력으로 활약했습니다. 막힌 이슈를 작은 단위로 쪼개 가설을 검증하는 방식으로 해결 시간을 크게 단축했습니다. 일정이 흔들릴 때 우선순위를 다시 세우고 팀을 안정적으로 이끌었습니다.,본인 범위에 집중하다 보니 다른 파트와의 연계가 늦어지는 경우가 있었습니다. 또한 학습력 측면도 보완하면 더 좋겠습니다.
R000482,2025H2,X-0006,DP0049,DP0012,2025-12-15,금융사 바2 차세대 데이터 플랫폼 구축 수행 기간 동안 팀의 핵심 인력으로 활약했습니다. 일정이 흔들릴 때 우선순위를 다시 세우고 팀을 안정적으로 이끌었습니다.,"본인 범위에 집중하다 보니 다른 파트와의 연계가 늦어지는 경우가 있었습니다. 또한 소통, 위기대응 측면도 보완하면 더 좋겠습니다."
R000483,2025H2,X-0073,DP0055,DP0013,2025-12-15,계열사 T 데이터 레이크 고도화 업무에서 함께 일하며 많은 도움을 받았습니다. 회의 때마다 쟁점을 쉽게 정리해 이해관계자들의 합의를 빠르게 이끌었습니다. 기존 방식에 얽매이지 않는 대안을 제시해 데이터 표준화의 처리 속도를 크게 개선했습니다.,장애 대응 시 임시 조치에 머무는 경우가 있어 근본 원인 분석까지 이어지면 좋겠습니다.
R000484,2025H2,X-0073,DP0087,DP0013,2025-12-15,계열사 T 데이터 레이크 고도화 업무에서 함께 일하며 많은 도움을 받았습니다. 막힌 이슈를 작은 단위로 쪼개 가설을 검증하는 방식으로 해결 시간을 크게 단축했습니다. 맡은 데이터 표준화 범위를 끝까지 책임지고 마무리해 팀이 일정 걱정 없이 다음 단계로 넘어갈 수 있었습니다.,테스트 범위를 좁게 잡아 회귀 결함이 뒤늦게 발견된 적이 있었습니다. 또한 문서화 측면도 보완하면 더 좋겠습니다.
R000485,2025H2,X-0073,DP0002,DP0013,2025-12-15,계열사 T 데이터 레이크 고도화을(를) 진행하는 동안 그룹사(대내) 고객 환경을 잘 이해하고 안정적으로 수행했습니다. 다른 파트의 일정까지 살피며 먼저 도움을 제안해 팀 전체 속도를 끌어올렸습니다. 막힌 이슈를 작은 단위로 쪼개 가설을 검증하는 방식으로 해결 시간을 크게 단축했습니다.,의견이 엇갈릴 때 방향을 정리해 주는 역할은 조금 더 기대됩니다. 또한 위기대응 측면도 보완하면 더 좋겠습니다.
R000486,2025H2,X-0073,DP0036,DP0013,2025-12-15,계열사 T 데이터 레이크 고도화을(를) 진행하는 동안 그룹사(대내) 고객 환경을 잘 이해하고 안정적으로 수행했습니다. 변경 이력과 의사결정 배경을 꾸준히 기록해 고객 보고에 큰 도움이 되었습니다.,의견이 엇갈릴 때 방향을 정리해 주는 역할은 조금 더 기대됩니다. 또한 위기대응 측면도 보완하면 더 좋겠습니다.
R000487,2025H2,X-0057,DP0085,DP0013,2025-12-15,금융사 카 데이터 마트 구축 수행 기간 동안 팀의 핵심 인력으로 활약했습니다. 다른 파트의 일정까지 살피며 먼저 도움을 제안해 팀 전체 속도를 끌어올렸습니다.,"의견이 엇갈릴 때 방향을 정리해 주는 역할은 조금 더 기대됩니다. 또한 성실, 기획력, 위기대응 측면도 보완하면 더 좋겠습니다."
R000488,2025H2,X-0057,DP0083,DP0014,2025-12-15,금융사 카 데이터 마트 구축을(를) 진행하는 동안 금융 고객 환경을 잘 이해하고 안정적으로 수행했습니다. 맡은 적재 파이프라인 범위를 끝까지 책임지고 마무리해 팀이 일정 걱정 없이 다음 단계로 넘어갈 수 있었습니다. 처음 접한 Docker도 짧은 시간에 익혀 바로 실무에 적용했습니다. 일정이 크게 흔들린 시점에 대응 계획을 빠르게 세워 위기를 넘겼습니다.,장애 대응 시 임시 조치에 머무는 경우가 있어 근본 원인 분석까지 이어지면 좋겠습니다.
R000489,2025H2,X-0057,DP0098,DP0014,2025-12-15,금융사 카 데이터 마트 구축 수행 기간 동안 팀의 핵심 인력으로 활약했습니다. 적재 파이프라인 중 발생한 복합 장애의 근본 원인을 빠르게 찾아 재발 방지책까지 마련했습니다. 새 도메인 지식을 빠르게 흡수해 투입 초기부터 제 몫을 해냈습니다. 직접 겪은 시행착오를 정리해 공유해 다른 팀원들이 같은 실수를 피할 수 있었습니다.,"테스트 범위를 좁게 잡아 회귀 결함이 뒤늦게 발견된 적이 있었습니다. 또한 일정관리, 멘토링 측면도 보완하면 더 좋겠습니다."
R000490,2025H2,X-0057,DP0025,DP0014,2025-12-15,금융사 카 데이터 마트 구축을(를) 진행하는 동안 금융 고객 환경을 잘 이해하고 안정적으로 수행했습니다. 맡은 적재 파이프라인 범위를 끝까지 책임지고 마무리해 팀이 일정 걱정 없이 다음 단계로 넘어갈 수 있었습니다. 새 도메인 지식을 빠르게 흡수해 투입 초기부터 제 몫을 해냈습니다.,테스트 범위를 좁게 잡아 회귀 결함이 뒤늦게 발견된 적이 있었습니다. 또한 협업 측면도 보완하면 더 좋겠습니다.
R000491,2025H2,X-0057,DP0094,DP0014,2025-12-15,금융사 카 데이터 마트 구축을(를) 진행하는 동안 금융 고객 환경을 잘 이해하고 안정적으로 수행했습니다. 새로운 요구가 생기면 먼저 손을 들고 나서서 초기 검토를 맡아 주었습니다. 문제가 생겼을 때 남에게 미루지 않고 본인 일처럼 책임지고 원인을 정리해 주었습니다. AWS 노하우를 문서와 짧은 세션으로 공유해 팀 전체의 수준을 끌어올렸습니다. 테스트 기준을 스스로 높게 잡아 운영 이관 후 장애가 거의 없었습니다.,AWS 심화 영역에서는 판단 근거가 부족한 경우가 있어 추가 학습이 필요해 보입니다.
R000492,2025H2,X-0057,DP0031,DP0014,2025-12-15,금융사 카 데이터 마트 구축 업무에서 함께 일하며 많은 도움을 받았습니다. 개선 아이디어를 적극적으로 제안하고 직접 시범 적용까지 해 보였습니다. 검수 체크리스트를 촘촘하게 운영해 고객 검수에서 지적이 거의 나오지 않았습니다.,장애 대응 시 임시 조치에 머무는 경우가 있어 근본 원인 분석까지 이어지면 좋겠습니다. 또한 협업 측면도 보완하면 더 좋겠습니다.
R000493,2025H2,X-0020,DP0066,DP0015,2025-12-15,공공기관 무 공공데이터 개방 플랫폼 구축을(를) 진행하는 동안 공공 고객 환경을 잘 이해하고 안정적으로 수행했습니다. 검색엔진 분야의 깊은 전문성으로 설계 단계에서 기술적 리스크를 먼저 짚어 냈습니다. 일정이 흔들릴 때 우선순위를 다시 세우고 팀을 안정적으로 이끌었습니다.,반복 점검 업무를 마감 직전까지 미루는 경우가 있어 꾸준함이 조금 아쉬웠습니다. 또한 적극성 측면도 보완하면 더 좋겠습니다.
R000494,2025H2,X-0020,DP0022,DP0015,2025-12-15,공공기관 무 공공데이터 개방 플랫폼 구축을(를) 진행하는 동안 공공 고객 환경을 잘 이해하고 안정적으로 수행했습니다. 기술 리더으로서 팀원 각자의 역량을 파악해 일을 배분하고 끝까지 이끄는 리더십이 뛰어났습니다. 마일스톤별 위험 요소를 미리 관리해 데이터 정제 일정을 한 번도 놓치지 않았습니다. 매일 진행 상황을 꾸준히 공유하고 반복 점검 업무도 빠짐없이 챙겨 신뢰가 갔습니다.,변경 사항 문서화가 늦어 인수인계 때 다시 확인해야 하는 일이 있었습니다.
R000495,2025H2,X-0020,DP0072,DP0015,2025-12-15,공공기관 무 공공데이터 개방 플랫폼 구축 수행 기간 동안 팀의 핵심 인력으로 활약했습니다. 일정이 흔들릴 때 우선순위를 다시 세우고 팀을 안정적으로 이끌었습니다. 검수 체크리스트를 촘촘하게 운영해 고객 검수에서 지적이 거의 나오지 않았습니다. 비정형 문서 처리(OCR) 분야의 깊은 전문성으로 설계 단계에서 기술적 리스크를 먼저 짚어 냈습니다.,긴급 상황에서 우선순위 판단이 늦어 대응이 지연된 적이 있었습니다.
R000496,2025H2,X-0083,DP0060,DP0015,2025-12-15,금융사 사 차세대 데이터 플랫폼 구축 업무에서 함께 일하며 많은 도움을 받았습니다. 변경 이력과 의사결정 배경을 꾸준히 기록해 고객 보고에 큰 도움이 되었습니다. 기술 리더으로서 팀원 각자의 역량을 파악해 일을 배분하고 끝까지 이끄는 리더십이 뛰어났습니다. 데이터·개발·운영 담당 사이의 연결고리 역할을 맡아 협업 병목을 풀어 주었습니다.,고객의 갑작스러운 요청에 방어적으로 대응해 협의가 길어진 적이 있었습니다. 또한 적극성 측면도 보완하면 더 좋겠습니다.
R000497,2025H2,X-0020,DP0062,DP0015,2025-12-15,공공기관 무 공공데이터 개방 플랫폼 구축 업무에서 함께 일하며 많은 도움을 받았습니다. 다른 파트의 일정까지 살피며 먼저 도움을 제안해 팀 전체 속도를 끌어올렸습니다. Python 노하우를 문서와 짧은 세션으로 공유해 팀 전체의 수준을 끌어올렸습니다. Python 분야의 깊은 전문성으로 설계 단계에서 기술적 리스크를 먼저 짚어 냈습니다. 작업량을 현실적으로 추정해 일정 계획의 정확도를 높였습니다.,다만 경계가 애매한 업무는 먼저 맡으려 하지 않는 경우가 있어 주인 의식을 조금 더 보여 주면 좋겠습니다. 또한 품질의식 측면도 보완하면 더 좋겠습니다.
R000498,2025H2,X-0020,DP0046,DP0015,2025-12-15,공공기관 무 공공데이터 개방 플랫폼 구축을(를) 진행하는 동안 공공 고객 환경을 잘 이해하고 안정적으로 수행했습니다. 일정이 흔들릴 때 우선순위를 다시 세우고 팀을 안정적으로 이끌었습니다. 작업량을 현실적으로 추정해 일정 계획의 정확도를 높였습니다. 데이터·개발·운영 담당 사이의 연결고리 역할을 맡아 협업 병목을 풀어 주었습니다. 매일 진행 상황을 꾸준히 공유하고 반복 점검 업무도 빠짐없이 챙겨 신뢰가 갔습니다.,"알고 있는 노하우를 팀에 공유하는 빈도가 낮아 지식이 한 사람에게 몰렸습니다. 또한 고객대응, 책임감 측면도 보완하면 더 좋겠습니다."
R000499,2025H2,X-0094,DP0100,DP0016,2025-12-15,계열사 S 데이터 거버넌스 구축 업무에서 함께 일하며 많은 도움을 받았습니다. 작업량을 현실적으로 추정해 일정 계획의 정확도를 높였습니다. 검수 체크리스트를 촘촘하게 운영해 고객 검수에서 지적이 거의 나오지 않았습니다. 메타데이터 관리 관련 이슈가 생길 때마다 정확한 판단으로 해결 방향을 제시해 팀의 기준점이 되었습니다. 고객의 모호한 요구를 단계별 실행 계획으로 정리해 범위 변경을 줄였습니다. 그 밖에도 리더십 측면에서 좋은 모습을 보였습니다.,본인 범위에 집중하다 보니 다른 파트와의 연계가 늦어지는 경우가 있었습니다.
R000500,2025H2,X-0094,DP0086,DP0016,2025-12-15,계열사 S 데이터 거버넌스 구축을(를) 진행하는 동안 그룹사(대내) 고객 환경을 잘 이해하고 안정적으로 수행했습니다. 개선 아이디어를 적극적으로 제안하고 직접 시범 적용까지 해 보였습니다. 신규 인원에게 업무 맥락을 차근차근 설명해 적응 기간을 크게 줄여 주었습니다. 산출물과 설정값을 꼼꼼하게 대조해 배포 전 결함을 여러 건 미리 잡아냈습니다. 직접 겪은 시행착오를 정리해 공유해 다른 팀원들이 같은 실수를 피할 수 있었습니다. 그 밖에도 고객대응 측면에서 좋은 모습을 보였습니다.,기존 방식에 익숙해 새로운 대안을 검토하는 데는 소극적이었습니다.
R000501,2025H2,X-0094,DP0047,DP0016,2025-12-15,계열사 S 데이터 거버넌스 구축 업무에서 함께 일하며 많은 도움을 받았습니다. 메타데이터 관리 노하우를 문서와 짧은 세션으로 공유해 팀 전체의 수준을 끌어올렸습니다. 검수 체크리스트를 촘촘하게 운영해 고객 검수에서 지적이 거의 나오지 않았습니다. 새로운 요구가 생기면 먼저 손을 들고 나서서 초기 검토를 맡아 주었습니다.,진행 상황 공유가 늦어 다른 담당자가 뒤늦게 파악하는 일이 있었습니다.
R000502,2025H2,X-0094,DP0072,DP0016,2025-12-15,계열사 S 데이터 거버넌스 구축 업무에서 함께 일하며 많은 도움을 받았습니다. ETL 노하우를 문서와 짧은 세션으로 공유해 팀 전체의 수준을 끌어올렸습니다. 맡은 배치 운영 범위를 끝까지 책임지고 마무리해 팀이 일정 걱정 없이 다음 단계로 넘어갈 수 있었습니다.,기존 방식에 익숙해 새로운 대안을 검토하는 데는 소극적이었습니다.
R000503,2025H2,X-0094,DP0038,DP0016,2025-12-15,계열사 S 데이터 거버넌스 구축 수행 기간 동안 팀의 핵심 인력으로 활약했습니다. 마일스톤별 위험 요소를 미리 관리해 배치 운영 일정을 한 번도 놓치지 않았습니다. 개선 아이디어를 적극적으로 제안하고 직접 시범 적용까지 해 보였습니다. 배치 운영 중 발생한 복합 장애의 근본 원인을 빠르게 찾아 재발 방지책까지 마련했습니다.,진행 상황 공유가 늦어 다른 담당자가 뒤늦게 파악하는 일이 있었습니다. 또한 성실 측면도 보완하면 더 좋겠습니다.
R000504,2025H2,X-0094,DP0090,DP0016,2025-12-15,계열사 S 데이터 거버넌스 구축 업무에서 함께 일하며 많은 도움을 받았습니다. 마일스톤별 위험 요소를 미리 관리해 배치 운영 일정을 한 번도 놓치지 않았습니다. 일정이 흔들릴 때 우선순위를 다시 세우고 팀을 안정적으로 이끌었습니다.,반복 점검 업무를 마감 직전까지 미루는 경우가 있어 꾸준함이 조금 아쉬웠습니다.
R000505,2025H2,X-0020,DP0063,DP0017,2025-12-15,공공기관 무 공공데이터 개방 플랫폼 구축을(를) 진행하는 동안 공공 고객 환경을 잘 이해하고 안정적으로 수행했습니다. 데이터·개발·운영 담당 사이의 연결고리 역할을 맡아 협업 병목을 풀어 주었습니다. 새로운 요구가 생기면 먼저 손을 들고 나서서 초기 검토를 맡아 주었습니다. 회의 때마다 쟁점을 쉽게 정리해 이해관계자들의 합의를 빠르게 이끌었습니다. 막힌 이슈를 작은 단위로 쪼개 가설을 검증하는 방식으로 해결 시간을 크게 단축했습니다. 그 밖에도 기획력 측면에서 좋은 모습을 보였습니다.,반복 점검 업무를 마감 직전까지 미루는 경우가 있어 꾸준함이 조금 아쉬웠습니다.
R000506,2025H2,X-0057,DP0093,DP0017,2025-12-15,금융사 카 데이터 마트 구축 수행 기간 동안 팀의 핵심 인력으로 활약했습니다. 운영 중 긴급 장애가 났을 때 침착하게 상황을 정리하고 복구를 주도했습니다. 새로운 요구가 생기면 먼저 손을 들고 나서서 초기 검토를 맡아 주었습니다. 고객사 현업 담당자의 불만을 경청하고 대안을 제시해 관계를 개선했습니다. 막힌 이슈를 작은 단위로 쪼개 가설을 검증하는 방식으로 해결 시간을 크게 단축했습니다. 그 밖에도 일정관리 측면에서 좋은 모습을 보였습니다.,요구사항을 구조화하기 전에 구현부터 시작하는 경우가 있어 사전 기획을 보완하면 좋겠습니다.
R000507,2025H2,X-0057,DP0005,DP0017,2025-12-15,금융사 카 데이터 마트 구축을(를) 진행하는 동안 금융 고객 환경을 잘 이해하고 안정적으로 수행했습니다. 데이터·개발·운영 담당 사이의 연결고리 역할을 맡아 협업 병목을 풀어 주었습니다. 코드 리뷰에서 품질 기준을 일관되게 지켜 팀의 결과물 수준을 끌어올렸습니다. 회의 때마다 쟁점을 쉽게 정리해 이해관계자들의 합의를 빠르게 이끌었습니다.,의견이 엇갈릴 때 방향을 정리해 주는 역할은 조금 더 기대됩니다. 또한 창의성 측면도 보완하면 더 좋겠습니다.
R000508,2025H2,X-0020,DP0046,DP0017,2025-12-15,공공기관 무 공공데이터 개방 플랫폼 구축 업무에서 함께 일하며 많은 도움을 받았습니다. 다른 파트의 일정까지 살피며 먼저 도움을 제안해 팀 전체 속도를 끌어올렸습니다. 새로운 요구가 생기면 먼저 손을 들고 나서서 초기 검토를 맡아 주었습니다. 고객의 모호한 요구를 단계별 실행 계획으로 정리해 범위 변경을 줄였습니다.,고객의 갑작스러운 요청에 방어적으로 대응해 협의가 길어진 적이 있었습니다.
R000509,2025H2,X-0020,DP0099,DP0017,2025-12-15,공공기관 무 공공데이터 개방 플랫폼 구축을(를) 진행하는 동안 공공 고객 환경을 잘 이해하고 안정적으로 수행했습니다. 고객사 현업 담당자의 불만을 경청하고 대안을 제시해 관계를 개선했습니다. 회의 때마다 쟁점을 쉽게 정리해 이해관계자들의 합의를 빠르게 이끌었습니다. 데이터 정제의 핵심 기능을 직접 설계하며 요구사항을 구조화하는 기획력이 돋보였습니다. 데이터 정제 중 발생한 복합 장애의 근본 원인을 빠르게 찾아 재발 방지책까지 마련했습니다. 그 밖에도 적극성 측면에서 좋은 모습을 보였습니다.,반복 점검 업무를 마감 직전까지 미루는 경우가 있어 꾸준함이 조금 아쉬웠습니다.
R000510,2025H2,X-0057,DP0059,DP0017,2025-12-15,금융사 카 데이터 마트 구축 수행 기간 동안 팀의 핵심 인력으로 활약했습니다. 고객의 모호한 요구를 단계별 실행 계획으로 정리해 범위 변경을 줄였습니다. 막힌 이슈를 작은 단위로 쪼개 가설을 검증하는 방식으로 해결 시간을 크게 단축했습니다. 데이터·개발·운영 담당 사이의 연결고리 역할을 맡아 협업 병목을 풀어 주었습니다. 새로운 요구가 생기면 먼저 손을 들고 나서서 초기 검토를 맡아 주었습니다. 그 밖에도 기술공유 측면에서 좋은 모습을 보였습니다.,기존 방식에 익숙해 새로운 대안을 검토하는 데는 소극적이었습니다. 또한 친화력 측면도 보완하면 더 좋겠습니다.
R000511,2025H2,X-0073,DP0010,DP0018,2025-12-15,계열사 T 데이터 레이크 고도화 수행 기간 동안 팀의 핵심 인력으로 활약했습니다. Docker 분야의 깊은 전문성으로 설계 단계에서 기술적 리스크를 먼저 짚어 냈습니다. 고객의 모호한 요구를 단계별 실행 계획으로 정리해 범위 변경을 줄였습니다. 마일스톤별 위험 요소를 미리 관리해 데이터 표준화 일정을 한 번도 놓치지 않았습니다. 맡은 데이터 표준화 범위를 끝까지 책임지고 마무리해 팀이 일정 걱정 없이 다음 단계로 넘어갈 수 있었습니다. 그 밖에도 성실 측면에서 좋은 모습을 보였습니다.,새로 합류한 인원과 거리감이 있어 초기 협업이 다소 더뎠습니다.
R000512,2025H2,X-0073,DP0032,DP0018,2025-12-15,계열사 T 데이터 레이크 고도화을(를) 진행하는 동안 그룹사(대내) 고객 환경을 잘 이해하고 안정적으로 수행했습니다. 일정이 크게 흔들린 시점에 대응 계획을 빠르게 세워 위기를 넘겼습니다. 맡은 데이터 표준화 범위를 끝까지 책임지고 마무리해 팀이 일정 걱정 없이 다음 단계로 넘어갈 수 있었습니다. 고객의 모호한 요구를 단계별 실행 계획으로 정리해 범위 변경을 줄였습니다. 마일스톤별 위험 요소를 미리 관리해 데이터 표준화 일정을 한 번도 놓치지 않았습니다.,알고 있는 노하우를 팀에 공유하는 빈도가 낮아 지식이 한 사람에게 몰렸습니다.
R000513,2025H2,X-0073,DP0071,DP0018,2025-12-15,계열사 T 데이터 레이크 고도화 수행 기간 동안 팀의 핵심 인력으로 활약했습니다. 데이터 표준화의 핵심 기능을 직접 설계하며 요구사항을 구조화하는 기획력이 돋보였습니다. 고객사 담당자와도 편하게 소통하는 친화력 덕분에 협의가 한결 수월했습니다. 작업량을 현실적으로 추정해 일정 계획의 정확도를 높였습니다. 맡은 데이터 표준화 범위를 끝까지 책임지고 마무리해 팀이 일정 걱정 없이 다음 단계로 넘어갈 수 있었습니다.,알고 있는 노하우를 팀에 공유하는 빈도가 낮아 지식이 한 사람에게 몰렸습니다.
R000514,2025H2,X-0073,DP0035,DP0018,2025-12-15,계열사 T 데이터 레이크 고도화 업무에서 함께 일하며 많은 도움을 받았습니다. 데이터 표준화 중 발생한 복합 장애의 근본 원인을 빠르게 찾아 재발 방지책까지 마련했습니다. 일정이 크게 흔들린 시점에 대응 계획을 빠르게 세워 위기를 넘겼습니다. 매일 진행 상황을 꾸준히 공유하고 반복 점검 업무도 빠짐없이 챙겨 신뢰가 갔습니다. 데이터 표준화의 핵심 기능을 직접 설계하며 요구사항을 구조화하는 기획력이 돋보였습니다.,Docker 심화 영역에서는 판단 근거가 부족한 경우가 있어 추가 학습이 필요해 보입니다.
R000515,2025H2,X-0073,DP0036,DP0018,2025-12-15,계열사 T 데이터 레이크 고도화 업무에서 함께 일하며 많은 도움을 받았습니다. 고객사 담당자와도 편하게 소통하는 친화력 덕분에 협의가 한결 수월했습니다. 막힌 이슈를 작은 단위로 쪼개 가설을 검증하는 방식으로 해결 시간을 크게 단축했습니다. 코드 리뷰에서 품질 기준을 일관되게 지켜 팀의 결과물 수준을 끌어올렸습니다.,본인 범위에 집중하다 보니 다른 파트와의 연계가 늦어지는 경우가 있었습니다. 또한 기술공유 측면도 보완하면 더 좋겠습니다.
R000516,2025H2,X-0020,DP0043,DP0019,2025-12-15,공공기관 무 공공데이터 개방 플랫폼 구축 수행 기간 동안 팀의 핵심 인력으로 활약했습니다. 처음 합류한 인원들과도 금방 어울려 팀 분위기를 부드럽게 만들어 주었습니다. 주니어의 코드 리뷰에 이유까지 설명해 주어 팀의 성장에 기여했습니다. 새 도메인 지식을 빠르게 흡수해 투입 초기부터 제 몫을 해냈습니다. 데이터·개발·운영 담당 사이의 연결고리 역할을 맡아 협업 병목을 풀어 주었습니다. 그 밖에도 창의성 측면에서 좋은 모습을 보였습니다.,변경 사항 문서화가 늦어 인수인계 때 다시 확인해야 하는 일이 있었습니다.
R000517,2025H2,X-0020,DP0070,DP0019,2025-12-15,공공기관 무 공공데이터 개방 플랫폼 구축 수행 기간 동안 팀의 핵심 인력으로 활약했습니다. 신규 인원에게 업무 맥락을 차근차근 설명해 적응 기간을 크게 줄여 주었습니다. SQL 분야의 깊은 전문성으로 설계 단계에서 기술적 리스크를 먼저 짚어 냈습니다. 처음 합류한 인원들과도 금방 어울려 팀 분위기를 부드럽게 만들어 주었습니다. 처음 접한 SQL도 짧은 시간에 익혀 바로 실무에 적용했습니다. 그 밖에도 문제해결 측면에서 좋은 모습을 보였습니다.,작업량 추정이 낙관적이어서 일정이 밀린 적이 몇 번 있었습니다.
R000518,2025H2,X-0020,DP0063,DP0019,2025-12-15,공공기관 무 공공데이터 개방 플랫폼 구축을(를) 진행하는 동안 공공 고객 환경을 잘 이해하고 안정적으로 수행했습니다. 처음 합류한 인원들과도 금방 어울려 팀 분위기를 부드럽게 만들어 주었습니다. 신규 인원에게 업무 맥락을 차근차근 설명해 적응 기간을 크게 줄여 주었습니다. Data Lake & Data Catalog 관련 이슈가 생길 때마다 정확한 판단으로 해결 방향을 제시해 팀의 기준점이 되었습니다. 기존 방식에 얽매이지 않는 대안을 제시해 데이터 정제의 처리 속도를 크게 개선했습니다.,긴급 상황에서 우선순위 판단이 늦어 대응이 지연된 적이 있었습니다.
R000519,2025H2,X-0055,DP0041,DP0020,2025-12-15,계열사 O 데이터 레이크 고도화 업무에서 함께 일하며 많은 도움을 받았습니다. 고객사 현업 담당자의 불만을 경청하고 대안을 제시해 관계를 개선했습니다.,"본인 범위에 집중하다 보니 다른 파트와의 연계가 늦어지는 경우가 있었습니다. 또한 문서화, 창의성, 전문성 측면도 보완하면 더 좋겠습니다."
R000520,2025H2,X-0055,DP0065,DP0020,2025-12-15,계열사 O 데이터 레이크 고도화을(를) 진행하는 동안 그룹사(대내) 고객 환경을 잘 이해하고 안정적으로 수행했습니다. 막힌 이슈를 작은 단위로 쪼개 가설을 검증하는 방식으로 해결 시간을 크게 단축했습니다. 변경 이력과 의사결정 배경을 꾸준히 기록해 고객 보고에 큰 도움이 되었습니다.,기존 방식에 익숙해 새로운 대안을 검토하는 데는 소극적이었습니다. 또한 협업 측면도 보완하면 더 좋겠습니다.
R000521,2025H2,X-0055,DP0032,DP0020,2025-12-15,계열사 O 데이터 레이크 고도화을(를) 진행하는 동안 그룹사(대내) 고객 환경을 잘 이해하고 안정적으로 수행했습니다. 막힌 이슈를 작은 단위로 쪼개 가설을 검증하는 방식으로 해결 시간을 크게 단축했습니다.,"의견이 엇갈릴 때 방향을 정리해 주는 역할은 조금 더 기대됩니다. 또한 창의성, 전문성 측면도 보완하면 더 좋겠습니다."
R000522,2025H2,X-0055,DP0009,DP0020,2025-12-15,계열사 O 데이터 레이크 고도화 업무에서 함께 일하며 많은 도움을 받았습니다. BI Reporting 분야의 깊은 전문성으로 설계 단계에서 기술적 리스크를 먼저 짚어 냈습니다. 일정이 크게 흔들린 시점에 대응 계획을 빠르게 세워 위기를 넘겼습니다.,기존 방식에 익숙해 새로운 대안을 검토하는 데는 소극적이었습니다. 또한 문서화 측면도 보완하면 더 좋겠습니다.
R000523,2025H2,X-0003,DP0047,DP0021,2025-12-15,계열사 H 데이터 거버넌스 구축 업무에서 함께 일하며 많은 도움을 받았습니다. 눈에 잘 띄지 않는 데이터 표준화 작업도 성실하게 처리해 품질 기반을 다져 주었습니다. 데이터·개발·운영 담당 사이의 연결고리 역할을 맡아 협업 병목을 풀어 주었습니다. 작업량을 현실적으로 추정해 일정 계획의 정확도를 높였습니다. 코드 리뷰에서 품질 기준을 일관되게 지켜 팀의 결과물 수준을 끌어올렸습니다. 그 밖에도 창의성 측면에서 좋은 모습을 보였습니다.,의견이 엇갈릴 때 방향을 정리해 주는 역할은 조금 더 기대됩니다.
R000524,2025H2,X-0020,DP0092,DP0021,2025-12-15,공공기관 무 공공데이터 개방 플랫폼 구축 수행 기간 동안 팀의 핵심 인력으로 활약했습니다. 다른 파트의 일정까지 살피며 먼저 도움을 제안해 팀 전체 속도를 끌어올렸습니다. 고객사 현업 담당자의 불만을 경청하고 대안을 제시해 관계를 개선했습니다. 일정이 흔들릴 때 우선순위를 다시 세우고 팀을 안정적으로 이끌었습니다. 테스트 기준을 스스로 높게 잡아 운영 이관 후 장애가 거의 없었습니다. 그 밖에도 소통 측면에서 좋은 모습을 보였습니다.,반복 점검 업무를 마감 직전까지 미루는 경우가 있어 꾸준함이 조금 아쉬웠습니다.
R000525,2025H2,X-0020,DP0022,DP0021,2025-12-15,공공기관 무 공공데이터 개방 플랫폼 구축 수행 기간 동안 팀의 핵심 인력으로 활약했습니다. 데이터·개발·운영 담당 사이의 연결고리 역할을 맡아 협업 병목을 풀어 주었습니다. 고객의 급한 요청에도 차분하게 대응해 신뢰를 얻었고 추가 요구 협상도 잘 이끌었습니다. 테스트 기준을 스스로 높게 잡아 운영 이관 후 장애가 거의 없었습니다. 파트 리더으로서 팀원 각자의 역량을 파악해 일을 배분하고 끝까지 이끄는 리더십이 뛰어났습니다. 그 밖에도 창의성 측면에서 좋은 모습을 보였습니다.,세부 설정값 검토가 빠져 배포 후 수정이 생긴 적이 있었습니다.
R000526,2025H2,X-0003,DP0074,DP0021,2025-12-15,계열사 H 데이터 거버넌스 구축 수행 기간 동안 팀의 핵심 인력으로 활약했습니다. 새로운 요구가 생기면 먼저 손을 들고 나서서 초기 검토를 맡아 주었습니다. 제약이 많은 상황에서도 새로운 접근을 찾아내 고객의 호평을 받았습니다. 테스트 기준을 스스로 높게 잡아 운영 이관 후 장애가 거의 없었습니다. 회의 때마다 쟁점을 쉽게 정리해 이해관계자들의 합의를 빠르게 이끌었습니다. 그 밖에도 멘토링 측면에서 좋은 모습을 보였습니다.,알고 있는 노하우를 팀에 공유하는 빈도가 낮아 지식이 한 사람에게 몰렸습니다.
R000527,2025H2,X-0003,DP0057,DP0021,2025-12-15,계열사 H 데이터 거버넌스 구축 수행 기간 동안 팀의 핵심 인력으로 활약했습니다. 코드 리뷰에서 품질 기준을 일관되게 지켜 팀의 결과물 수준을 끌어올렸습니다. 기존 방식에 얽매이지 않는 대안을 제시해 데이터 표준화의 처리 속도를 크게 개선했습니다. 개선 아이디어를 적극적으로 제안하고 직접 시범 적용까지 해 보였습니다.,고객의 갑작스러운 요청에 방어적으로 대응해 협의가 길어진 적이 있었습니다.
R000528,2025H2,X-0055,DP0025,DP0022,2025-12-15,계열사 O 데이터 레이크 고도화을(를) 진행하는 동안 그룹사(대내) 고객 환경을 잘 이해하고 안정적으로 수행했습니다. 테스트 기준을 스스로 높게 잡아 운영 이관 후 장애가 거의 없었습니다. 고객의 급한 요청에도 차분하게 대응해 신뢰를 얻었고 추가 요구 협상도 잘 이끌었습니다. 기존 방식에 얽매이지 않는 대안을 제시해 데이터 표준화의 처리 속도를 크게 개선했습니다.,메타데이터 관리 심화 영역에서는 판단 근거가 부족한 경우가 있어 추가 학습이 필요해 보입니다.
R000529,2025H2,X-0020,DP0043,DP0022,2025-12-15,공공기관 무 공공데이터 개방 플랫폼 구축 업무에서 함께 일하며 많은 도움을 받았습니다. 핵심 담당자으로서 팀원 각자의 역량을 파악해 일을 배분하고 끝까지 이끄는 리더십이 뛰어났습니다. 고객의 급한 요청에도 차분하게 대응해 신뢰를 얻었고 추가 요구 협상도 잘 이끌었습니다. 회의 때마다 쟁점을 쉽게 정리해 이해관계자들의 합의를 빠르게 이끌었습니다. 데이터 정제의 핵심 기능을 직접 설계하며 요구사항을 구조화하는 기획력이 돋보였습니다.,새로 합류한 인원과 거리감이 있어 초기 협업이 다소 더뎠습니다.
R000530,2025H2,X-0020,DP0003,DP0022,2025-12-15,공공기관 무 공공데이터 개방 플랫폼 구축을(를) 진행하는 동안 공공 고객 환경을 잘 이해하고 안정적으로 수행했습니다. 메타데이터 관리 분야의 깊은 전문성으로 설계 단계에서 기술적 리스크를 먼저 짚어 냈습니다. 핵심 담당자으로서 팀원 각자의 역량을 파악해 일을 배분하고 끝까지 이끄는 리더십이 뛰어났습니다. 고객의 급한 요청에도 차분하게 대응해 신뢰를 얻었고 추가 요구 협상도 잘 이끌었습니다.,"새로 합류한 인원과 거리감이 있어 초기 협업이 다소 더뎠습니다. 또한 문제해결, 성실 측면도 보완하면 더 좋겠습니다."
R000531,2025H2,X-0057,DP0017,DP0023,2025-12-15,금융사 카 데이터 마트 구축 수행 기간 동안 팀의 핵심 인력으로 활약했습니다. 맡은 적재 파이프라인 범위를 끝까지 책임지고 마무리해 팀이 일정 걱정 없이 다음 단계로 넘어갈 수 있었습니다. 적재 파이프라인 중 발생한 복합 장애의 근본 원인을 빠르게 찾아 재발 방지책까지 마련했습니다. 검수 체크리스트를 촘촘하게 운영해 고객 검수에서 지적이 거의 나오지 않았습니다.,Scala 심화 영역에서는 판단 근거가 부족한 경우가 있어 추가 학습이 필요해 보입니다.
R000532,2025H2,X-0057,DP0077,DP0023,2025-12-15,금융사 카 데이터 마트 구축을(를) 진행하는 동안 금융 고객 환경을 잘 이해하고 안정적으로 수행했습니다. 문제가 생겼을 때 남에게 미루지 않고 본인 일처럼 책임지고 원인을 정리해 주었습니다. 코드 리뷰에서 품질 기준을 일관되게 지켜 팀의 결과물 수준을 끌어올렸습니다. 막힌 이슈를 작은 단위로 쪼개 가설을 검증하는 방식으로 해결 시간을 크게 단축했습니다. 매일 진행 상황을 꾸준히 공유하고 반복 점검 업무도 빠짐없이 챙겨 신뢰가 갔습니다.,기존 방식에 익숙해 새로운 대안을 검토하는 데는 소극적이었습니다. 또한 문서화 측면도 보완하면 더 좋겠습니다.
R000533,2025H2,X-0057,DP0100,DP0023,2025-12-15,금융사 카 데이터 마트 구축을(를) 진행하는 동안 금융 고객 환경을 잘 이해하고 안정적으로 수행했습니다. 문제가 생겼을 때 남에게 미루지 않고 본인 일처럼 책임지고 원인을 정리해 주었습니다. 코드 리뷰에서 품질 기준을 일관되게 지켜 팀의 결과물 수준을 끌어올렸습니다. 운영 중 긴급 장애가 났을 때 침착하게 상황을 정리하고 복구를 주도했습니다.,기존 방식에 익숙해 새로운 대안을 검토하는 데는 소극적이었습니다. 또한 전문성 측면도 보완하면 더 좋겠습니다.
R000534,2025H2,X-0057,DP0024,DP0023,2025-12-15,금융사 카 데이터 마트 구축 업무에서 함께 일하며 많은 도움을 받았습니다. 코드 리뷰에서 품질 기준을 일관되게 지켜 팀의 결과물 수준을 끌어올렸습니다. 매일 진행 상황을 꾸준히 공유하고 반복 점검 업무도 빠짐없이 챙겨 신뢰가 갔습니다. 처음 합류한 인원들과도 금방 어울려 팀 분위기를 부드럽게 만들어 주었습니다.,요구사항을 구조화하기 전에 구현부터 시작하는 경우가 있어 사전 기획을 보완하면 좋겠습니다. 또한 문서화 측면도 보완하면 더 좋겠습니다.
R000535,2025H2,X-0057,DP0077,DP0024,2025-12-15,금융사 카 데이터 마트 구축을(를) 진행하는 동안 금융 고객 환경을 잘 이해하고 안정적으로 수행했습니다. 코드 리뷰에서 품질 기준을 일관되게 지켜 팀의 결과물 수준을 끌어올렸습니다. 눈에 잘 띄지 않는 적재 파이프라인 작업도 성실하게 처리해 품질 기반을 다져 주었습니다. 처음 접한 Kafka도 짧은 시간에 익혀 바로 실무에 적용했습니다. 맡은 적재 파이프라인 범위를 끝까지 책임지고 마무리해 팀이 일정 걱정 없이 다음 단계로 넘어갈 수 있었습니다. 그 밖에도 소통 측면에서 좋은 모습을 보였습니다.,의견이 엇갈릴 때 방향을 정리해 주는 역할은 조금 더 기대됩니다.
R000536,2025H2,X-0057,DP0013,DP0024,2025-12-15,금융사 카 데이터 마트 구축을(를) 진행하는 동안 금융 고객 환경을 잘 이해하고 안정적으로 수행했습니다. 문제가 생겼을 때 남에게 미루지 않고 본인 일처럼 책임지고 원인을 정리해 주었습니다. 회의 때마다 쟁점을 쉽게 정리해 이해관계자들의 합의를 빠르게 이끌었습니다. 테스트 기준을 스스로 높게 잡아 운영 이관 후 장애가 거의 없었습니다. 눈에 잘 띄지 않는 적재 파이프라인 작업도 성실하게 처리해 품질 기반을 다져 주었습니다. 그 밖에도 일정관리 측면에서 좋은 모습을 보였습니다.,알고 있는 노하우를 팀에 공유하는 빈도가 낮아 지식이 한 사람에게 몰렸습니다.
R000537,2025H2,X-0094,DP0038,DP0024,2025-12-15,계열사 S 데이터 거버넌스 구축 수행 기간 동안 팀의 핵심 인력으로 활약했습니다. 직접 겪은 시행착오를 정리해 공유해 다른 팀원들이 같은 실수를 피할 수 있었습니다. 매일 진행 상황을 꾸준히 공유하고 반복 점검 업무도 빠짐없이 챙겨 신뢰가 갔습니다. 테스트 기준을 스스로 높게 잡아 운영 이관 후 장애가 거의 없었습니다. 회의 때마다 쟁점을 쉽게 정리해 이해관계자들의 합의를 빠르게 이끌었습니다.,작업량 추정이 낙관적이어서 일정이 밀린 적이 몇 번 있었습니다.
R000538,2025H2,X-0057,DP0098,DP0024,2025-12-15,금융사 카 데이터 마트 구축 업무에서 함께 일하며 많은 도움을 받았습니다. 눈에 잘 띄지 않는 적재 파이프라인 작업도 성실하게 처리해 품질 기반을 다져 주었습니다. 문제가 생겼을 때 남에게 미루지 않고 본인 일처럼 책임지고 원인을 정리해 주었습니다. 코드 리뷰에서 품질 기준을 일관되게 지켜 팀의 결과물 수준을 끌어올렸습니다. Private Cloud 노하우를 문서와 짧은 세션으로 공유해 팀 전체의 수준을 끌어올렸습니다.,작업량 추정이 낙관적이어서 일정이 밀린 적이 몇 번 있었습니다. 또한 고객대응 측면도 보완하면 더 좋겠습니다.
R000539,2025H2,X-0057,DP0084,DP0025,2025-12-15,금융사 카 데이터 마트 구축을(를) 진행하는 동안 금융 고객 환경을 잘 이해하고 안정적으로 수행했습니다. ETL 노하우를 문서와 짧은 세션으로 공유해 팀 전체의 수준을 끌어올렸습니다. 일정이 크게 흔들린 시점에 대응 계획을 빠르게 세워 위기를 넘겼습니다. 변경 이력과 의사결정 배경을 꾸준히 기록해 고객 보고에 큰 도움이 되었습니다. 작업량을 현실적으로 추정해 일정 계획의 정확도를 높였습니다. 그 밖에도 리더십 측면에서 좋은 모습을 보였습니다.,ETL 심화 영역에서는 판단 근거가 부족한 경우가 있어 추가 학습이 필요해 보입니다.
R000540,2025H2,X-0057,DP0077,DP0025,2025-12-15,금융사 카 데이터 마트 구축 수행 기간 동안 팀의 핵심 인력으로 활약했습니다. 마일스톤별 위험 요소를 미리 관리해 적재 파이프라인 일정을 한 번도 놓치지 않았습니다. 매일 진행 상황을 꾸준히 공유하고 반복 점검 업무도 빠짐없이 챙겨 신뢰가 갔습니다. 고객의 급한 요청에도 차분하게 대응해 신뢰를 얻었고 추가 요구 협상도 잘 이끌었습니다. 일정이 흔들릴 때 우선순위를 다시 세우고 팀을 안정적으로 이끌었습니다.,다만 경계가 애매한 업무는 먼저 맡으려 하지 않는 경우가 있어 주인 의식을 조금 더 보여 주면 좋겠습니다. 또한 적극성 측면도 보완하면 더 좋겠습니다.
R000541,2025H2,X-0055,DP0095,DP0025,2025-12-15,계열사 O 데이터 레이크 고도화을(를) 진행하는 동안 그룹사(대내) 고객 환경을 잘 이해하고 안정적으로 수행했습니다. 직접 겪은 시행착오를 정리해 공유해 다른 팀원들이 같은 실수를 피할 수 있었습니다. 고객의 급한 요청에도 차분하게 대응해 신뢰를 얻었고 추가 요구 협상도 잘 이끌었습니다. 일정이 흔들릴 때 우선순위를 다시 세우고 팀을 안정적으로 이끌었습니다.,새로 합류한 인원과 거리감이 있어 초기 협업이 다소 더뎠습니다. 또한 책임감 측면도 보완하면 더 좋겠습니다.
R000542,2025H2,X-0055,DP0045,DP0025,2025-12-15,계열사 O 데이터 레이크 고도화 업무에서 함께 일하며 많은 도움을 받았습니다. 담당자으로서 팀원 각자의 역량을 파악해 일을 배분하고 끝까지 이끄는 리더십이 뛰어났습니다. Python 노하우를 문서와 짧은 세션으로 공유해 팀 전체의 수준을 끌어올렸습니다.,반복 점검 업무를 마감 직전까지 미루는 경우가 있어 꾸준함이 조금 아쉬웠습니다. 또한 적극성 측면도 보완하면 더 좋겠습니다.
R000543,2025H2,X-0055,DP0009,DP0025,2025-12-15,계열사 O 데이터 레이크 고도화 업무에서 함께 일하며 많은 도움을 받았습니다. 고객사와 개발팀 사이에서 요구사항을 명확히 전달해 재작업을 크게 줄였습니다. 작업량을 현실적으로 추정해 일정 계획의 정확도를 높였습니다.,"다만 경계가 애매한 업무는 먼저 맡으려 하지 않는 경우가 있어 주인 의식을 조금 더 보여 주면 좋겠습니다. 또한 전문성, 꼼꼼함 측면도 보완하면 더 좋겠습니다."
R000544,2025H2,X-0006,DP0082,DP0026,2025-12-15,금융사 바2 차세대 데이터 플랫폼 구축 수행 기간 동안 팀의 핵심 인력으로 활약했습니다. 다른 파트의 일정까지 살피며 먼저 도움을 제안해 팀 전체 속도를 끌어올렸습니다. 신규 인원에게 업무 맥락을 차근차근 설명해 적응 기간을 크게 줄여 주었습니다. 회의 때마다 쟁점을 쉽게 정리해 이해관계자들의 합의를 빠르게 이끌었습니다. 메타데이터 설계 중 발생한 복합 장애의 근본 원인을 빠르게 찾아 재발 방지책까지 마련했습니다.,새 기술 도입에 시간이 다소 걸려 초기 일정에 부담이 있었습니다. 또한 전문성 측면도 보완하면 더 좋겠습니다.
R000545,2025H2,X-0055,DP0041,DP0026,2025-12-15,계열사 O 데이터 레이크 고도화 수행 기간 동안 팀의 핵심 인력으로 활약했습니다. 데이터·개발·운영 담당 사이의 연결고리 역할을 맡아 협업 병목을 풀어 주었습니다. 제약이 많은 상황에서도 새로운 접근을 찾아내 고객의 호평을 받았습니다. 데이터 표준화 중 발생한 복합 장애의 근본 원인을 빠르게 찾아 재발 방지책까지 마련했습니다.,반복 점검 업무를 마감 직전까지 미루는 경우가 있어 꾸준함이 조금 아쉬웠습니다. 또한 고객대응 측면도 보완하면 더 좋겠습니다.
R000546,2025H2,X-0055,DP0052,DP0026,2025-12-15,계열사 O 데이터 레이크 고도화 수행 기간 동안 팀의 핵심 인력으로 활약했습니다. 데이터 표준화 중 발생한 복합 장애의 근본 원인을 빠르게 찾아 재발 방지책까지 마련했습니다. 회의 때마다 쟁점을 쉽게 정리해 이해관계자들의 합의를 빠르게 이끌었습니다. 다른 파트의 일정까지 살피며 먼저 도움을 제안해 팀 전체 속도를 끌어올렸습니다. 신규 인원에게 업무 맥락을 차근차근 설명해 적응 기간을 크게 줄여 주었습니다.,"새 기술 도입에 시간이 다소 걸려 초기 일정에 부담이 있었습니다. 또한 고객대응, 친화력, 적극성 측면도 보완하면 더 좋겠습니다."
R000547,2025H2,X-0055,DP0040,DP0026,2025-12-15,계열사 O 데이터 레이크 고도화 업무에서 함께 일하며 많은 도움을 받았습니다. 주니어의 코드 리뷰에 이유까지 설명해 주어 팀의 성장에 기여했습니다. 데이터 표준화 중 발생한 복합 장애의 근본 원인을 빠르게 찾아 재발 방지책까지 마련했습니다.,Airflow 심화 영역에서는 판단 근거가 부족한 경우가 있어 추가 학습이 필요해 보입니다.
R000548,2025H2,X-0006,DP0033,DP0027,2025-12-15,금융사 바2 차세대 데이터 플랫폼 구축 업무에서 함께 일하며 많은 도움을 받았습니다. 고객의 급한 요청에도 차분하게 대응해 신뢰를 얻었고 추가 요구 협상도 잘 이끌었습니다.,테스트 범위를 좁게 잡아 회귀 결함이 뒤늦게 발견된 적이 있었습니다. 또한 멘토링 측면도 보완하면 더 좋겠습니다.
R000549,2025H2,X-0006,DP0055,DP0027,2025-12-15,금융사 바2 차세대 데이터 플랫폼 구축 업무에서 함께 일하며 많은 도움을 받았습니다. SQL 노하우를 문서와 짧은 세션으로 공유해 팀 전체의 수준을 끌어올렸습니다. 변경 이력과 의사결정 배경을 꾸준히 기록해 고객 보고에 큰 도움이 되었습니다. 맡은 메타데이터 설계 범위를 끝까지 책임지고 마무리해 팀이 일정 걱정 없이 다음 단계로 넘어갈 수 있었습니다. SQL 관련 이슈가 생길 때마다 정확한 판단으로 해결 방향을 제시해 팀의 기준점이 되었습니다.,진행 상황 공유가 늦어 다른 담당자가 뒤늦게 파악하는 일이 있었습니다. 또한 품질의식 측면도 보완하면 더 좋겠습니다.
R000550,2025H2,X-0006,DP0028,DP0027,2025-12-15,금융사 바2 차세대 데이터 플랫폼 구축을(를) 진행하는 동안 금융 고객 환경을 잘 이해하고 안정적으로 수행했습니다. SQL 분야의 깊은 전문성으로 설계 단계에서 기술적 리스크를 먼저 짚어 냈습니다. 고객사 현업 담당자의 불만을 경청하고 대안을 제시해 관계를 개선했습니다. 처음 접한 SQL도 짧은 시간에 익혀 바로 실무에 적용했습니다.,"의견이 엇갈릴 때 방향을 정리해 주는 역할은 조금 더 기대됩니다. 또한 멘토링, 품질의식, 위기대응 측면도 보완하면 더 좋겠습니다."
R000551,2025H2,X-0006,DP0026,DP0027,2025-12-15,금융사 바2 차세대 데이터 플랫폼 구축 수행 기간 동안 팀의 핵심 인력으로 활약했습니다. 새 도메인 지식을 빠르게 흡수해 투입 초기부터 제 몫을 해냈습니다. 직접 겪은 시행착오를 정리해 공유해 다른 팀원들이 같은 실수를 피할 수 있었습니다. BI Reporting 분야의 깊은 전문성으로 설계 단계에서 기술적 리스크를 먼저 짚어 냈습니다. 일정이 흔들릴 때 우선순위를 다시 세우고 팀을 안정적으로 이끌었습니다. 그 밖에도 고객대응 측면에서 좋은 모습을 보였습니다.,긴급 상황에서 우선순위 판단이 늦어 대응이 지연된 적이 있었습니다.
R000552,2025H2,X-0006,DP0029,DP0028,2025-12-15,금융사 바2 차세대 데이터 플랫폼 구축 업무에서 함께 일하며 많은 도움을 받았습니다. 작업량을 현실적으로 추정해 일정 계획의 정확도를 높였습니다. 일정이 크게 흔들린 시점에 대응 계획을 빠르게 세워 위기를 넘겼습니다.,"알고 있는 노하우를 팀에 공유하는 빈도가 낮아 지식이 한 사람에게 몰렸습니다. 또한 리더십, 협업 측면도 보완하면 더 좋겠습니다."
R000553,2025H2,X-0006,DP0011,DP0028,2025-12-15,금융사 바2 차세대 데이터 플랫폼 구축 수행 기간 동안 팀의 핵심 인력으로 활약했습니다. Python 노하우를 문서와 짧은 세션으로 공유해 팀 전체의 수준을 끌어올렸습니다. 처음 접한 Python도 짧은 시간에 익혀 바로 실무에 적용했습니다. 회의 때마다 쟁점을 쉽게 정리해 이해관계자들의 합의를 빠르게 이끌었습니다. 매일 진행 상황을 꾸준히 공유하고 반복 점검 업무도 빠짐없이 챙겨 신뢰가 갔습니다.,"테스트 범위를 좁게 잡아 회귀 결함이 뒤늦게 발견된 적이 있었습니다. 또한 협업, 리더십 측면도 보완하면 더 좋겠습니다."
R000554,2025H2,X-0006,DP0009,DP0028,2025-12-15,금융사 바2 차세대 데이터 플랫폼 구축을(를) 진행하는 동안 금융 고객 환경을 잘 이해하고 안정적으로 수행했습니다. 처음 접한 Python도 짧은 시간에 익혀 바로 실무에 적용했습니다. 제약이 많은 상황에서도 새로운 접근을 찾아내 고객의 호평을 받았습니다. 고객사와 개발팀 사이에서 요구사항을 명확히 전달해 재작업을 크게 줄였습니다.,알고 있는 노하우를 팀에 공유하는 빈도가 낮아 지식이 한 사람에게 몰렸습니다. 또한 전문성 측면도 보완하면 더 좋겠습니다.
R000555,2025H2,X-0006,DP0069,DP0028,2025-12-15,금융사 바2 차세대 데이터 플랫폼 구축 수행 기간 동안 팀의 핵심 인력으로 활약했습니다. 고객의 모호한 요구를 단계별 실행 계획으로 정리해 범위 변경을 줄였습니다. 코드 리뷰에서 품질 기준을 일관되게 지켜 팀의 결과물 수준을 끌어올렸습니다.,알고 있는 노하우를 팀에 공유하는 빈도가 낮아 지식이 한 사람에게 몰렸습니다.
R000556,2025H2,X-0006,DP0012,DP0028,2025-12-15,금융사 바2 차세대 데이터 플랫폼 구축 수행 기간 동안 팀의 핵심 인력으로 활약했습니다. 매일 진행 상황을 꾸준히 공유하고 반복 점검 업무도 빠짐없이 챙겨 신뢰가 갔습니다. 막힌 이슈를 작은 단위로 쪼개 가설을 검증하는 방식으로 해결 시간을 크게 단축했습니다.,의견이 엇갈릴 때 방향을 정리해 주는 역할은 조금 더 기대됩니다.
R000557,2025H2,X-0006,DP0026,DP0028,2025-12-15,금융사 바2 차세대 데이터 플랫폼 구축 수행 기간 동안 팀의 핵심 인력으로 활약했습니다. 주니어의 코드 리뷰에 이유까지 설명해 주어 팀의 성장에 기여했습니다. 새 도메인 지식을 빠르게 흡수해 투입 초기부터 제 몫을 해냈습니다. 일정이 크게 흔들린 시점에 대응 계획을 빠르게 세워 위기를 넘겼습니다. 고객사와 개발팀 사이에서 요구사항을 명확히 전달해 재작업을 크게 줄였습니다. 그 밖에도 적극성 측면에서 좋은 모습을 보였습니다.,다만 경계가 애매한 업무는 먼저 맡으려 하지 않는 경우가 있어 주인 의식을 조금 더 보여 주면 좋겠습니다. 또한 창의성 측면도 보완하면 더 좋겠습니다.
R000558,2025H2,X-0073,DP0071,DP0029,2025-12-15,계열사 T 데이터 레이크 고도화 수행 기간 동안 팀의 핵심 인력으로 활약했습니다. 데이터 표준화의 핵심 기능을 직접 설계하며 요구사항을 구조화하는 기획력이 돋보였습니다. 테스트 기준을 스스로 높게 잡아 운영 이관 후 장애가 거의 없었습니다. 다른 파트의 일정까지 살피며 먼저 도움을 제안해 팀 전체 속도를 끌어올렸습니다.,긴급 상황에서 우선순위 판단이 늦어 대응이 지연된 적이 있었습니다. 또한 전문성 측면도 보완하면 더 좋겠습니다.
R000559,2025H2,X-0073,DP0048,DP0029,2025-12-15,계열사 T 데이터 레이크 고도화 수행 기간 동안 팀의 핵심 인력으로 활약했습니다. 기존 방식에 얽매이지 않는 대안을 제시해 데이터 표준화의 처리 속도를 크게 개선했습니다. 데이터 표준화의 핵심 기능을 직접 설계하며 요구사항을 구조화하는 기획력이 돋보였습니다. 데이터·개발·운영 담당 사이의 연결고리 역할을 맡아 협업 병목을 풀어 주었습니다. 작업량을 현실적으로 추정해 일정 계획의 정확도를 높였습니다.,새 기술 도입에 시간이 다소 걸려 초기 일정에 부담이 있었습니다. 또한 고객대응 측면도 보완하면 더 좋겠습니다.
R000560,2025H2,X-0073,DP0039,DP0029,2025-12-15,계열사 T 데이터 레이크 고도화 업무에서 함께 일하며 많은 도움을 받았습니다. 마일스톤별 위험 요소를 미리 관리해 데이터 표준화 일정을 한 번도 놓치지 않았습니다. 제약이 많은 상황에서도 새로운 접근을 찾아내 고객의 호평을 받았습니다. 고객의 모호한 요구를 단계별 실행 계획으로 정리해 범위 변경을 줄였습니다.,새 기술 도입에 시간이 다소 걸려 초기 일정에 부담이 있었습니다.
R000561,2025H2,X-0094,DP0038,DP0030,2025-12-15,계열사 S 데이터 거버넌스 구축을(를) 진행하는 동안 그룹사(대내) 고객 환경을 잘 이해하고 안정적으로 수행했습니다. 맡은 배치 운영 범위를 끝까지 책임지고 마무리해 팀이 일정 걱정 없이 다음 단계로 넘어갈 수 있었습니다. AWS 분야의 깊은 전문성으로 설계 단계에서 기술적 리스크를 먼저 짚어 냈습니다.,주니어에게 피드백을 줄 때 이유 설명이 짧아 학습 효과가 제한적이었습니다.
R000562,2025H2,X-0094,DP0016,DP0030,2025-12-15,계열사 S 데이터 거버넌스 구축 수행 기간 동안 팀의 핵심 인력으로 활약했습니다. 고객의 급한 요청에도 차분하게 대응해 신뢰를 얻었고 추가 요구 협상도 잘 이끌었습니다.,다만 경계가 애매한 업무는 먼저 맡으려 하지 않는 경우가 있어 주인 의식을 조금 더 보여 주면 좋겠습니다.
R000563,2025H2,X-0094,DP0072,DP0030,2025-12-15,계열사 S 데이터 거버넌스 구축 수행 기간 동안 팀의 핵심 인력으로 활약했습니다. 설계 의도와 운영 절차를 잘 정리해 두어 인수인계가 매끄러웠습니다.,테스트 범위를 좁게 잡아 회귀 결함이 뒤늦게 발견된 적이 있었습니다. 또한 리더십 측면도 보완하면 더 좋겠습니다.
R000564,2025H2,X-0094,DP0090,DP0030,2025-12-15,계열사 S 데이터 거버넌스 구축 업무에서 함께 일하며 많은 도움을 받았습니다. 다른 파트의 일정까지 살피며 먼저 도움을 제안해 팀 전체 속도를 끌어올렸습니다.,"의견이 엇갈릴 때 방향을 정리해 주는 역할은 조금 더 기대됩니다. 또한 멘토링, 일정관리 측면도 보완하면 더 좋겠습니다."
R000565,2025H2,X-0057,DP0023,DP0031,2025-12-15,금융사 카 데이터 마트 구축 업무에서 함께 일하며 많은 도움을 받았습니다. 변경 이력과 의사결정 배경을 꾸준히 기록해 고객 보고에 큰 도움이 되었습니다. 직접 겪은 시행착오를 정리해 공유해 다른 팀원들이 같은 실수를 피할 수 있었습니다.,작업량 추정이 낙관적이어서 일정이 밀린 적이 몇 번 있었습니다. 또한 책임감 측면도 보완하면 더 좋겠습니다.
R000566,2025H2,X-0057,DP0025,DP0031,2025-12-15,금융사 카 데이터 마트 구축 수행 기간 동안 팀의 핵심 인력으로 활약했습니다. 검수 체크리스트를 촘촘하게 운영해 고객 검수에서 지적이 거의 나오지 않았습니다. 적재 파이프라인 중 발생한 복합 장애의 근본 원인을 빠르게 찾아 재발 방지책까지 마련했습니다. 설계 의도와 운영 절차를 잘 정리해 두어 인수인계가 매끄러웠습니다.,"의견이 엇갈릴 때 방향을 정리해 주는 역할은 조금 더 기대됩니다. 또한 창의성, 책임감 측면도 보완하면 더 좋겠습니다."
R000567,2025H2,X-0057,DP0001,DP0031,2025-12-15,금융사 카 데이터 마트 구축 업무에서 함께 일하며 많은 도움을 받았습니다. 고객사와 개발팀 사이에서 요구사항을 명확히 전달해 재작업을 크게 줄였습니다. 막힌 이슈를 작은 단위로 쪼개 가설을 검증하는 방식으로 해결 시간을 크게 단축했습니다. 설계 의도와 운영 절차를 잘 정리해 두어 인수인계가 매끄러웠습니다. 직접 겪은 시행착오를 정리해 공유해 다른 팀원들이 같은 실수를 피할 수 있었습니다.,다만 경계가 애매한 업무는 먼저 맡으려 하지 않는 경우가 있어 주인 의식을 조금 더 보여 주면 좋겠습니다.
R000568,2025H2,X-0057,DP0040,DP0031,2025-12-15,금융사 카 데이터 마트 구축 업무에서 함께 일하며 많은 도움을 받았습니다. 고객사 현업 담당자의 불만을 경청하고 대안을 제시해 관계를 개선했습니다. Kubernetes 분야의 깊은 전문성으로 설계 단계에서 기술적 리스크를 먼저 짚어 냈습니다. 산출물과 설정값을 꼼꼼하게 대조해 배포 전 결함을 여러 건 미리 잡아냈습니다.,작업량 추정이 낙관적이어서 일정이 밀린 적이 몇 번 있었습니다. 또한 리더십 측면도 보완하면 더 좋겠습니다.
R000569,2025H2,X-0055,DP0020,DP0032,2025-12-15,계열사 O 데이터 레이크 고도화 수행 기간 동안 팀의 핵심 인력으로 활약했습니다. 막힌 이슈를 작은 단위로 쪼개 가설을 검증하는 방식으로 해결 시간을 크게 단축했습니다. 데이터 모델링 관련 이슈가 생길 때마다 정확한 판단으로 해결 방향을 제시해 팀의 기준점이 되었습니다. 기존 방식에 얽매이지 않는 대안을 제시해 데이터 표준화의 처리 속도를 크게 개선했습니다.,"반복 점검 업무를 마감 직전까지 미루는 경우가 있어 꾸준함이 조금 아쉬웠습니다. 또한 위기대응, 일정관리 측면도 보완하면 더 좋겠습니다."
R000570,2025H2,X-0073,DP0029,DP0032,2025-12-15,계열사 T 데이터 레이크 고도화을(를) 진행하는 동안 그룹사(대내) 고객 환경을 잘 이해하고 안정적으로 수행했습니다. 테스트 기준을 스스로 높게 잡아 운영 이관 후 장애가 거의 없었습니다. 마일스톤별 위험 요소를 미리 관리해 데이터 표준화 일정을 한 번도 놓치지 않았습니다.,고객의 갑작스러운 요청에 방어적으로 대응해 협의가 길어진 적이 있었습니다.
R000571,2025H2,X-0055,DP0074,DP0032,2025-12-15,계열사 O 데이터 레이크 고도화 업무에서 함께 일하며 많은 도움을 받았습니다. 고객의 모호한 요구를 단계별 실행 계획으로 정리해 범위 변경을 줄였습니다. 마일스톤별 위험 요소를 미리 관리해 데이터 표준화 일정을 한 번도 놓치지 않았습니다.,진행 상황 공유가 늦어 다른 담당자가 뒤늦게 파악하는 일이 있었습니다.
R000572,2025H2,X-0073,DP0002,DP0032,2025-12-15,계열사 T 데이터 레이크 고도화 업무에서 함께 일하며 많은 도움을 받았습니다. SQL 분야의 깊은 전문성으로 설계 단계에서 기술적 리스크를 먼저 짚어 냈습니다. 작업량을 현실적으로 추정해 일정 계획의 정확도를 높였습니다.,고객의 갑작스러운 요청에 방어적으로 대응해 협의가 길어진 적이 있었습니다.
R000573,2025H2,X-0055,DP0041,DP0032,2025-12-15,계열사 O 데이터 레이크 고도화 수행 기간 동안 팀의 핵심 인력으로 활약했습니다. BI Reporting 관련 이슈가 생길 때마다 정확한 판단으로 해결 방향을 제시해 팀의 기준점이 되었습니다. 코드 리뷰에서 품질 기준을 일관되게 지켜 팀의 결과물 수준을 끌어올렸습니다.,변경 사항 문서화가 늦어 인수인계 때 다시 확인해야 하는 일이 있었습니다. 또한 기술공유 측면도 보완하면 더 좋겠습니다.
R000574,2025H2,X-0073,DP0097,DP0032,2025-12-15,계열사 T 데이터 레이크 고도화을(를) 진행하는 동안 그룹사(대내) 고객 환경을 잘 이해하고 안정적으로 수행했습니다. 신규 인원에게 업무 맥락을 차근차근 설명해 적응 기간을 크게 줄여 주었습니다. 회의 때마다 쟁점을 쉽게 정리해 이해관계자들의 합의를 빠르게 이끌었습니다. 메타데이터 관리 관련 이슈가 생길 때마다 정확한 판단으로 해결 방향을 제시해 팀의 기준점이 되었습니다. 테스트 기준을 스스로 높게 잡아 운영 이관 후 장애가 거의 없었습니다.,변경 사항 문서화가 늦어 인수인계 때 다시 확인해야 하는 일이 있었습니다. 또한 기획력 측면도 보완하면 더 좋겠습니다.
R000575,2025H2,X-0006,DP0082,DP0033,2025-12-15,금융사 바2 차세대 데이터 플랫폼 구축 수행 기간 동안 팀의 핵심 인력으로 활약했습니다. 산출물과 설정값을 꼼꼼하게 대조해 배포 전 결함을 여러 건 미리 잡아냈습니다. 검색엔진 관련 이슈가 생길 때마다 정확한 판단으로 해결 방향을 제시해 팀의 기준점이 되었습니다. 메타데이터 설계의 핵심 기능을 직접 설계하며 요구사항을 구조화하는 기획력이 돋보였습니다.,"다만 경계가 애매한 업무는 먼저 맡으려 하지 않는 경우가 있어 주인 의식을 조금 더 보여 주면 좋겠습니다. 또한 학습력, 소통 측면도 보완하면 더 좋겠습니다."
R000576,2025H2,X-0006,DP0028,DP0033,2025-12-15,금융사 바2 차세대 데이터 플랫폼 구축 업무에서 함께 일하며 많은 도움을 받았습니다. 개선 아이디어를 적극적으로 제안하고 직접 시범 적용까지 해 보였습니다. 산출물과 설정값을 꼼꼼하게 대조해 배포 전 결함을 여러 건 미리 잡아냈습니다. 고객사 담당자와도 편하게 소통하는 친화력 덕분에 협의가 한결 수월했습니다.,새 기술 도입에 시간이 다소 걸려 초기 일정에 부담이 있었습니다.
R000577,2025H2,X-0006,DP0026,DP0033,2025-12-15,금융사 바2 차세대 데이터 플랫폼 구축 업무에서 함께 일하며 많은 도움을 받았습니다. 개선 아이디어를 적극적으로 제안하고 직접 시범 적용까지 해 보였습니다. 메타데이터 설계 중 발생한 복합 장애의 근본 원인을 빠르게 찾아 재발 방지책까지 마련했습니다. ETL 분야의 깊은 전문성으로 설계 단계에서 기술적 리스크를 먼저 짚어 냈습니다. 검수 체크리스트를 촘촘하게 운영해 고객 검수에서 지적이 거의 나오지 않았습니다.,변경 사항 문서화가 늦어 인수인계 때 다시 확인해야 하는 일이 있었습니다. 또한 학습력 측면도 보완하면 더 좋겠습니다.
R000578,2025H2,X-0006,DP0049,DP0033,2025-12-15,금융사 바2 차세대 데이터 플랫폼 구축 수행 기간 동안 팀의 핵심 인력으로 활약했습니다. 메타데이터 설계 중 발생한 복합 장애의 근본 원인을 빠르게 찾아 재발 방지책까지 마련했습니다. 고객사 담당자와도 편하게 소통하는 친화력 덕분에 협의가 한결 수월했습니다. 신규 인원에게 업무 맥락을 차근차근 설명해 적응 기간을 크게 줄여 주었습니다.,"새 기술 도입에 시간이 다소 걸려 초기 일정에 부담이 있었습니다. 또한 문서화, 협업 측면도 보완하면 더 좋겠습니다."
R000579,2025H2,X-0006,DP0042,DP0033,2025-12-15,금융사 바2 차세대 데이터 플랫폼 구축 업무에서 함께 일하며 많은 도움을 받았습니다. 산출물과 설정값을 꼼꼼하게 대조해 배포 전 결함을 여러 건 미리 잡아냈습니다. 막힌 이슈를 작은 단위로 쪼개 가설을 검증하는 방식으로 해결 시간을 크게 단축했습니다. Text Analysis 분야의 깊은 전문성으로 설계 단계에서 기술적 리스크를 먼저 짚어 냈습니다. 처음 합류한 인원들과도 금방 어울려 팀 분위기를 부드럽게 만들어 주었습니다.,새 기술 도입에 시간이 다소 걸려 초기 일정에 부담이 있었습니다.
R000580,2025H2,X-0001,DP0053,DP0034,2025-12-15,금융사 가2 비정형 문서 메타데이터 전환을(를) 진행하는 동안 금융 고객 환경을 잘 이해하고 안정적으로 수행했습니다. 코드 리뷰에서 품질 기준을 일관되게 지켜 팀의 결과물 수준을 끌어올렸습니다.,"알고 있는 노하우를 팀에 공유하는 빈도가 낮아 지식이 한 사람에게 몰렸습니다. 또한 책임감, 전문성 측면도 보완하면 더 좋겠습니다."
R000581,2025H2,X-0001,DP0061,DP0034,2025-12-15,금융사 가2 비정형 문서 메타데이터 전환 수행 기간 동안 팀의 핵심 인력으로 활약했습니다. 새 도메인 지식을 빠르게 흡수해 투입 초기부터 제 몫을 해냈습니다.,본인 범위에 집중하다 보니 다른 파트와의 연계가 늦어지는 경우가 있었습니다. 또한 책임감 측면도 보완하면 더 좋겠습니다.
R000582,2025H2,X-0006,DP0062,DP0034,2025-12-15,금융사 바2 차세대 데이터 플랫폼 구축을(를) 진행하는 동안 금융 고객 환경을 잘 이해하고 안정적으로 수행했습니다. 처음 접한 Hadoop도 짧은 시간에 익혀 바로 실무에 적용했습니다. 마일스톤별 위험 요소를 미리 관리해 메타데이터 설계 일정을 한 번도 놓치지 않았습니다. 고객사와 개발팀 사이에서 요구사항을 명확히 전달해 재작업을 크게 줄였습니다.,주니어에게 피드백을 줄 때 이유 설명이 짧아 학습 효과가 제한적이었습니다.
R000583,2025H2,X-0073,DP0013,DP0035,2025-12-15,계열사 T 데이터 레이크 고도화 업무에서 함께 일하며 많은 도움을 받았습니다. Python 노하우를 문서와 짧은 세션으로 공유해 팀 전체의 수준을 끌어올렸습니다. 제약이 많은 상황에서도 새로운 접근을 찾아내 고객의 호평을 받았습니다. 처음 접한 Python도 짧은 시간에 익혀 바로 실무에 적용했습니다. 작업량을 현실적으로 추정해 일정 계획의 정확도를 높였습니다.,새로운 과제에는 먼저 나서기보다 지켜보는 편이라 조금 더 적극적이면 좋겠습니다.
R000584,2025H2,X-0073,DP0087,DP0035,2025-12-15,계열사 T 데이터 레이크 고도화 업무에서 함께 일하며 많은 도움을 받았습니다. 기존 방식에 얽매이지 않는 대안을 제시해 데이터 표준화의 처리 속도를 크게 개선했습니다. 검수 체크리스트를 촘촘하게 운영해 고객 검수에서 지적이 거의 나오지 않았습니다. 데이터 표준화의 핵심 기능을 직접 설계하며 요구사항을 구조화하는 기획력이 돋보였습니다. 막힌 이슈를 작은 단위로 쪼개 가설을 검증하는 방식으로 해결 시간을 크게 단축했습니다. 그 밖에도 적극성 측면에서 좋은 모습을 보였습니다.,고객의 갑작스러운 요청에 방어적으로 대응해 협의가 길어진 적이 있었습니다.
R000585,2025H2,X-0073,DP0018,DP0035,2025-12-15,계열사 T 데이터 레이크 고도화을(를) 진행하는 동안 그룹사(대내) 고객 환경을 잘 이해하고 안정적으로 수행했습니다. Python 노하우를 문서와 짧은 세션으로 공유해 팀 전체의 수준을 끌어올렸습니다.,다만 경계가 애매한 업무는 먼저 맡으려 하지 않는 경우가 있어 주인 의식을 조금 더 보여 주면 좋겠습니다.
R000586,2025H2,X-0073,DP0048,DP0035,2025-12-15,계열사 T 데이터 레이크 고도화 업무에서 함께 일하며 많은 도움을 받았습니다. 새 도메인 지식을 빠르게 흡수해 투입 초기부터 제 몫을 해냈습니다. 직접 겪은 시행착오를 정리해 공유해 다른 팀원들이 같은 실수를 피할 수 있었습니다. 회의 때마다 쟁점을 쉽게 정리해 이해관계자들의 합의를 빠르게 이끌었습니다. 기존 방식에 얽매이지 않는 대안을 제시해 데이터 표준화의 처리 속도를 크게 개선했습니다.,새로운 과제에는 먼저 나서기보다 지켜보는 편이라 조금 더 적극적이면 좋겠습니다.
R000587,2025H2,X-0073,DP0071,DP0036,2025-12-15,계열사 T 데이터 레이크 고도화 수행 기간 동안 팀의 핵심 인력으로 활약했습니다. 일정이 크게 흔들린 시점에 대응 계획을 빠르게 세워 위기를 넘겼습니다. 개선 아이디어를 적극적으로 제안하고 직접 시범 적용까지 해 보였습니다. 매일 진행 상황을 꾸준히 공유하고 반복 점검 업무도 빠짐없이 챙겨 신뢰가 갔습니다. 테스트 기준을 스스로 높게 잡아 운영 이관 후 장애가 거의 없었습니다. 그 밖에도 친화력 측면에서 좋은 모습을 보였습니다.,작업량 추정이 낙관적이어서 일정이 밀린 적이 몇 번 있었습니다.
R000588,2025H2,X-0073,DP0032,DP0036,2025-12-15,계열사 T 데이터 레이크 고도화 업무에서 함께 일하며 많은 도움을 받았습니다. 코드 리뷰에서 품질 기준을 일관되게 지켜 팀의 결과물 수준을 끌어올렸습니다. 처음 합류한 인원들과도 금방 어울려 팀 분위기를 부드럽게 만들어 주었습니다. 문제가 생겼을 때 남에게 미루지 않고 본인 일처럼 책임지고 원인을 정리해 주었습니다. 일정이 크게 흔들린 시점에 대응 계획을 빠르게 세워 위기를 넘겼습니다.,본인 범위에 집중하다 보니 다른 파트와의 연계가 늦어지는 경우가 있었습니다. 또한 기획력 측면도 보완하면 더 좋겠습니다.
R000589,2025H2,X-0073,DP0087,DP0036,2025-12-15,계열사 T 데이터 레이크 고도화 수행 기간 동안 팀의 핵심 인력으로 활약했습니다. 일정이 흔들릴 때 우선순위를 다시 세우고 팀을 안정적으로 이끌었습니다. 데이터·개발·운영 담당 사이의 연결고리 역할을 맡아 협업 병목을 풀어 주었습니다. 주니어의 코드 리뷰에 이유까지 설명해 주어 팀의 성장에 기여했습니다. SQL 노하우를 문서와 짧은 세션으로 공유해 팀 전체의 수준을 끌어올렸습니다. 그 밖에도 전문성 측면에서 좋은 모습을 보였습니다.,요구사항을 구조화하기 전에 구현부터 시작하는 경우가 있어 사전 기획을 보완하면 좋겠습니다.
R000590,2025H2,X-0006,DP0009,DP0037,2025-12-15,금융사 바2 차세대 데이터 플랫폼 구축 업무에서 함께 일하며 많은 도움을 받았습니다. 변경 이력과 의사결정 배경을 꾸준히 기록해 고객 보고에 큰 도움이 되었습니다. 테스트 기준을 스스로 높게 잡아 운영 이관 후 장애가 거의 없었습니다. 직접 겪은 시행착오를 정리해 공유해 다른 팀원들이 같은 실수를 피할 수 있었습니다.,새로 합류한 인원과 거리감이 있어 초기 협업이 다소 더뎠습니다.
R000591,2025H2,X-0006,DP0069,DP0037,2025-12-15,금융사 바2 차세대 데이터 플랫폼 구축 업무에서 함께 일하며 많은 도움을 받았습니다. 일정이 크게 흔들린 시점에 대응 계획을 빠르게 세워 위기를 넘겼습니다. 설계 의도와 운영 절차를 잘 정리해 두어 인수인계가 매끄러웠습니다. 처음 접한 비정형 문서 처리(OCR)도 짧은 시간에 익혀 바로 실무에 적용했습니다. 비정형 문서 처리(OCR) 분야의 깊은 전문성으로 설계 단계에서 기술적 리스크를 먼저 짚어 냈습니다.,"주니어에게 피드백을 줄 때 이유 설명이 짧아 학습 효과가 제한적이었습니다. 또한 기획력, 품질의식 측면도 보완하면 더 좋겠습니다."
R000592,2025H2,X-0006,DP0028,DP0037,2025-12-15,금융사 바2 차세대 데이터 플랫폼 구축 업무에서 함께 일하며 많은 도움을 받았습니다. 매일 진행 상황을 꾸준히 공유하고 반복 점검 업무도 빠짐없이 챙겨 신뢰가 갔습니다. 처음 접한 비정형 문서 처리(OCR)도 짧은 시간에 익혀 바로 실무에 적용했습니다. 설계 의도와 운영 절차를 잘 정리해 두어 인수인계가 매끄러웠습니다.,요구사항을 구조화하기 전에 구현부터 시작하는 경우가 있어 사전 기획을 보완하면 좋겠습니다. 또한 리더십 측면도 보완하면 더 좋겠습니다.
R000593,2025H2,X-0006,DP0042,DP0037,2025-12-15,금융사 바2 차세대 데이터 플랫폼 구축 업무에서 함께 일하며 많은 도움을 받았습니다. 눈에 잘 띄지 않는 메타데이터 설계 작업도 성실하게 처리해 품질 기반을 다져 주었습니다. 새 도메인 지식을 빠르게 흡수해 투입 초기부터 제 몫을 해냈습니다. 다른 파트의 일정까지 살피며 먼저 도움을 제안해 팀 전체 속도를 끌어올렸습니다.,의견이 엇갈릴 때 방향을 정리해 주는 역할은 조금 더 기대됩니다.
R000594,2025H2,X-0006,DP0075,DP0037,2025-12-15,금융사 바2 차세대 데이터 플랫폼 구축 수행 기간 동안 팀의 핵심 인력으로 활약했습니다. 처음 접한 Text Analysis도 짧은 시간에 익혀 바로 실무에 적용했습니다. 설계 의도와 운영 절차를 잘 정리해 두어 인수인계가 매끄러웠습니다. 데이터·개발·운영 담당 사이의 연결고리 역할을 맡아 협업 병목을 풀어 주었습니다. 일정이 크게 흔들린 시점에 대응 계획을 빠르게 세워 위기를 넘겼습니다.,테스트 범위를 좁게 잡아 회귀 결함이 뒤늦게 발견된 적이 있었습니다.
R000595,2025H2,X-0083,DP0015,DP0038,2025-12-15,금융사 사 차세대 데이터 플랫폼 구축 업무에서 함께 일하며 많은 도움을 받았습니다. 고객사 현업 담당자의 불만을 경청하고 대안을 제시해 관계를 개선했습니다. 마일스톤별 위험 요소를 미리 관리해 데이터 이관 일정을 한 번도 놓치지 않았습니다. 개선 아이디어를 적극적으로 제안하고 직접 시범 적용까지 해 보였습니다.,"주니어에게 피드백을 줄 때 이유 설명이 짧아 학습 효과가 제한적이었습니다. 또한 협업, 친화력 측면도 보완하면 더 좋겠습니다."
R000596,2025H2,X-0094,DP0024,DP0038,2025-12-15,계열사 S 데이터 거버넌스 구축 업무에서 함께 일하며 많은 도움을 받았습니다. 기존 방식에 얽매이지 않는 대안을 제시해 배치 운영의 처리 속도를 크게 개선했습니다. 주니어의 코드 리뷰에 이유까지 설명해 주어 팀의 성장에 기여했습니다.,반복 점검 업무를 마감 직전까지 미루는 경우가 있어 꾸준함이 조금 아쉬웠습니다. 또한 협업 측면도 보완하면 더 좋겠습니다.
R000597,2025H2,X-0094,DP0090,DP0038,2025-12-15,계열사 S 데이터 거버넌스 구축을(를) 진행하는 동안 그룹사(대내) 고객 환경을 잘 이해하고 안정적으로 수행했습니다. 배치 운영의 핵심 기능을 직접 설계하며 요구사항을 구조화하는 기획력이 돋보였습니다. 개선 아이디어를 적극적으로 제안하고 직접 시범 적용까지 해 보였습니다. 마일스톤별 위험 요소를 미리 관리해 배치 운영 일정을 한 번도 놓치지 않았습니다.,"본인 범위에 집중하다 보니 다른 파트와의 연계가 늦어지는 경우가 있었습니다. 또한 고객대응, 책임감 측면도 보완하면 더 좋겠습니다."
R000598,2025H2,X-0083,DP0004,DP0038,2025-12-15,금융사 사 차세대 데이터 플랫폼 구축 수행 기간 동안 팀의 핵심 인력으로 활약했습니다. 제약이 많은 상황에서도 새로운 접근을 찾아내 고객의 호평을 받았습니다. 운영 중 긴급 장애가 났을 때 침착하게 상황을 정리하고 복구를 주도했습니다.,"본인 범위에 집중하다 보니 다른 파트와의 연계가 늦어지는 경우가 있었습니다. 또한 책임감, 고객대응 측면도 보완하면 더 좋겠습니다."
R000599,2025H2,X-0020,DP0051,DP0039,2025-12-15,공공기관 무 공공데이터 개방 플랫폼 구축 수행 기간 동안 팀의 핵심 인력으로 활약했습니다. 고객의 급한 요청에도 차분하게 대응해 신뢰를 얻었고 추가 요구 협상도 잘 이끌었습니다. 신규 인원에게 업무 맥락을 차근차근 설명해 적응 기간을 크게 줄여 주었습니다. 처음 합류한 인원들과도 금방 어울려 팀 분위기를 부드럽게 만들어 주었습니다.,반복 점검 업무를 마감 직전까지 미루는 경우가 있어 꾸준함이 조금 아쉬웠습니다.
R000600,2025H2,X-0020,DP0099,DP0039,2025-12-15,공공기관 무 공공데이터 개방 플랫폼 구축 업무에서 함께 일하며 많은 도움을 받았습니다. 새로운 요구가 생기면 먼저 손을 들고 나서서 초기 검토를 맡아 주었습니다. 데이터·개발·운영 담당 사이의 연결고리 역할을 맡아 협업 병목을 풀어 주었습니다. 처음 합류한 인원들과도 금방 어울려 팀 분위기를 부드럽게 만들어 주었습니다.,진행 상황 공유가 늦어 다른 담당자가 뒤늦게 파악하는 일이 있었습니다. 또한 품질의식 측면도 보완하면 더 좋겠습니다.
R000601,2025H2,X-0073,DP0036,DP0039,2025-12-15,계열사 T 데이터 레이크 고도화을(를) 진행하는 동안 그룹사(대내) 고객 환경을 잘 이해하고 안정적으로 수행했습니다. 처음 합류한 인원들과도 금방 어울려 팀 분위기를 부드럽게 만들어 주었습니다. 새 도메인 지식을 빠르게 흡수해 투입 초기부터 제 몫을 해냈습니다.,진행 상황 공유가 늦어 다른 담당자가 뒤늦게 파악하는 일이 있었습니다. 또한 문서화 측면도 보완하면 더 좋겠습니다.
R000602,2025H2,X-0073,DP0087,DP0039,2025-12-15,계열사 T 데이터 레이크 고도화을(를) 진행하는 동안 그룹사(대내) 고객 환경을 잘 이해하고 안정적으로 수행했습니다. 고객의 급한 요청에도 차분하게 대응해 신뢰를 얻었고 추가 요구 협상도 잘 이끌었습니다. 처음 접한 Data Lake & Data Catalog도 짧은 시간에 익혀 바로 실무에 적용했습니다. 새로운 요구가 생기면 먼저 손을 들고 나서서 초기 검토를 맡아 주었습니다.,작업량 추정이 낙관적이어서 일정이 밀린 적이 몇 번 있었습니다. 또한 기획력 측면도 보완하면 더 좋겠습니다.
R000603,2025H2,X-0057,DP0080,DP0040,2025-12-15,금융사 카 데이터 마트 구축을(를) 진행하는 동안 금융 고객 환경을 잘 이해하고 안정적으로 수행했습니다. 산출물과 설정값을 꼼꼼하게 대조해 배포 전 결함을 여러 건 미리 잡아냈습니다. 일정이 흔들릴 때 우선순위를 다시 세우고 팀을 안정적으로 이끌었습니다. 개선 아이디어를 적극적으로 제안하고 직접 시범 적용까지 해 보였습니다. 일정이 크게 흔들린 시점에 대응 계획을 빠르게 세워 위기를 넘겼습니다.,알고 있는 노하우를 팀에 공유하는 빈도가 낮아 지식이 한 사람에게 몰렸습니다.
R000604,2025H2,X-0055,DP0052,DP0040,2025-12-15,계열사 O 데이터 레이크 고도화 수행 기간 동안 팀의 핵심 인력으로 활약했습니다. 운영 중 긴급 장애가 났을 때 침착하게 상황을 정리하고 복구를 주도했습니다.,새로 합류한 인원과 거리감이 있어 초기 협업이 다소 더뎠습니다. 또한 소통 측면도 보완하면 더 좋겠습니다.
R000605,2025H2,X-0055,DP0020,DP0040,2025-12-15,계열사 O 데이터 레이크 고도화 수행 기간 동안 팀의 핵심 인력으로 활약했습니다. Text Analysis 관련 이슈가 생길 때마다 정확한 판단으로 해결 방향을 제시해 팀의 기준점이 되었습니다. 담당자으로서 팀원 각자의 역량을 파악해 일을 배분하고 끝까지 이끄는 리더십이 뛰어났습니다. 다른 파트의 일정까지 살피며 먼저 도움을 제안해 팀 전체 속도를 끌어올렸습니다.,새로 합류한 인원과 거리감이 있어 초기 협업이 다소 더뎠습니다. 또한 문서화 측면도 보완하면 더 좋겠습니다.
R000606,2025H2,X-0055,DP0041,DP0040,2025-12-15,계열사 O 데이터 레이크 고도화 수행 기간 동안 팀의 핵심 인력으로 활약했습니다. 고객사 현업 담당자의 불만을 경청하고 대안을 제시해 관계를 개선했습니다. 새로운 요구가 생기면 먼저 손을 들고 나서서 초기 검토를 맡아 주었습니다. 비정형 문서 처리(OCR) 관련 이슈가 생길 때마다 정확한 판단으로 해결 방향을 제시해 팀의 기준점이 되었습니다.,알고 있는 노하우를 팀에 공유하는 빈도가 낮아 지식이 한 사람에게 몰렸습니다.
R000607,2025H2,X-0057,DP0094,DP0040,2025-12-15,금융사 카 데이터 마트 구축 업무에서 함께 일하며 많은 도움을 받았습니다. 검색엔진 관련 이슈가 생길 때마다 정확한 판단으로 해결 방향을 제시해 팀의 기준점이 되었습니다. 운영 중 긴급 장애가 났을 때 침착하게 상황을 정리하고 복구를 주도했습니다.,기존 방식에 익숙해 새로운 대안을 검토하는 데는 소극적이었습니다. 또한 소통 측면도 보완하면 더 좋겠습니다.
R000608,2025H2,X-0055,DP0009,DP0041,2025-12-15,계열사 O 데이터 레이크 고도화 수행 기간 동안 팀의 핵심 인력으로 활약했습니다. 고객사 현업 담당자의 불만을 경청하고 대안을 제시해 관계를 개선했습니다.,변경 사항 문서화가 늦어 인수인계 때 다시 확인해야 하는 일이 있었습니다. 또한 협업 측면도 보완하면 더 좋겠습니다.
R000609,2025H2,X-0055,DP0026,DP0041,2025-12-15,계열사 O 데이터 레이크 고도화을(를) 진행하는 동안 그룹사(대내) 고객 환경을 잘 이해하고 안정적으로 수행했습니다. 테스트 기준을 스스로 높게 잡아 운영 이관 후 장애가 거의 없었습니다. 비정형 문서 처리(OCR) 노하우를 문서와 짧은 세션으로 공유해 팀 전체의 수준을 끌어올렸습니다.,새 기술 도입에 시간이 다소 걸려 초기 일정에 부담이 있었습니다. 또한 문서화 측면도 보완하면 더 좋겠습니다.
R000610,2025H2,X-0094,DP0030,DP0041,2025-12-15,계열사 S 데이터 거버넌스 구축 업무에서 함께 일하며 많은 도움을 받았습니다. 직접 겪은 시행착오를 정리해 공유해 다른 팀원들이 같은 실수를 피할 수 있었습니다. 고객의 급한 요청에도 차분하게 대응해 신뢰를 얻었고 추가 요구 협상도 잘 이끌었습니다.,"주니어에게 피드백을 줄 때 이유 설명이 짧아 학습 효과가 제한적이었습니다. 또한 꼼꼼함, 협업 측면도 보완하면 더 좋겠습니다."
R000611,2025H2,X-0094,DP0100,DP0041,2025-12-15,계열사 S 데이터 거버넌스 구축을(를) 진행하는 동안 그룹사(대내) 고객 환경을 잘 이해하고 안정적으로 수행했습니다. 문제가 생겼을 때 남에게 미루지 않고 본인 일처럼 책임지고 원인을 정리해 주었습니다.,주니어에게 피드백을 줄 때 이유 설명이 짧아 학습 효과가 제한적이었습니다. 또한 문서화 측면도 보완하면 더 좋겠습니다.
R000612,2025H2,X-0094,DP0086,DP0041,2025-12-15,계열사 S 데이터 거버넌스 구축 수행 기간 동안 팀의 핵심 인력으로 활약했습니다. 운영 중 긴급 장애가 났을 때 침착하게 상황을 정리하고 복구를 주도했습니다. 처음 접한 검색엔진도 짧은 시간에 익혀 바로 실무에 적용했습니다.,"변경 사항 문서화가 늦어 인수인계 때 다시 확인해야 하는 일이 있었습니다. 또한 멘토링, 꼼꼼함 측면도 보완하면 더 좋겠습니다."
R000613,2025H2,X-0094,DP0038,DP0041,2025-12-15,계열사 S 데이터 거버넌스 구축을(를) 진행하는 동안 그룹사(대내) 고객 환경을 잘 이해하고 안정적으로 수행했습니다. 고객의 급한 요청에도 차분하게 대응해 신뢰를 얻었고 추가 요구 협상도 잘 이끌었습니다. 일정이 크게 흔들린 시점에 대응 계획을 빠르게 세워 위기를 넘겼습니다.,세부 설정값 검토가 빠져 배포 후 수정이 생긴 적이 있었습니다. 또한 일정관리 측면도 보완하면 더 좋겠습니다.
R000614,2025H2,X-0006,DP0027,DP0042,2025-12-15,금융사 바2 차세대 데이터 플랫폼 구축을(를) 진행하는 동안 금융 고객 환경을 잘 이해하고 안정적으로 수행했습니다. 처음 접한 Scala도 짧은 시간에 익혀 바로 실무에 적용했습니다. 검수 체크리스트를 촘촘하게 운영해 고객 검수에서 지적이 거의 나오지 않았습니다. 메타데이터 설계 중 발생한 복합 장애의 근본 원인을 빠르게 찾아 재발 방지책까지 마련했습니다. 테스트 기준을 스스로 높게 잡아 운영 이관 후 장애가 거의 없었습니다. 그 밖에도 책임감 측면에서 좋은 모습을 보였습니다.,새로운 과제에는 먼저 나서기보다 지켜보는 편이라 조금 더 적극적이면 좋겠습니다.
R000615,2025H2,X-0006,DP0069,DP0042,2025-12-15,금융사 바2 차세대 데이터 플랫폼 구축을(를) 진행하는 동안 금융 고객 환경을 잘 이해하고 안정적으로 수행했습니다. 막힌 이슈를 작은 단위로 쪼개 가설을 검증하는 방식으로 해결 시간을 크게 단축했습니다. 고객의 모호한 요구를 단계별 실행 계획으로 정리해 범위 변경을 줄였습니다. 문제가 생겼을 때 남에게 미루지 않고 본인 일처럼 책임지고 원인을 정리해 주었습니다.,변경 사항 문서화가 늦어 인수인계 때 다시 확인해야 하는 일이 있었습니다.
R000616,2025H2,X-0006,DP0011,DP0042,2025-12-15,금융사 바2 차세대 데이터 플랫폼 구축 수행 기간 동안 팀의 핵심 인력으로 활약했습니다. 테스트 기준을 스스로 높게 잡아 운영 이관 후 장애가 거의 없었습니다. 직접 겪은 시행착오를 정리해 공유해 다른 팀원들이 같은 실수를 피할 수 있었습니다.,요구사항을 구조화하기 전에 구현부터 시작하는 경우가 있어 사전 기획을 보완하면 좋겠습니다. 또한 문서화 측면도 보완하면 더 좋겠습니다.
R000617,2025H2,X-0006,DP0066,DP0042,2025-12-15,금융사 바2 차세대 데이터 플랫폼 구축을(를) 진행하는 동안 금융 고객 환경을 잘 이해하고 안정적으로 수행했습니다. 검수 체크리스트를 촘촘하게 운영해 고객 검수에서 지적이 거의 나오지 않았습니다.,고객의 갑작스러운 요청에 방어적으로 대응해 협의가 길어진 적이 있었습니다. 또한 기획력 측면도 보완하면 더 좋겠습니다.
R000618,2025H2,X-0003,DP0057,DP0043,2025-12-15,계열사 H 데이터 거버넌스 구축 업무에서 함께 일하며 많은 도움을 받았습니다. 데이터·개발·운영 담당 사이의 연결고리 역할을 맡아 협업 병목을 풀어 주었습니다.,"테스트 범위를 좁게 잡아 회귀 결함이 뒤늦게 발견된 적이 있었습니다. 또한 위기대응, 친화력 측면도 보완하면 더 좋겠습니다."
R000619,2025H2,X-0020,DP0081,DP0043,2025-12-15,공공기관 무 공공데이터 개방 플랫폼 구축을(를) 진행하는 동안 공공 고객 환경을 잘 이해하고 안정적으로 수행했습니다. 일정이 흔들릴 때 우선순위를 다시 세우고 팀을 안정적으로 이끌었습니다.,"긴급 상황에서 우선순위 판단이 늦어 대응이 지연된 적이 있었습니다. 또한 친화력, 성실 측면도 보완하면 더 좋겠습니다."
R000620,2025H2,X-0020,DP0007,DP0043,2025-12-15,공공기관 무 공공데이터 개방 플랫폼 구축 수행 기간 동안 팀의 핵심 인력으로 활약했습니다. 고객사 현업 담당자의 불만을 경청하고 대안을 제시해 관계를 개선했습니다. 막힌 이슈를 작은 단위로 쪼개 가설을 검증하는 방식으로 해결 시간을 크게 단축했습니다.,반복 점검 업무를 마감 직전까지 미루는 경우가 있어 꾸준함이 조금 아쉬웠습니다. 또한 품질의식 측면도 보완하면 더 좋겠습니다.
R000621,2025H2,X-0020,DP0070,DP0043,2025-12-15,공공기관 무 공공데이터 개방 플랫폼 구축 업무에서 함께 일하며 많은 도움을 받았습니다. 작업량을 현실적으로 추정해 일정 계획의 정확도를 높였습니다. 기존 방식에 얽매이지 않는 대안을 제시해 데이터 정제의 처리 속도를 크게 개선했습니다.,긴급 상황에서 우선순위 판단이 늦어 대응이 지연된 적이 있었습니다. 또한 품질의식 측면도 보완하면 더 좋겠습니다.
R000622,2025H2,X-0084,DP0076,DP0044,2025-12-15,계열사 X 데이터 레이크 고도화을(를) 진행하는 동안 그룹사(대내) 고객 환경을 잘 이해하고 안정적으로 수행했습니다. 데이터·개발·운영 담당 사이의 연결고리 역할을 맡아 협업 병목을 풀어 주었습니다. 회의 때마다 쟁점을 쉽게 정리해 이해관계자들의 합의를 빠르게 이끌었습니다. 새로운 요구가 생기면 먼저 손을 들고 나서서 초기 검토를 맡아 주었습니다. 비정형 문서 처리(OCR) 노하우를 문서와 짧은 세션으로 공유해 팀 전체의 수준을 끌어올렸습니다. 그 밖에도 위기대응 측면에서 좋은 모습을 보였습니다.,고객의 갑작스러운 요청에 방어적으로 대응해 협의가 길어진 적이 있었습니다.
R000623,2025H2,X-0084,DP0017,DP0044,2025-12-15,계열사 X 데이터 레이크 고도화 업무에서 함께 일하며 많은 도움을 받았습니다. 테스트 기준을 스스로 높게 잡아 운영 이관 후 장애가 거의 없었습니다. 고객사 현업 담당자의 불만을 경청하고 대안을 제시해 관계를 개선했습니다. 새 도메인 지식을 빠르게 흡수해 투입 초기부터 제 몫을 해냈습니다. 고객의 모호한 요구를 단계별 실행 계획으로 정리해 범위 변경을 줄였습니다.,다만 경계가 애매한 업무는 먼저 맡으려 하지 않는 경우가 있어 주인 의식을 조금 더 보여 주면 좋겠습니다.
R000624,2025H2,X-0084,DP0064,DP0044,2025-12-15,계열사 X 데이터 레이크 고도화을(를) 진행하는 동안 그룹사(대내) 고객 환경을 잘 이해하고 안정적으로 수행했습니다. 일정이 크게 흔들린 시점에 대응 계획을 빠르게 세워 위기를 넘겼습니다. 데이터·개발·운영 담당 사이의 연결고리 역할을 맡아 협업 병목을 풀어 주었습니다. 처음 접한 ETL도 짧은 시간에 익혀 바로 실무에 적용했습니다. ETL 노하우를 문서와 짧은 세션으로 공유해 팀 전체의 수준을 끌어올렸습니다. 그 밖에도 고객대응 측면에서 좋은 모습을 보였습니다.,반복 점검 업무를 마감 직전까지 미루는 경우가 있어 꾸준함이 조금 아쉬웠습니다.
R000625,2025H2,X-0001,DP0078,DP0045,2025-12-15,금융사 가2 비정형 문서 메타데이터 전환을(를) 진행하는 동안 금융 고객 환경을 잘 이해하고 안정적으로 수행했습니다. Python 노하우를 문서와 짧은 세션으로 공유해 팀 전체의 수준을 끌어올렸습니다.,기존 방식에 익숙해 새로운 대안을 검토하는 데는 소극적이었습니다. 또한 문서화 측면도 보완하면 더 좋겠습니다.
R000626,2025H2,X-0055,DP0032,DP0045,2025-12-15,계열사 O 데이터 레이크 고도화을(를) 진행하는 동안 그룹사(대내) 고객 환경을 잘 이해하고 안정적으로 수행했습니다. 고객의 모호한 요구를 단계별 실행 계획으로 정리해 범위 변경을 줄였습니다.,"본인 범위에 집중하다 보니 다른 파트와의 연계가 늦어지는 경우가 있었습니다. 또한 성실, 꼼꼼함 측면도 보완하면 더 좋겠습니다."
R000627,2025H2,X-0055,DP0022,DP0045,2025-12-15,계열사 O 데이터 레이크 고도화 수행 기간 동안 팀의 핵심 인력으로 활약했습니다. 처음 합류한 인원들과도 금방 어울려 팀 분위기를 부드럽게 만들어 주었습니다. 데이터 표준화 중 발생한 복합 장애의 근본 원인을 빠르게 찾아 재발 방지책까지 마련했습니다.,"다만 경계가 애매한 업무는 먼저 맡으려 하지 않는 경우가 있어 주인 의식을 조금 더 보여 주면 좋겠습니다. 또한 창의성, 꼼꼼함 측면도 보완하면 더 좋겠습니다."
R000628,2025H2,X-0055,DP0026,DP0045,2025-12-15,계열사 O 데이터 레이크 고도화을(를) 진행하는 동안 그룹사(대내) 고객 환경을 잘 이해하고 안정적으로 수행했습니다. 산출물과 설정값을 꼼꼼하게 대조해 배포 전 결함을 여러 건 미리 잡아냈습니다. 막힌 이슈를 작은 단위로 쪼개 가설을 검증하는 방식으로 해결 시간을 크게 단축했습니다. 눈에 잘 띄지 않는 데이터 표준화 작업도 성실하게 처리해 품질 기반을 다져 주었습니다. 회의 때마다 쟁점을 쉽게 정리해 이해관계자들의 합의를 빠르게 이끌었습니다.,"새 기술 도입에 시간이 다소 걸려 초기 일정에 부담이 있었습니다. 또한 협업, 창의성 측면도 보완하면 더 좋겠습니다."
R000629,2025H2,X-0055,DP0095,DP0045,2025-12-15,계열사 O 데이터 레이크 고도화 수행 기간 동안 팀의 핵심 인력으로 활약했습니다. 마일스톤별 위험 요소를 미리 관리해 데이터 표준화 일정을 한 번도 놓치지 않았습니다. 고객의 모호한 요구를 단계별 실행 계획으로 정리해 범위 변경을 줄였습니다.,"본인 범위에 집중하다 보니 다른 파트와의 연계가 늦어지는 경우가 있었습니다. 또한 꼼꼼함, 친화력 측면도 보완하면 더 좋겠습니다."
R000630,2025H2,X-0006,DP0075,DP0046,2025-12-15,금융사 바2 차세대 데이터 플랫폼 구축을(를) 진행하는 동안 금융 고객 환경을 잘 이해하고 안정적으로 수행했습니다. 기존 방식에 얽매이지 않는 대안을 제시해 메타데이터 설계의 처리 속도를 크게 개선했습니다. 산출물과 설정값을 꼼꼼하게 대조해 배포 전 결함을 여러 건 미리 잡아냈습니다. 메타데이터 설계 중 발생한 복합 장애의 근본 원인을 빠르게 찾아 재발 방지책까지 마련했습니다.,요구사항을 구조화하기 전에 구현부터 시작하는 경우가 있어 사전 기획을 보완하면 좋겠습니다.
R000631,2025H2,X-0006,DP0028,DP0046,2025-12-15,금융사 바2 차세대 데이터 플랫폼 구축 수행 기간 동안 팀의 핵심 인력으로 활약했습니다. 일정이 크게 흔들린 시점에 대응 계획을 빠르게 세워 위기를 넘겼습니다. 메타데이터 설계 중 발생한 복합 장애의 근본 원인을 빠르게 찾아 재발 방지책까지 마련했습니다. 다른 파트의 일정까지 살피며 먼저 도움을 제안해 팀 전체 속도를 끌어올렸습니다.,요구사항을 구조화하기 전에 구현부터 시작하는 경우가 있어 사전 기획을 보완하면 좋겠습니다.
R000632,2025H2,X-0006,DP0012,DP0046,2025-12-15,금융사 바2 차세대 데이터 플랫폼 구축을(를) 진행하는 동안 금융 고객 환경을 잘 이해하고 안정적으로 수행했습니다. 설계 의도와 운영 절차를 잘 정리해 두어 인수인계가 매끄러웠습니다. 처음 합류한 인원들과도 금방 어울려 팀 분위기를 부드럽게 만들어 주었습니다. 다른 파트의 일정까지 살피며 먼저 도움을 제안해 팀 전체 속도를 끌어올렸습니다. 마일스톤별 위험 요소를 미리 관리해 메타데이터 설계 일정을 한 번도 놓치지 않았습니다.,다만 경계가 애매한 업무는 먼저 맡으려 하지 않는 경우가 있어 주인 의식을 조금 더 보여 주면 좋겠습니다. 또한 전문성 측면도 보완하면 더 좋겠습니다.
R000633,2025H2,X-0006,DP0049,DP0046,2025-12-15,금융사 바2 차세대 데이터 플랫폼 구축을(를) 진행하는 동안 금융 고객 환경을 잘 이해하고 안정적으로 수행했습니다. 회의 때마다 쟁점을 쉽게 정리해 이해관계자들의 합의를 빠르게 이끌었습니다. 다른 파트의 일정까지 살피며 먼저 도움을 제안해 팀 전체 속도를 끌어올렸습니다. 변경 이력과 의사결정 배경을 꾸준히 기록해 고객 보고에 큰 도움이 되었습니다.,Kafka 심화 영역에서는 판단 근거가 부족한 경우가 있어 추가 학습이 필요해 보입니다. 또한 친화력 측면도 보완하면 더 좋겠습니다.
R000634,2025H2,X-0006,DP0033,DP0046,2025-12-15,금융사 바2 차세대 데이터 플랫폼 구축을(를) 진행하는 동안 금융 고객 환경을 잘 이해하고 안정적으로 수행했습니다. 메타데이터 설계 중 발생한 복합 장애의 근본 원인을 빠르게 찾아 재발 방지책까지 마련했습니다. 코드 리뷰에서 품질 기준을 일관되게 지켜 팀의 결과물 수준을 끌어올렸습니다. 처음 접한 AWS도 짧은 시간에 익혀 바로 실무에 적용했습니다. 작업량을 현실적으로 추정해 일정 계획의 정확도를 높였습니다.,새로 합류한 인원과 거리감이 있어 초기 협업이 다소 더뎠습니다.
R000635,2025H2,X-0006,DP0037,DP0046,2025-12-15,금융사 바2 차세대 데이터 플랫폼 구축을(를) 진행하는 동안 금융 고객 환경을 잘 이해하고 안정적으로 수행했습니다. 데이터·개발·운영 담당 사이의 연결고리 역할을 맡아 협업 병목을 풀어 주었습니다. 작업량을 현실적으로 추정해 일정 계획의 정확도를 높였습니다. 막힌 이슈를 작은 단위로 쪼개 가설을 검증하는 방식으로 해결 시간을 크게 단축했습니다. 일정이 크게 흔들린 시점에 대응 계획을 빠르게 세워 위기를 넘겼습니다. 그 밖에도 문서화 측면에서 좋은 모습을 보였습니다.,새로 합류한 인원과 거리감이 있어 초기 협업이 다소 더뎠습니다.
R000636,2025H2,X-0094,DP0086,DP0047,2025-12-15,계열사 S 데이터 거버넌스 구축을(를) 진행하는 동안 그룹사(대내) 고객 환경을 잘 이해하고 안정적으로 수행했습니다. 코드 리뷰에서 품질 기준을 일관되게 지켜 팀의 결과물 수준을 끌어올렸습니다. 다른 파트의 일정까지 살피며 먼저 도움을 제안해 팀 전체 속도를 끌어올렸습니다. 변경 이력과 의사결정 배경을 꾸준히 기록해 고객 보고에 큰 도움이 되었습니다.,요구사항을 구조화하기 전에 구현부터 시작하는 경우가 있어 사전 기획을 보완하면 좋겠습니다. 또한 기술공유 측면도 보완하면 더 좋겠습니다.
R000637,2025H2,X-0003,DP0074,DP0047,2025-12-15,계열사 H 데이터 거버넌스 구축 수행 기간 동안 팀의 핵심 인력으로 활약했습니다. 막힌 이슈를 작은 단위로 쪼개 가설을 검증하는 방식으로 해결 시간을 크게 단축했습니다. 일정이 흔들릴 때 우선순위를 다시 세우고 팀을 안정적으로 이끌었습니다.,"요구사항을 구조화하기 전에 구현부터 시작하는 경우가 있어 사전 기획을 보완하면 좋겠습니다. 또한 친화력, 멘토링, 기술공유 측면도 보완하면 더 좋겠습니다."
R000638,2025H2,X-0094,DP0068,DP0047,2025-12-15,계열사 S 데이터 거버넌스 구축 수행 기간 동안 팀의 핵심 인력으로 활약했습니다. 막힌 이슈를 작은 단위로 쪼개 가설을 검증하는 방식으로 해결 시간을 크게 단축했습니다. 다른 파트의 일정까지 살피며 먼저 도움을 제안해 팀 전체 속도를 끌어올렸습니다.,새로 합류한 인원과 거리감이 있어 초기 협업이 다소 더뎠습니다. 또한 기술공유 측면도 보완하면 더 좋겠습니다.
R000639,2025H2,X-0073,DP0055,DP0048,2025-12-15,계열사 T 데이터 레이크 고도화 수행 기간 동안 팀의 핵심 인력으로 활약했습니다. 데이터 표준화의 핵심 기능을 직접 설계하며 요구사항을 구조화하는 기획력이 돋보였습니다. 처음 합류한 인원들과도 금방 어울려 팀 분위기를 부드럽게 만들어 주었습니다.,주니어에게 피드백을 줄 때 이유 설명이 짧아 학습 효과가 제한적이었습니다.
R000640,2025H2,X-0073,DP0036,DP0048,2025-12-15,계열사 T 데이터 레이크 고도화을(를) 진행하는 동안 그룹사(대내) 고객 환경을 잘 이해하고 안정적으로 수행했습니다. 맡은 데이터 표준화 범위를 끝까지 책임지고 마무리해 팀이 일정 걱정 없이 다음 단계로 넘어갈 수 있었습니다.,"변경 사항 문서화가 늦어 인수인계 때 다시 확인해야 하는 일이 있었습니다. 또한 일정관리, 품질의식 측면도 보완하면 더 좋겠습니다."
R000641,2025H2,X-0073,DP0087,DP0048,2025-12-15,계열사 T 데이터 레이크 고도화 업무에서 함께 일하며 많은 도움을 받았습니다. 새로운 요구가 생기면 먼저 손을 들고 나서서 초기 검토를 맡아 주었습니다. 처음 합류한 인원들과도 금방 어울려 팀 분위기를 부드럽게 만들어 주었습니다.,"긴급 상황에서 우선순위 판단이 늦어 대응이 지연된 적이 있었습니다. 또한 기획력, 멘토링 측면도 보완하면 더 좋겠습니다."
R000642,2025H2,X-0073,DP0035,DP0048,2025-12-15,계열사 T 데이터 레이크 고도화 업무에서 함께 일하며 많은 도움을 받았습니다. 개선 아이디어를 적극적으로 제안하고 직접 시범 적용까지 해 보였습니다. 직접 겪은 시행착오를 정리해 공유해 다른 팀원들이 같은 실수를 피할 수 있었습니다. 막힌 이슈를 작은 단위로 쪼개 가설을 검증하는 방식으로 해결 시간을 크게 단축했습니다. 검수 체크리스트를 촘촘하게 운영해 고객 검수에서 지적이 거의 나오지 않았습니다.,작업량 추정이 낙관적이어서 일정이 밀린 적이 몇 번 있었습니다.
R000643,2025H2,X-0006,DP0075,DP0049,2025-12-15,금융사 바2 차세대 데이터 플랫폼 구축 수행 기간 동안 팀의 핵심 인력으로 활약했습니다. 눈에 잘 띄지 않는 메타데이터 설계 작업도 성실하게 처리해 품질 기반을 다져 주었습니다.,"데이터 모델링 심화 영역에서는 판단 근거가 부족한 경우가 있어 추가 학습이 필요해 보입니다. 또한 문제해결, 창의성 측면도 보완하면 더 좋겠습니다."
R000644,2025H2,X-0006,DP0034,DP0049,2025-12-15,금융사 바2 차세대 데이터 플랫폼 구축 수행 기간 동안 팀의 핵심 인력으로 활약했습니다. 다른 파트의 일정까지 살피며 먼저 도움을 제안해 팀 전체 속도를 끌어올렸습니다.,반복 점검 업무를 마감 직전까지 미루는 경우가 있어 꾸준함이 조금 아쉬웠습니다. 또한 학습력 측면도 보완하면 더 좋겠습니다.
R000645,2025H2,X-0006,DP0069,DP0049,2025-12-15,금융사 바2 차세대 데이터 플랫폼 구축 업무에서 함께 일하며 많은 도움을 받았습니다. 데이터·개발·운영 담당 사이의 연결고리 역할을 맡아 협업 병목을 풀어 주었습니다. 메타데이터 설계 중 발생한 복합 장애의 근본 원인을 빠르게 찾아 재발 방지책까지 마련했습니다.,"변경 사항 문서화가 늦어 인수인계 때 다시 확인해야 하는 일이 있었습니다. 또한 적극성, 친화력 측면도 보완하면 더 좋겠습니다."
R000646,2025H2,X-0006,DP0046,DP0049,2025-12-15,금융사 바2 차세대 데이터 플랫폼 구축을(를) 진행하는 동안 금융 고객 환경을 잘 이해하고 안정적으로 수행했습니다. 문제가 생겼을 때 남에게 미루지 않고 본인 일처럼 책임지고 원인을 정리해 주었습니다. 메타데이터 설계의 핵심 기능을 직접 설계하며 요구사항을 구조화하는 기획력이 돋보였습니다. 주니어의 코드 리뷰에 이유까지 설명해 주어 팀의 성장에 기여했습니다.,"반복 점검 업무를 마감 직전까지 미루는 경우가 있어 꾸준함이 조금 아쉬웠습니다. 또한 적극성, 친화력 측면도 보완하면 더 좋겠습니다."
R000647,2025H2,X-0006,DP0037,DP0049,2025-12-15,금융사 바2 차세대 데이터 플랫폼 구축 업무에서 함께 일하며 많은 도움을 받았습니다. 고객의 급한 요청에도 차분하게 대응해 신뢰를 얻었고 추가 요구 협상도 잘 이끌었습니다.,알고 있는 노하우를 팀에 공유하는 빈도가 낮아 지식이 한 사람에게 몰렸습니다. 또한 전문성 측면도 보완하면 더 좋겠습니다.
R000648,2025H2,X-0001,DP0057,DP0050,2025-12-15,금융사 가2 비정형 문서 메타데이터 전환 수행 기간 동안 팀의 핵심 인력으로 활약했습니다. 제약이 많은 상황에서도 새로운 접근을 찾아내 고객의 호평을 받았습니다. 맡은 메타데이터 설계 범위를 끝까지 책임지고 마무리해 팀이 일정 걱정 없이 다음 단계로 넘어갈 수 있었습니다.,본인 범위에 집중하다 보니 다른 파트와의 연계가 늦어지는 경우가 있었습니다. 또한 소통 측면도 보완하면 더 좋겠습니다.
R000649,2025H2,X-0001,DP0053,DP0050,2025-12-15,금융사 가2 비정형 문서 메타데이터 전환을(를) 진행하는 동안 금융 고객 환경을 잘 이해하고 안정적으로 수행했습니다. 개선 아이디어를 적극적으로 제안하고 직접 시범 적용까지 해 보였습니다. 주니어의 코드 리뷰에 이유까지 설명해 주어 팀의 성장에 기여했습니다.,"작업량 추정이 낙관적이어서 일정이 밀린 적이 몇 번 있었습니다. 또한 기획력, 협업 측면도 보완하면 더 좋겠습니다."
R000650,2025H2,X-0001,DP0045,DP0050,2025-12-15,금융사 가2 비정형 문서 메타데이터 전환 수행 기간 동안 팀의 핵심 인력으로 활약했습니다. 검색엔진 관련 이슈가 생길 때마다 정확한 판단으로 해결 방향을 제시해 팀의 기준점이 되었습니다. 코드 리뷰에서 품질 기준을 일관되게 지켜 팀의 결과물 수준을 끌어올렸습니다. 고객의 모호한 요구를 단계별 실행 계획으로 정리해 범위 변경을 줄였습니다.,진행 상황 공유가 늦어 다른 담당자가 뒤늦게 파악하는 일이 있었습니다. 또한 협업 측면도 보완하면 더 좋겠습니다.
R000651,2025H2,X-0001,DP0087,DP0050,2025-12-15,금융사 가2 비정형 문서 메타데이터 전환을(를) 진행하는 동안 금융 고객 환경을 잘 이해하고 안정적으로 수행했습니다. 신규 인원에게 업무 맥락을 차근차근 설명해 적응 기간을 크게 줄여 주었습니다. 기존 방식에 얽매이지 않는 대안을 제시해 메타데이터 설계의 처리 속도를 크게 개선했습니다. 개선 아이디어를 적극적으로 제안하고 직접 시범 적용까지 해 보였습니다.,본인 범위에 집중하다 보니 다른 파트와의 연계가 늦어지는 경우가 있었습니다.
R000652,2025H2,X-0001,DP0082,DP0050,2025-12-15,금융사 가2 비정형 문서 메타데이터 전환을(를) 진행하는 동안 금융 고객 환경을 잘 이해하고 안정적으로 수행했습니다. 제약이 많은 상황에서도 새로운 접근을 찾아내 고객의 호평을 받았습니다. Python 관련 이슈가 생길 때마다 정확한 판단으로 해결 방향을 제시해 팀의 기준점이 되었습니다. 개선 아이디어를 적극적으로 제안하고 직접 시범 적용까지 해 보였습니다.,반복 점검 업무를 마감 직전까지 미루는 경우가 있어 꾸준함이 조금 아쉬웠습니다.
R000653,2025H2,X-0020,DP0088,DP0051,2025-12-15,공공기관 무 공공데이터 개방 플랫폼 구축 업무에서 함께 일하며 많은 도움을 받았습니다. 새로운 요구가 생기면 먼저 손을 들고 나서서 초기 검토를 맡아 주었습니다. 코드 리뷰에서 품질 기준을 일관되게 지켜 팀의 결과물 수준을 끌어올렸습니다. 고객의 급한 요청에도 차분하게 대응해 신뢰를 얻었고 추가 요구 협상도 잘 이끌었습니다. 일정이 크게 흔들린 시점에 대응 계획을 빠르게 세워 위기를 넘겼습니다.,"Spark 심화 영역에서는 판단 근거가 부족한 경우가 있어 추가 학습이 필요해 보입니다. 또한 일정관리, 책임감 측면도 보완하면 더 좋겠습니다."
R000654,2025H2,X-0020,DP0017,DP0051,2025-12-15,공공기관 무 공공데이터 개방 플랫폼 구축 업무에서 함께 일하며 많은 도움을 받았습니다. 산출물과 설정값을 꼼꼼하게 대조해 배포 전 결함을 여러 건 미리 잡아냈습니다. 테스트 기준을 스스로 높게 잡아 운영 이관 후 장애가 거의 없었습니다. 눈에 잘 띄지 않는 데이터 정제 작업도 성실하게 처리해 품질 기반을 다져 주었습니다.,새 기술 도입에 시간이 다소 걸려 초기 일정에 부담이 있었습니다.
R000655,2025H2,X-0020,DP0046,DP0051,2025-12-15,공공기관 무 공공데이터 개방 플랫폼 구축 업무에서 함께 일하며 많은 도움을 받았습니다. 운영 중 긴급 장애가 났을 때 침착하게 상황을 정리하고 복구를 주도했습니다. 처음 합류한 인원들과도 금방 어울려 팀 분위기를 부드럽게 만들어 주었습니다. 고객의 급한 요청에도 차분하게 대응해 신뢰를 얻었고 추가 요구 협상도 잘 이끌었습니다. 테스트 기준을 스스로 높게 잡아 운영 이관 후 장애가 거의 없었습니다.,새 기술 도입에 시간이 다소 걸려 초기 일정에 부담이 있었습니다. 또한 창의성 측면도 보완하면 더 좋겠습니다.
R000656,2025H2,X-0020,DP0021,DP0051,2025-12-15,공공기관 무 공공데이터 개방 플랫폼 구축을(를) 진행하는 동안 공공 고객 환경을 잘 이해하고 안정적으로 수행했습니다. 개선 아이디어를 적극적으로 제안하고 직접 시범 적용까지 해 보였습니다. 고객의 급한 요청에도 차분하게 대응해 신뢰를 얻었고 추가 요구 협상도 잘 이끌었습니다. 운영 중 긴급 장애가 났을 때 침착하게 상황을 정리하고 복구를 주도했습니다. 산출물과 설정값을 꼼꼼하게 대조해 배포 전 결함을 여러 건 미리 잡아냈습니다.,새 기술 도입에 시간이 다소 걸려 초기 일정에 부담이 있었습니다.
R000657,2025H2,X-0020,DP0081,DP0051,2025-12-15,공공기관 무 공공데이터 개방 플랫폼 구축 업무에서 함께 일하며 많은 도움을 받았습니다. 신규 인원에게 업무 맥락을 차근차근 설명해 적응 기간을 크게 줄여 주었습니다.,Kafka 심화 영역에서는 판단 근거가 부족한 경우가 있어 추가 학습이 필요해 보입니다. 또한 창의성 측면도 보완하면 더 좋겠습니다.
R000658,2025H2,X-0020,DP0063,DP0051,2025-12-15,공공기관 무 공공데이터 개방 플랫폼 구축 업무에서 함께 일하며 많은 도움을 받았습니다. 데이터 정제의 핵심 기능을 직접 설계하며 요구사항을 구조화하는 기획력이 돋보였습니다. 코드 리뷰에서 품질 기준을 일관되게 지켜 팀의 결과물 수준을 끌어올렸습니다. 운영 중 긴급 장애가 났을 때 침착하게 상황을 정리하고 복구를 주도했습니다. 고객의 급한 요청에도 차분하게 대응해 신뢰를 얻었고 추가 요구 협상도 잘 이끌었습니다.,다만 경계가 애매한 업무는 먼저 맡으려 하지 않는 경우가 있어 주인 의식을 조금 더 보여 주면 좋겠습니다. 또한 전문성 측면도 보완하면 더 좋겠습니다.
R000659,2025H2,X-0055,DP0032,DP0052,2025-12-15,계열사 O 데이터 레이크 고도화을(를) 진행하는 동안 그룹사(대내) 고객 환경을 잘 이해하고 안정적으로 수행했습니다. 신규 인원에게 업무 맥락을 차근차근 설명해 적응 기간을 크게 줄여 주었습니다.,변경 사항 문서화가 늦어 인수인계 때 다시 확인해야 하는 일이 있었습니다. 또한 기획력 측면도 보완하면 더 좋겠습니다.
R000660,2025H2,X-0055,DP0040,DP0052,2025-12-15,계열사 O 데이터 레이크 고도화 수행 기간 동안 팀의 핵심 인력으로 활약했습니다. 데이터 표준화의 핵심 기능을 직접 설계하며 요구사항을 구조화하는 기획력이 돋보였습니다. 제약이 많은 상황에서도 새로운 접근을 찾아내 고객의 호평을 받았습니다. 코드 리뷰에서 품질 기준을 일관되게 지켜 팀의 결과물 수준을 끌어올렸습니다.,세부 설정값 검토가 빠져 배포 후 수정이 생긴 적이 있었습니다.
R000661,2025H2,X-0055,DP0065,DP0052,2025-12-15,계열사 O 데이터 레이크 고도화 업무에서 함께 일하며 많은 도움을 받았습니다. 매일 진행 상황을 꾸준히 공유하고 반복 점검 업무도 빠짐없이 챙겨 신뢰가 갔습니다. 주니어의 코드 리뷰에 이유까지 설명해 주어 팀의 성장에 기여했습니다. 제약이 많은 상황에서도 새로운 접근을 찾아내 고객의 호평을 받았습니다. 고객사 현업 담당자의 불만을 경청하고 대안을 제시해 관계를 개선했습니다.,Kafka 심화 영역에서는 판단 근거가 부족한 경우가 있어 추가 학습이 필요해 보입니다. 또한 기획력 측면도 보완하면 더 좋겠습니다.
R000662,2025H2,X-0055,DP0009,DP0052,2025-12-15,계열사 O 데이터 레이크 고도화 업무에서 함께 일하며 많은 도움을 받았습니다. 작업량을 현실적으로 추정해 일정 계획의 정확도를 높였습니다.,다만 경계가 애매한 업무는 먼저 맡으려 하지 않는 경우가 있어 주인 의식을 조금 더 보여 주면 좋겠습니다.
R000663,2025H2,X-0055,DP0020,DP0052,2025-12-15,계열사 O 데이터 레이크 고도화 업무에서 함께 일하며 많은 도움을 받았습니다. 주니어의 코드 리뷰에 이유까지 설명해 주어 팀의 성장에 기여했습니다. 매일 진행 상황을 꾸준히 공유하고 반복 점검 업무도 빠짐없이 챙겨 신뢰가 갔습니다. 고객의 급한 요청에도 차분하게 대응해 신뢰를 얻었고 추가 요구 협상도 잘 이끌었습니다.,다만 경계가 애매한 업무는 먼저 맡으려 하지 않는 경우가 있어 주인 의식을 조금 더 보여 주면 좋겠습니다. 또한 기획력 측면도 보완하면 더 좋겠습니다.
R000664,2025H2,X-0055,DP0022,DP0052,2025-12-15,계열사 O 데이터 레이크 고도화을(를) 진행하는 동안 그룹사(대내) 고객 환경을 잘 이해하고 안정적으로 수행했습니다. Private Cloud 분야의 깊은 전문성으로 설계 단계에서 기술적 리스크를 먼저 짚어 냈습니다. 매일 진행 상황을 꾸준히 공유하고 반복 점검 업무도 빠짐없이 챙겨 신뢰가 갔습니다. 고객의 급한 요청에도 차분하게 대응해 신뢰를 얻었고 추가 요구 협상도 잘 이끌었습니다. 검수 체크리스트를 촘촘하게 운영해 고객 검수에서 지적이 거의 나오지 않았습니다. 그 밖에도 친화력 측면에서 좋은 모습을 보였습니다.,다만 경계가 애매한 업무는 먼저 맡으려 하지 않는 경우가 있어 주인 의식을 조금 더 보여 주면 좋겠습니다.
R000665,2025H2,X-0001,DP0079,DP0053,2025-12-15,금융사 가2 비정형 문서 메타데이터 전환 업무에서 함께 일하며 많은 도움을 받았습니다. 운영 중 긴급 장애가 났을 때 침착하게 상황을 정리하고 복구를 주도했습니다. 고객사와 개발팀 사이에서 요구사항을 명확히 전달해 재작업을 크게 줄였습니다.,세부 설정값 검토가 빠져 배포 후 수정이 생긴 적이 있었습니다. 또한 학습력 측면도 보완하면 더 좋겠습니다.
R000666,2025H2,X-0001,DP0090,DP0053,2025-12-15,금융사 가2 비정형 문서 메타데이터 전환을(를) 진행하는 동안 금융 고객 환경을 잘 이해하고 안정적으로 수행했습니다. 고객의 모호한 요구를 단계별 실행 계획으로 정리해 범위 변경을 줄였습니다. 코드 리뷰에서 품질 기준을 일관되게 지켜 팀의 결과물 수준을 끌어올렸습니다.,"알고 있는 노하우를 팀에 공유하는 빈도가 낮아 지식이 한 사람에게 몰렸습니다. 또한 친화력, 꼼꼼함 측면도 보완하면 더 좋겠습니다."
R000667,2025H2,X-0001,DP0004,DP0053,2025-12-15,금융사 가2 비정형 문서 메타데이터 전환을(를) 진행하는 동안 금융 고객 환경을 잘 이해하고 안정적으로 수행했습니다. 운영 중 긴급 장애가 났을 때 침착하게 상황을 정리하고 복구를 주도했습니다. 메타데이터 설계의 핵심 기능을 직접 설계하며 요구사항을 구조화하는 기획력이 돋보였습니다. 고객의 급한 요청에도 차분하게 대응해 신뢰를 얻었고 추가 요구 협상도 잘 이끌었습니다. 개선 아이디어를 적극적으로 제안하고 직접 시범 적용까지 해 보였습니다.,"테스트 범위를 좁게 잡아 회귀 결함이 뒤늦게 발견된 적이 있었습니다. 또한 책임감, 꼼꼼함 측면도 보완하면 더 좋겠습니다."
R000668,2025H2,X-0057,DP0084,DP0054,2025-12-15,금융사 카 데이터 마트 구축 수행 기간 동안 팀의 핵심 인력으로 활약했습니다. 검수 체크리스트를 촘촘하게 운영해 고객 검수에서 지적이 거의 나오지 않았습니다. 코드 리뷰에서 품질 기준을 일관되게 지켜 팀의 결과물 수준을 끌어올렸습니다. 막힌 이슈를 작은 단위로 쪼개 가설을 검증하는 방식으로 해결 시간을 크게 단축했습니다.,주니어에게 피드백을 줄 때 이유 설명이 짧아 학습 효과가 제한적이었습니다. 또한 기획력 측면도 보완하면 더 좋겠습니다.
R000669,2025H2,X-0057,DP0094,DP0054,2025-12-15,금융사 카 데이터 마트 구축을(를) 진행하는 동안 금융 고객 환경을 잘 이해하고 안정적으로 수행했습니다. 제약이 많은 상황에서도 새로운 접근을 찾아내 고객의 호평을 받았습니다. 맡은 적재 파이프라인 범위를 끝까지 책임지고 마무리해 팀이 일정 걱정 없이 다음 단계로 넘어갈 수 있었습니다.,긴급 상황에서 우선순위 판단이 늦어 대응이 지연된 적이 있었습니다. 또한 고객대응 측면도 보완하면 더 좋겠습니다.
R000670,2025H2,X-0057,DP0013,DP0054,2025-12-15,금융사 카 데이터 마트 구축을(를) 진행하는 동안 금융 고객 환경을 잘 이해하고 안정적으로 수행했습니다. 고객의 모호한 요구를 단계별 실행 계획으로 정리해 범위 변경을 줄였습니다.,주니어에게 피드백을 줄 때 이유 설명이 짧아 학습 효과가 제한적이었습니다.
R000671,2025H2,X-0057,DP0080,DP0054,2025-12-15,금융사 카 데이터 마트 구축 수행 기간 동안 팀의 핵심 인력으로 활약했습니다. 적재 파이프라인 중 발생한 복합 장애의 근본 원인을 빠르게 찾아 재발 방지책까지 마련했습니다. 제약이 많은 상황에서도 새로운 접근을 찾아내 고객의 호평을 받았습니다. 맡은 적재 파이프라인 범위를 끝까지 책임지고 마무리해 팀이 일정 걱정 없이 다음 단계로 넘어갈 수 있었습니다. 메타데이터 관리 관련 이슈가 생길 때마다 정확한 판단으로 해결 방향을 제시해 팀의 기준점이 되었습니다. 그 밖에도 리더십 측면에서 좋은 모습을 보였습니다.,새로운 과제에는 먼저 나서기보다 지켜보는 편이라 조금 더 적극적이면 좋겠습니다.
R000672,2025H2,X-0010,DP0095,DP0054,2025-12-15,계열사 D 데이터 레이크 고도화 업무에서 함께 일하며 많은 도움을 받았습니다. 막힌 이슈를 작은 단위로 쪼개 가설을 검증하는 방식으로 해결 시간을 크게 단축했습니다.,주니어에게 피드백을 줄 때 이유 설명이 짧아 학습 효과가 제한적이었습니다. 또한 적극성 측면도 보완하면 더 좋겠습니다.
R000673,2025H2,X-0010,DP0007,DP0054,2025-12-15,계열사 D 데이터 레이크 고도화 업무에서 함께 일하며 많은 도움을 받았습니다. 제약이 많은 상황에서도 새로운 접근을 찾아내 고객의 호평을 받았습니다. 막힌 이슈를 작은 단위로 쪼개 가설을 검증하는 방식으로 해결 시간을 크게 단축했습니다.,새로운 과제에는 먼저 나서기보다 지켜보는 편이라 조금 더 적극적이면 좋겠습니다. 또한 꼼꼼함 측면도 보완하면 더 좋겠습니다.
R000674,2025H2,X-0073,DP0023,DP0055,2025-12-15,계열사 T 데이터 레이크 고도화을(를) 진행하는 동안 그룹사(대내) 고객 환경을 잘 이해하고 안정적으로 수행했습니다. 고객사와 개발팀 사이에서 요구사항을 명확히 전달해 재작업을 크게 줄였습니다. 설계 의도와 운영 절차를 잘 정리해 두어 인수인계가 매끄러웠습니다.,"새로 합류한 인원과 거리감이 있어 초기 협업이 다소 더뎠습니다. 또한 멘토링, 협업 측면도 보완하면 더 좋겠습니다."
R000675,2025H2,X-0006,DP0027,DP0055,2025-12-15,금융사 바2 차세대 데이터 플랫폼 구축 업무에서 함께 일하며 많은 도움을 받았습니다. 신규 인원에게 업무 맥락을 차근차근 설명해 적응 기간을 크게 줄여 주었습니다. 설계 의도와 운영 절차를 잘 정리해 두어 인수인계가 매끄러웠습니다. 메타데이터 설계의 핵심 기능을 직접 설계하며 요구사항을 구조화하는 기획력이 돋보였습니다.,"기존 방식에 익숙해 새로운 대안을 검토하는 데는 소극적이었습니다. 또한 협업, 친화력 측면도 보완하면 더 좋겠습니다."
R000676,2025H2,X-0073,DP0013,DP0055,2025-12-15,계열사 T 데이터 레이크 고도화을(를) 진행하는 동안 그룹사(대내) 고객 환경을 잘 이해하고 안정적으로 수행했습니다. 고객사와 개발팀 사이에서 요구사항을 명확히 전달해 재작업을 크게 줄였습니다.,작업량 추정이 낙관적이어서 일정이 밀린 적이 몇 번 있었습니다. 또한 멘토링 측면도 보완하면 더 좋겠습니다.
R000677,2025H2,X-0073,DP0002,DP0055,2025-12-15,계열사 T 데이터 레이크 고도화 업무에서 함께 일하며 많은 도움을 받았습니다. Text Analysis 노하우를 문서와 짧은 세션으로 공유해 팀 전체의 수준을 끌어올렸습니다. 검수 체크리스트를 촘촘하게 운영해 고객 검수에서 지적이 거의 나오지 않았습니다. 매일 진행 상황을 꾸준히 공유하고 반복 점검 업무도 빠짐없이 챙겨 신뢰가 갔습니다.,"고객의 갑작스러운 요청에 방어적으로 대응해 협의가 길어진 적이 있었습니다. 또한 협업, 친화력 측면도 보완하면 더 좋겠습니다."
R000678,2025H2,X-0006,DP0082,DP0055,2025-12-15,금융사 바2 차세대 데이터 플랫폼 구축 수행 기간 동안 팀의 핵심 인력으로 활약했습니다. 설계 의도와 운영 절차를 잘 정리해 두어 인수인계가 매끄러웠습니다. 검수 체크리스트를 촘촘하게 운영해 고객 검수에서 지적이 거의 나오지 않았습니다.,기존 방식에 익숙해 새로운 대안을 검토하는 데는 소극적이었습니다. 또한 위기대응 측면도 보완하면 더 좋겠습니다.
R000679,2025H2,X-0073,DP0048,DP0055,2025-12-15,계열사 T 데이터 레이크 고도화을(를) 진행하는 동안 그룹사(대내) 고객 환경을 잘 이해하고 안정적으로 수행했습니다. 데이터·개발·운영 담당 사이의 연결고리 역할을 맡아 협업 병목을 풀어 주었습니다. 일정이 크게 흔들린 시점에 대응 계획을 빠르게 세워 위기를 넘겼습니다. 회의 때마다 쟁점을 쉽게 정리해 이해관계자들의 합의를 빠르게 이끌었습니다.,"새로운 과제에는 먼저 나서기보다 지켜보는 편이라 조금 더 적극적이면 좋겠습니다. 또한 창의성, 친화력 측면도 보완하면 더 좋겠습니다."
R000680,2025H2,X-0003,DP0043,DP0056,2025-12-15,계열사 H 데이터 거버넌스 구축을(를) 진행하는 동안 그룹사(대내) 고객 환경을 잘 이해하고 안정적으로 수행했습니다. 일정이 흔들릴 때 우선순위를 다시 세우고 팀을 안정적으로 이끌었습니다. 고객의 모호한 요구를 단계별 실행 계획으로 정리해 범위 변경을 줄였습니다.,반복 점검 업무를 마감 직전까지 미루는 경우가 있어 꾸준함이 조금 아쉬웠습니다. 또한 전문성 측면도 보완하면 더 좋겠습니다.
R000681,2025H2,X-0020,DP0017,DP0056,2025-12-15,공공기관 무 공공데이터 개방 플랫폼 구축 업무에서 함께 일하며 많은 도움을 받았습니다. 다른 파트의 일정까지 살피며 먼저 도움을 제안해 팀 전체 속도를 끌어올렸습니다. 고객의 모호한 요구를 단계별 실행 계획으로 정리해 범위 변경을 줄였습니다. 설계 의도와 운영 절차를 잘 정리해 두어 인수인계가 매끄러웠습니다.,새로 합류한 인원과 거리감이 있어 초기 협업이 다소 더뎠습니다. 또한 학습력 측면도 보완하면 더 좋겠습니다.
R000682,2025H2,X-0020,DP0063,DP0056,2025-12-15,공공기관 무 공공데이터 개방 플랫폼 구축을(를) 진행하는 동안 공공 고객 환경을 잘 이해하고 안정적으로 수행했습니다. 고객의 모호한 요구를 단계별 실행 계획으로 정리해 범위 변경을 줄였습니다. 다른 파트의 일정까지 살피며 먼저 도움을 제안해 팀 전체 속도를 끌어올렸습니다. 처음 접한 ETL도 짧은 시간에 익혀 바로 실무에 적용했습니다.,반복 점검 업무를 마감 직전까지 미루는 경우가 있어 꾸준함이 조금 아쉬웠습니다.
R000683,2025H2,X-0003,DP0021,DP0056,2025-12-15,계열사 H 데이터 거버넌스 구축 업무에서 함께 일하며 많은 도움을 받았습니다. 일정이 크게 흔들린 시점에 대응 계획을 빠르게 세워 위기를 넘겼습니다. 처음 접한 Kafka도 짧은 시간에 익혀 바로 실무에 적용했습니다. 변경 이력과 의사결정 배경을 꾸준히 기록해 고객 보고에 큰 도움이 되었습니다.,테스트 범위를 좁게 잡아 회귀 결함이 뒤늦게 발견된 적이 있었습니다.
R000684,2025H2,X-0006,DP0075,DP0056,2025-12-15,금융사 바2 차세대 데이터 플랫폼 구축을(를) 진행하는 동안 금융 고객 환경을 잘 이해하고 안정적으로 수행했습니다. 변경 이력과 의사결정 배경을 꾸준히 기록해 고객 보고에 큰 도움이 되었습니다.,반복 점검 업무를 마감 직전까지 미루는 경우가 있어 꾸준함이 조금 아쉬웠습니다. 또한 전문성 측면도 보완하면 더 좋겠습니다.
R000685,2025H2,X-0003,DP0056,DP0057,2025-12-15,계열사 H 데이터 거버넌스 구축 업무에서 함께 일하며 많은 도움을 받았습니다. 개선 아이디어를 적극적으로 제안하고 직접 시범 적용까지 해 보였습니다. 테스트 기준을 스스로 높게 잡아 운영 이관 후 장애가 거의 없었습니다.,"요구사항을 구조화하기 전에 구현부터 시작하는 경우가 있어 사전 기획을 보완하면 좋겠습니다. 또한 학습력, 협업, 리더십 측면도 보완하면 더 좋겠습니다."
R000686,2025H2,X-0003,DP0006,DP0057,2025-12-15,계열사 H 데이터 거버넌스 구축 수행 기간 동안 팀의 핵심 인력으로 활약했습니다. 코드 리뷰에서 품질 기준을 일관되게 지켜 팀의 결과물 수준을 끌어올렸습니다.,"요구사항을 구조화하기 전에 구현부터 시작하는 경우가 있어 사전 기획을 보완하면 좋겠습니다. 또한 리더십, 문제해결 측면도 보완하면 더 좋겠습니다."
R000687,2025H2,X-0001,DP0053,DP0057,2025-12-15,금융사 가2 비정형 문서 메타데이터 전환을(를) 진행하는 동안 금융 고객 환경을 잘 이해하고 안정적으로 수행했습니다. 고객의 급한 요청에도 차분하게 대응해 신뢰를 얻었고 추가 요구 협상도 잘 이끌었습니다. 고객사 담당자와도 편하게 소통하는 친화력 덕분에 협의가 한결 수월했습니다. 코드 리뷰에서 품질 기준을 일관되게 지켜 팀의 결과물 수준을 끌어올렸습니다.,"의견이 엇갈릴 때 방향을 정리해 주는 역할은 조금 더 기대됩니다. 또한 기획력, 협업, 문제해결 측면도 보완하면 더 좋겠습니다."
R000688,2025H2,X-0001,DP0091,DP0057,2025-12-15,금융사 가2 비정형 문서 메타데이터 전환 업무에서 함께 일하며 많은 도움을 받았습니다. 코드 리뷰에서 품질 기준을 일관되게 지켜 팀의 결과물 수준을 끌어올렸습니다. 새로운 요구가 생기면 먼저 손을 들고 나서서 초기 검토를 맡아 주었습니다.,긴급 상황에서 우선순위 판단이 늦어 대응이 지연된 적이 있었습니다.
R000689,2025H2,X-0003,DP0100,DP0057,2025-12-15,계열사 H 데이터 거버넌스 구축을(를) 진행하는 동안 그룹사(대내) 고객 환경을 잘 이해하고 안정적으로 수행했습니다. 직접 겪은 시행착오를 정리해 공유해 다른 팀원들이 같은 실수를 피할 수 있었습니다. 고객사 담당자와도 편하게 소통하는 친화력 덕분에 협의가 한결 수월했습니다. 제약이 많은 상황에서도 새로운 접근을 찾아내 고객의 호평을 받았습니다.,"의견이 엇갈릴 때 방향을 정리해 주는 역할은 조금 더 기대됩니다. 또한 기획력, 문제해결, 협업 측면도 보완하면 더 좋겠습니다."
R000690,2025H2,X-0003,DP0004,DP0057,2025-12-15,계열사 H 데이터 거버넌스 구축 업무에서 함께 일하며 많은 도움을 받았습니다. 코드 리뷰에서 품질 기준을 일관되게 지켜 팀의 결과물 수준을 끌어올렸습니다. 처음 합류한 인원들과도 금방 어울려 팀 분위기를 부드럽게 만들어 주었습니다.,"의견이 엇갈릴 때 방향을 정리해 주는 역할은 조금 더 기대됩니다. 또한 기획력, 문제해결 측면도 보완하면 더 좋겠습니다."
R000691,2025H2,X-0020,DP0088,DP0058,2025-12-15,공공기관 무 공공데이터 개방 플랫폼 구축을(를) 진행하는 동안 공공 고객 환경을 잘 이해하고 안정적으로 수행했습니다. 개선 아이디어를 적극적으로 제안하고 직접 시범 적용까지 해 보였습니다. 고객사와 개발팀 사이에서 요구사항을 명확히 전달해 재작업을 크게 줄였습니다. 검색엔진 분야의 깊은 전문성으로 설계 단계에서 기술적 리스크를 먼저 짚어 냈습니다.,다만 경계가 애매한 업무는 먼저 맡으려 하지 않는 경우가 있어 주인 의식을 조금 더 보여 주면 좋겠습니다.
R000692,2025H2,X-0020,DP0046,DP0058,2025-12-15,공공기관 무 공공데이터 개방 플랫폼 구축 수행 기간 동안 팀의 핵심 인력으로 활약했습니다. 데이터 정제 중 발생한 복합 장애의 근본 원인을 빠르게 찾아 재발 방지책까지 마련했습니다. 새 도메인 지식을 빠르게 흡수해 투입 초기부터 제 몫을 해냈습니다. 고객사 현업 담당자의 불만을 경청하고 대안을 제시해 관계를 개선했습니다. 운영 중 긴급 장애가 났을 때 침착하게 상황을 정리하고 복구를 주도했습니다.,본인 범위에 집중하다 보니 다른 파트와의 연계가 늦어지는 경우가 있었습니다.
R000693,2025H2,X-0084,DP0089,DP0058,2025-12-15,계열사 X 데이터 레이크 고도화 수행 기간 동안 팀의 핵심 인력으로 활약했습니다. 코드 리뷰에서 품질 기준을 일관되게 지켜 팀의 결과물 수준을 끌어올렸습니다. 회의 때마다 쟁점을 쉽게 정리해 이해관계자들의 합의를 빠르게 이끌었습니다. 일정이 크게 흔들린 시점에 대응 계획을 빠르게 세워 위기를 넘겼습니다. 데이터·개발·운영 담당 사이의 연결고리 역할을 맡아 협업 병목을 풀어 주었습니다.,요구사항을 구조화하기 전에 구현부터 시작하는 경우가 있어 사전 기획을 보완하면 좋겠습니다.
R000694,2025H2,X-0020,DP0068,DP0058,2025-12-15,공공기관 무 공공데이터 개방 플랫폼 구축을(를) 진행하는 동안 공공 고객 환경을 잘 이해하고 안정적으로 수행했습니다. 데이터·개발·운영 담당 사이의 연결고리 역할을 맡아 협업 병목을 풀어 주었습니다. 신규 인원에게 업무 맥락을 차근차근 설명해 적응 기간을 크게 줄여 주었습니다. ETL 분야의 깊은 전문성으로 설계 단계에서 기술적 리스크를 먼저 짚어 냈습니다. 막힌 이슈를 작은 단위로 쪼개 가설을 검증하는 방식으로 해결 시간을 크게 단축했습니다. 그 밖에도 소통 측면에서 좋은 모습을 보였습니다.,변경 사항 문서화가 늦어 인수인계 때 다시 확인해야 하는 일이 있었습니다.
R000695,2025H2,X-0020,DP0019,DP0058,2025-12-15,공공기관 무 공공데이터 개방 플랫폼 구축 수행 기간 동안 팀의 핵심 인력으로 활약했습니다. 고객사 담당자와도 편하게 소통하는 친화력 덕분에 협의가 한결 수월했습니다. 신규 인원에게 업무 맥락을 차근차근 설명해 적응 기간을 크게 줄여 주었습니다. 검색엔진 분야의 깊은 전문성으로 설계 단계에서 기술적 리스크를 먼저 짚어 냈습니다. 데이터·개발·운영 담당 사이의 연결고리 역할을 맡아 협업 병목을 풀어 주었습니다. 그 밖에도 창의성 측면에서 좋은 모습을 보였습니다.,새로운 과제에는 먼저 나서기보다 지켜보는 편이라 조금 더 적극적이면 좋겠습니다.
R000696,2025H2,X-0057,DP0031,DP0059,2025-12-15,금융사 카 데이터 마트 구축 수행 기간 동안 팀의 핵심 인력으로 활약했습니다. Spark 관련 이슈가 생길 때마다 정확한 판단으로 해결 방향을 제시해 팀의 기준점이 되었습니다. 고객사와 개발팀 사이에서 요구사항을 명확히 전달해 재작업을 크게 줄였습니다. 막힌 이슈를 작은 단위로 쪼개 가설을 검증하는 방식으로 해결 시간을 크게 단축했습니다. 데이터·개발·운영 담당 사이의 연결고리 역할을 맡아 협업 병목을 풀어 주었습니다.,세부 설정값 검토가 빠져 배포 후 수정이 생긴 적이 있었습니다. 또한 고객대응 측면도 보완하면 더 좋겠습니다.
R000697,2025H2,X-0057,DP0084,DP0059,2025-12-15,금융사 카 데이터 마트 구축 수행 기간 동안 팀의 핵심 인력으로 활약했습니다. 눈에 잘 띄지 않는 적재 파이프라인 작업도 성실하게 처리해 품질 기반을 다져 주었습니다. 일정이 흔들릴 때 우선순위를 다시 세우고 팀을 안정적으로 이끌었습니다. 다른 파트의 일정까지 살피며 먼저 도움을 제안해 팀 전체 속도를 끌어올렸습니다. 막힌 이슈를 작은 단위로 쪼개 가설을 검증하는 방식으로 해결 시간을 크게 단축했습니다. 그 밖에도 전문성 측면에서 좋은 모습을 보였습니다.,주니어에게 피드백을 줄 때 이유 설명이 짧아 학습 효과가 제한적이었습니다.
R000698,2025H2,X-0057,DP0001,DP0059,2025-12-15,금융사 카 데이터 마트 구축을(를) 진행하는 동안 금융 고객 환경을 잘 이해하고 안정적으로 수행했습니다. 눈에 잘 띄지 않는 적재 파이프라인 작업도 성실하게 처리해 품질 기반을 다져 주었습니다. 데이터·개발·운영 담당 사이의 연결고리 역할을 맡아 협업 병목을 풀어 주었습니다. Kafka 분야의 깊은 전문성으로 설계 단계에서 기술적 리스크를 먼저 짚어 냈습니다. 막힌 이슈를 작은 단위로 쪼개 가설을 검증하는 방식으로 해결 시간을 크게 단축했습니다. 그 밖에도 리더십 측면에서 좋은 모습을 보였습니다.,새로운 과제에는 먼저 나서기보다 지켜보는 편이라 조금 더 적극적이면 좋겠습니다. 또한 기획력 측면도 보완하면 더 좋겠습니다.
R000699,2025H2,X-0083,DP0014,DP0060,2025-12-15,금융사 사 차세대 데이터 플랫폼 구축 수행 기간 동안 팀의 핵심 인력으로 활약했습니다. 직접 겪은 시행착오를 정리해 공유해 다른 팀원들이 같은 실수를 피할 수 있었습니다. 맡은 데이터 이관 범위를 끝까지 책임지고 마무리해 팀이 일정 걱정 없이 다음 단계로 넘어갈 수 있었습니다. 코드 리뷰에서 품질 기준을 일관되게 지켜 팀의 결과물 수준을 끌어올렸습니다. 개선 아이디어를 적극적으로 제안하고 직접 시범 적용까지 해 보였습니다.,요구사항을 구조화하기 전에 구현부터 시작하는 경우가 있어 사전 기획을 보완하면 좋겠습니다.
R000700,2025H2,X-0083,DP0015,DP0060,2025-12-15,금융사 사 차세대 데이터 플랫폼 구축 업무에서 함께 일하며 많은 도움을 받았습니다. 개선 아이디어를 적극적으로 제안하고 직접 시범 적용까지 해 보였습니다. 처음 합류한 인원들과도 금방 어울려 팀 분위기를 부드럽게 만들어 주었습니다. 주니어의 코드 리뷰에 이유까지 설명해 주어 팀의 성장에 기여했습니다. 직접 겪은 시행착오를 정리해 공유해 다른 팀원들이 같은 실수를 피할 수 있었습니다.,진행 상황 공유가 늦어 다른 담당자가 뒤늦게 파악하는 일이 있었습니다. 또한 일정관리 측면도 보완하면 더 좋겠습니다.
R000701,2025H2,X-0087,DP0093,DP0060,2025-12-15,금융사 자 차세대 데이터 플랫폼 구축 수행 기간 동안 팀의 핵심 인력으로 활약했습니다. 맡은 적재 파이프라인 범위를 끝까지 책임지고 마무리해 팀이 일정 걱정 없이 다음 단계로 넘어갈 수 있었습니다. 메타데이터 관리 분야의 깊은 전문성으로 설계 단계에서 기술적 리스크를 먼저 짚어 냈습니다. 테스트 기준을 스스로 높게 잡아 운영 이관 후 장애가 거의 없었습니다. 새로운 요구가 생기면 먼저 손을 들고 나서서 초기 검토를 맡아 주었습니다. 그 밖에도 기술공유 측면에서 좋은 모습을 보였습니다.,의견이 엇갈릴 때 방향을 정리해 주는 역할은 조금 더 기대됩니다.
R000702,2025H2,X-0083,DP0038,DP0060,2025-12-15,금융사 사 차세대 데이터 플랫폼 구축을(를) 진행하는 동안 금융 고객 환경을 잘 이해하고 안정적으로 수행했습니다. 문제가 생겼을 때 남에게 미루지 않고 본인 일처럼 책임지고 원인을 정리해 주었습니다. 데이터 모델링 관련 이슈가 생길 때마다 정확한 판단으로 해결 방향을 제시해 팀의 기준점이 되었습니다. 테스트 기준을 스스로 높게 잡아 운영 이관 후 장애가 거의 없었습니다. 개선 아이디어를 적극적으로 제안하고 직접 시범 적용까지 해 보였습니다. 그 밖에도 기술공유 측면에서 좋은 모습을 보였습니다.,요구사항을 구조화하기 전에 구현부터 시작하는 경우가 있어 사전 기획을 보완하면 좋겠습니다. 또한 위기대응 측면도 보완하면 더 좋겠습니다.
R000703,2025H2,X-0083,DP0079,DP0060,2025-12-15,금융사 사 차세대 데이터 플랫폼 구축 수행 기간 동안 팀의 핵심 인력으로 활약했습니다. 메타데이터 관리 관련 이슈가 생길 때마다 정확한 판단으로 해결 방향을 제시해 팀의 기준점이 되었습니다. 맡은 데이터 이관 범위를 끝까지 책임지고 마무리해 팀이 일정 걱정 없이 다음 단계로 넘어갈 수 있었습니다. 새로운 요구가 생기면 먼저 손을 들고 나서서 초기 검토를 맡아 주었습니다. 메타데이터 관리 노하우를 문서와 짧은 세션으로 공유해 팀 전체의 수준을 끌어올렸습니다.,세부 설정값 검토가 빠져 배포 후 수정이 생긴 적이 있었습니다. 또한 리더십 측면도 보완하면 더 좋겠습니다.
R000704,2025H2,X-0083,DP0004,DP0060,2025-12-15,금융사 사 차세대 데이터 플랫폼 구축 업무에서 함께 일하며 많은 도움을 받았습니다. Data Lake & Data Catalog 분야의 깊은 전문성으로 설계 단계에서 기술적 리스크를 먼저 짚어 냈습니다. 새로운 요구가 생기면 먼저 손을 들고 나서서 초기 검토를 맡아 주었습니다. 문제가 생겼을 때 남에게 미루지 않고 본인 일처럼 책임지고 원인을 정리해 주었습니다.,알고 있는 노하우를 팀에 공유하는 빈도가 낮아 지식이 한 사람에게 몰렸습니다. 또한 친화력 측면도 보완하면 더 좋겠습니다.
R000705,2025H2,X-0001,DP0080,DP0061,2025-12-15,금융사 가2 비정형 문서 메타데이터 전환을(를) 진행하는 동안 금융 고객 환경을 잘 이해하고 안정적으로 수행했습니다. 코드 리뷰에서 품질 기준을 일관되게 지켜 팀의 결과물 수준을 끌어올렸습니다. 마일스톤별 위험 요소를 미리 관리해 메타데이터 설계 일정을 한 번도 놓치지 않았습니다. 막힌 이슈를 작은 단위로 쪼개 가설을 검증하는 방식으로 해결 시간을 크게 단축했습니다. 회의 때마다 쟁점을 쉽게 정리해 이해관계자들의 합의를 빠르게 이끌었습니다.,반복 점검 업무를 마감 직전까지 미루는 경우가 있어 꾸준함이 조금 아쉬웠습니다.
R000706,2025H2,X-0001,DP0094,DP0061,2025-12-15,금융사 가2 비정형 문서 메타데이터 전환 수행 기간 동안 팀의 핵심 인력으로 활약했습니다. 테스트 기준을 스스로 높게 잡아 운영 이관 후 장애가 거의 없었습니다. 고객사와 개발팀 사이에서 요구사항을 명확히 전달해 재작업을 크게 줄였습니다. 메타데이터 설계의 핵심 기능을 직접 설계하며 요구사항을 구조화하는 기획력이 돋보였습니다.,"본인 범위에 집중하다 보니 다른 파트와의 연계가 늦어지는 경우가 있었습니다. 또한 학습력, 성실 측면도 보완하면 더 좋겠습니다."
R000707,2025H2,X-0001,DP0091,DP0061,2025-12-15,금융사 가2 비정형 문서 메타데이터 전환을(를) 진행하는 동안 금융 고객 환경을 잘 이해하고 안정적으로 수행했습니다. 마일스톤별 위험 요소를 미리 관리해 메타데이터 설계 일정을 한 번도 놓치지 않았습니다. 테스트 기준을 스스로 높게 잡아 운영 이관 후 장애가 거의 없었습니다. 고객의 급한 요청에도 차분하게 대응해 신뢰를 얻었고 추가 요구 협상도 잘 이끌었습니다.,새 기술 도입에 시간이 다소 걸려 초기 일정에 부담이 있었습니다.
R000708,2025H2,X-0001,DP0050,DP0061,2025-12-15,금융사 가2 비정형 문서 메타데이터 전환 업무에서 함께 일하며 많은 도움을 받았습니다. 작업량을 현실적으로 추정해 일정 계획의 정확도를 높였습니다. 고객사 현업 담당자의 불만을 경청하고 대안을 제시해 관계를 개선했습니다.,의견이 엇갈릴 때 방향을 정리해 주는 역할은 조금 더 기대됩니다.
R000709,2025H2,X-0006,DP0049,DP0062,2025-12-15,금융사 바2 차세대 데이터 플랫폼 구축 업무에서 함께 일하며 많은 도움을 받았습니다. 다른 파트의 일정까지 살피며 먼저 도움을 제안해 팀 전체 속도를 끌어올렸습니다. 제약이 많은 상황에서도 새로운 접근을 찾아내 고객의 호평을 받았습니다. ETL 노하우를 문서와 짧은 세션으로 공유해 팀 전체의 수준을 끌어올렸습니다. 작업량을 현실적으로 추정해 일정 계획의 정확도를 높였습니다.,다만 경계가 애매한 업무는 먼저 맡으려 하지 않는 경우가 있어 주인 의식을 조금 더 보여 주면 좋겠습니다. 또한 성실 측면도 보완하면 더 좋겠습니다.
R000710,2025H2,X-0020,DP0021,DP0062,2025-12-15,공공기관 무 공공데이터 개방 플랫폼 구축 수행 기간 동안 팀의 핵심 인력으로 활약했습니다. 개선 아이디어를 적극적으로 제안하고 직접 시범 적용까지 해 보였습니다. 코드 리뷰에서 품질 기준을 일관되게 지켜 팀의 결과물 수준을 끌어올렸습니다. 일정이 흔들릴 때 우선순위를 다시 세우고 팀을 안정적으로 이끌었습니다.,본인 범위에 집중하다 보니 다른 파트와의 연계가 늦어지는 경우가 있었습니다. 또한 책임감 측면도 보완하면 더 좋겠습니다.
R000711,2025H2,X-0020,DP0051,DP0062,2025-12-15,공공기관 무 공공데이터 개방 플랫폼 구축 업무에서 함께 일하며 많은 도움을 받았습니다. 설계 의도와 운영 절차를 잘 정리해 두어 인수인계가 매끄러웠습니다. 처음 접한 Scala도 짧은 시간에 익혀 바로 실무에 적용했습니다.,반복 점검 업무를 마감 직전까지 미루는 경우가 있어 꾸준함이 조금 아쉬웠습니다. 또한 위기대응 측면도 보완하면 더 좋겠습니다.
R000712,2025H2,X-0006,DP0037,DP0062,2025-12-15,금융사 바2 차세대 데이터 플랫폼 구축 업무에서 함께 일하며 많은 도움을 받았습니다. 막힌 이슈를 작은 단위로 쪼개 가설을 검증하는 방식으로 해결 시간을 크게 단축했습니다. Kafka 분야의 깊은 전문성으로 설계 단계에서 기술적 리스크를 먼저 짚어 냈습니다.,다만 경계가 애매한 업무는 먼저 맡으려 하지 않는 경우가 있어 주인 의식을 조금 더 보여 주면 좋겠습니다. 또한 리더십 측면도 보완하면 더 좋겠습니다.
R000713,2025H2,X-0020,DP0015,DP0062,2025-12-15,공공기관 무 공공데이터 개방 플랫폼 구축 업무에서 함께 일하며 많은 도움을 받았습니다. 마일스톤별 위험 요소를 미리 관리해 데이터 정제 일정을 한 번도 놓치지 않았습니다. 고객사와 개발팀 사이에서 요구사항을 명확히 전달해 재작업을 크게 줄였습니다. 새로운 요구가 생기면 먼저 손을 들고 나서서 초기 검토를 맡아 주었습니다. 눈에 잘 띄지 않는 데이터 정제 작업도 성실하게 처리해 품질 기반을 다져 주었습니다.,다만 경계가 애매한 업무는 먼저 맡으려 하지 않는 경우가 있어 주인 의식을 조금 더 보여 주면 좋겠습니다.
R000714,2025H2,X-0020,DP0022,DP0062,2025-12-15,공공기관 무 공공데이터 개방 플랫폼 구축 업무에서 함께 일하며 많은 도움을 받았습니다. 작업량을 현실적으로 추정해 일정 계획의 정확도를 높였습니다. 개선 아이디어를 적극적으로 제안하고 직접 시범 적용까지 해 보였습니다. 회의 때마다 쟁점을 쉽게 정리해 이해관계자들의 합의를 빠르게 이끌었습니다.,긴급 상황에서 우선순위 판단이 늦어 대응이 지연된 적이 있었습니다.
R000715,2025H2,X-0020,DP0066,DP0063,2025-12-15,공공기관 무 공공데이터 개방 플랫폼 구축을(를) 진행하는 동안 공공 고객 환경을 잘 이해하고 안정적으로 수행했습니다. 코드 리뷰에서 품질 기준을 일관되게 지켜 팀의 결과물 수준을 끌어올렸습니다. 데이터 정제 중 발생한 복합 장애의 근본 원인을 빠르게 찾아 재발 방지책까지 마련했습니다. 눈에 잘 띄지 않는 데이터 정제 작업도 성실하게 처리해 품질 기반을 다져 주었습니다.,"변경 사항 문서화가 늦어 인수인계 때 다시 확인해야 하는 일이 있었습니다. 또한 적극성, 창의성, 기획력 측면도 보완하면 더 좋겠습니다."
R000716,2025H2,X-0020,DP0072,DP0063,2025-12-15,공공기관 무 공공데이터 개방 플랫폼 구축을(를) 진행하는 동안 공공 고객 환경을 잘 이해하고 안정적으로 수행했습니다. 눈에 잘 띄지 않는 데이터 정제 작업도 성실하게 처리해 품질 기반을 다져 주었습니다.,"장애 대응 시 임시 조치에 머무는 경우가 있어 근본 원인 분석까지 이어지면 좋겠습니다. 또한 고객대응, 창의성, 적극성 측면도 보완하면 더 좋겠습니다."
R000717,2025H2,X-0020,DP0043,DP0063,2025-12-15,공공기관 무 공공데이터 개방 플랫폼 구축 수행 기간 동안 팀의 핵심 인력으로 활약했습니다. 고객의 급한 요청에도 차분하게 대응해 신뢰를 얻었고 추가 요구 협상도 잘 이끌었습니다. 눈에 잘 띄지 않는 데이터 정제 작업도 성실하게 처리해 품질 기반을 다져 주었습니다.,변경 사항 문서화가 늦어 인수인계 때 다시 확인해야 하는 일이 있었습니다. 또한 창의성 측면도 보완하면 더 좋겠습니다.
R000718,2025H2,X-0020,DP0058,DP0063,2025-12-15,공공기관 무 공공데이터 개방 플랫폼 구축 수행 기간 동안 팀의 핵심 인력으로 활약했습니다. 새 도메인 지식을 빠르게 흡수해 투입 초기부터 제 몫을 해냈습니다. 고객사 담당자와도 편하게 소통하는 친화력 덕분에 협의가 한결 수월했습니다.,"새로운 과제에는 먼저 나서기보다 지켜보는 편이라 조금 더 적극적이면 좋겠습니다. 또한 기획력, 창의성 측면도 보완하면 더 좋겠습니다."
R000719,2025H2,X-0020,DP0088,DP0063,2025-12-15,공공기관 무 공공데이터 개방 플랫폼 구축 수행 기간 동안 팀의 핵심 인력으로 활약했습니다. 운영 중 긴급 장애가 났을 때 침착하게 상황을 정리하고 복구를 주도했습니다.,"요구사항을 구조화하기 전에 구현부터 시작하는 경우가 있어 사전 기획을 보완하면 좋겠습니다. 또한 고객대응, 책임감 측면도 보완하면 더 좋겠습니다."
R000720,2025H2,X-0084,DP0017,DP0064,2025-12-15,계열사 X 데이터 레이크 고도화 업무에서 함께 일하며 많은 도움을 받았습니다. 맡은 카탈로그 구축 범위를 끝까지 책임지고 마무리해 팀이 일정 걱정 없이 다음 단계로 넘어갈 수 있었습니다.,주니어에게 피드백을 줄 때 이유 설명이 짧아 학습 효과가 제한적이었습니다. 또한 적극성 측면도 보완하면 더 좋겠습니다.
R000721,2025H2,X-0084,DP0085,DP0064,2025-12-15,계열사 X 데이터 레이크 고도화 업무에서 함께 일하며 많은 도움을 받았습니다. 마일스톤별 위험 요소를 미리 관리해 카탈로그 구축 일정을 한 번도 놓치지 않았습니다.,변경 사항 문서화가 늦어 인수인계 때 다시 확인해야 하는 일이 있었습니다. 또한 창의성 측면도 보완하면 더 좋겠습니다.
R000722,2025H2,X-0084,DP0044,DP0064,2025-12-15,계열사 X 데이터 레이크 고도화을(를) 진행하는 동안 그룹사(대내) 고객 환경을 잘 이해하고 안정적으로 수행했습니다. 고객사와 개발팀 사이에서 요구사항을 명확히 전달해 재작업을 크게 줄였습니다.,"주니어에게 피드백을 줄 때 이유 설명이 짧아 학습 효과가 제한적이었습니다. 또한 문서화, 기획력 측면도 보완하면 더 좋겠습니다."
R000723,2025H2,X-0084,DP0058,DP0064,2025-12-15,계열사 X 데이터 레이크 고도화을(를) 진행하는 동안 그룹사(대내) 고객 환경을 잘 이해하고 안정적으로 수행했습니다. 고객사 현업 담당자의 불만을 경청하고 대안을 제시해 관계를 개선했습니다. 맡은 카탈로그 구축 범위를 끝까지 책임지고 마무리해 팀이 일정 걱정 없이 다음 단계로 넘어갈 수 있었습니다. 고객의 모호한 요구를 단계별 실행 계획으로 정리해 범위 변경을 줄였습니다. 메타데이터 관리 노하우를 문서와 짧은 세션으로 공유해 팀 전체의 수준을 끌어올렸습니다.,"주니어에게 피드백을 줄 때 이유 설명이 짧아 학습 효과가 제한적이었습니다. 또한 일정관리, 전문성 측면도 보완하면 더 좋겠습니다."
R000724,2025H2,X-0055,DP0041,DP0065,2025-12-15,계열사 O 데이터 레이크 고도화을(를) 진행하는 동안 그룹사(대내) 고객 환경을 잘 이해하고 안정적으로 수행했습니다. 설계 의도와 운영 절차를 잘 정리해 두어 인수인계가 매끄러웠습니다.,기존 방식에 익숙해 새로운 대안을 검토하는 데는 소극적이었습니다. 또한 리더십 측면도 보완하면 더 좋겠습니다.
R000725,2025H2,X-0055,DP0074,DP0065,2025-12-15,계열사 O 데이터 레이크 고도화을(를) 진행하는 동안 그룹사(대내) 고객 환경을 잘 이해하고 안정적으로 수행했습니다. 막힌 이슈를 작은 단위로 쪼개 가설을 검증하는 방식으로 해결 시간을 크게 단축했습니다. 테스트 기준을 스스로 높게 잡아 운영 이관 후 장애가 거의 없었습니다.,반복 점검 업무를 마감 직전까지 미루는 경우가 있어 꾸준함이 조금 아쉬웠습니다. 또한 리더십 측면도 보완하면 더 좋겠습니다.
R000726,2025H2,X-0055,DP0095,DP0065,2025-12-15,계열사 O 데이터 레이크 고도화을(를) 진행하는 동안 그룹사(대내) 고객 환경을 잘 이해하고 안정적으로 수행했습니다. 고객사와 개발팀 사이에서 요구사항을 명확히 전달해 재작업을 크게 줄였습니다. 맡은 데이터 표준화 범위를 끝까지 책임지고 마무리해 팀이 일정 걱정 없이 다음 단계로 넘어갈 수 있었습니다. 막힌 이슈를 작은 단위로 쪼개 가설을 검증하는 방식으로 해결 시간을 크게 단축했습니다.,"기존 방식에 익숙해 새로운 대안을 검토하는 데는 소극적이었습니다. 또한 성실, 기술공유 측면도 보완하면 더 좋겠습니다."
R000727,2025H2,X-0055,DP0020,DP0065,2025-12-15,계열사 O 데이터 레이크 고도화을(를) 진행하는 동안 그룹사(대내) 고객 환경을 잘 이해하고 안정적으로 수행했습니다. 운영 중 긴급 장애가 났을 때 침착하게 상황을 정리하고 복구를 주도했습니다. 고객사와 개발팀 사이에서 요구사항을 명확히 전달해 재작업을 크게 줄였습니다. 막힌 이슈를 작은 단위로 쪼개 가설을 검증하는 방식으로 해결 시간을 크게 단축했습니다.,다만 경계가 애매한 업무는 먼저 맡으려 하지 않는 경우가 있어 주인 의식을 조금 더 보여 주면 좋겠습니다. 또한 창의성 측면도 보완하면 더 좋겠습니다.
R000728,2025H2,X-0020,DP0046,DP0066,2025-12-15,공공기관 무 공공데이터 개방 플랫폼 구축을(를) 진행하는 동안 공공 고객 환경을 잘 이해하고 안정적으로 수행했습니다. 신규 인원에게 업무 맥락을 차근차근 설명해 적응 기간을 크게 줄여 주었습니다. 고객의 급한 요청에도 차분하게 대응해 신뢰를 얻었고 추가 요구 협상도 잘 이끌었습니다. 눈에 잘 띄지 않는 데이터 정제 작업도 성실하게 처리해 품질 기반을 다져 주었습니다.,작업량 추정이 낙관적이어서 일정이 밀린 적이 몇 번 있었습니다. 또한 소통 측면도 보완하면 더 좋겠습니다.
R000729,2025H2,X-0020,DP0022,DP0066,2025-12-15,공공기관 무 공공데이터 개방 플랫폼 구축 업무에서 함께 일하며 많은 도움을 받았습니다. 코드 리뷰에서 품질 기준을 일관되게 지켜 팀의 결과물 수준을 끌어올렸습니다. 새로운 요구가 생기면 먼저 손을 들고 나서서 초기 검토를 맡아 주었습니다. 제약이 많은 상황에서도 새로운 접근을 찾아내 고객의 호평을 받았습니다. 변경 이력과 의사결정 배경을 꾸준히 기록해 고객 보고에 큰 도움이 되었습니다. 그 밖에도 친화력 측면에서 좋은 모습을 보였습니다.,진행 상황 공유가 늦어 다른 담당자가 뒤늦게 파악하는 일이 있었습니다.
R000730,2025H2,X-0020,DP0015,DP0066,2025-12-15,공공기관 무 공공데이터 개방 플랫폼 구축 업무에서 함께 일하며 많은 도움을 받았습니다. 신규 인원에게 업무 맥락을 차근차근 설명해 적응 기간을 크게 줄여 주었습니다. 고객사 담당자와도 편하게 소통하는 친화력 덕분에 협의가 한결 수월했습니다. 개선 아이디어를 적극적으로 제안하고 직접 시범 적용까지 해 보였습니다. 핵심 담당자으로서 팀원 각자의 역량을 파악해 일을 배분하고 끝까지 이끄는 리더십이 뛰어났습니다. 그 밖에도 문서화 측면에서 좋은 모습을 보였습니다.,다만 경계가 애매한 업무는 먼저 맡으려 하지 않는 경우가 있어 주인 의식을 조금 더 보여 주면 좋겠습니다.
R000731,2025H2,X-0057,DP0093,DP0067,2025-12-15,금융사 카 데이터 마트 구축 수행 기간 동안 팀의 핵심 인력으로 활약했습니다. 데이터·개발·운영 담당 사이의 연결고리 역할을 맡아 협업 병목을 풀어 주었습니다. 회의 때마다 쟁점을 쉽게 정리해 이해관계자들의 합의를 빠르게 이끌었습니다. SQL 노하우를 문서와 짧은 세션으로 공유해 팀 전체의 수준을 끌어올렸습니다. 마일스톤별 위험 요소를 미리 관리해 적재 파이프라인 일정을 한 번도 놓치지 않았습니다. 그 밖에도 성실 측면에서 좋은 모습을 보였습니다.,장애 대응 시 임시 조치에 머무는 경우가 있어 근본 원인 분석까지 이어지면 좋겠습니다.
R000732,2025H2,X-0057,DP0001,DP0067,2025-12-15,금융사 카 데이터 마트 구축을(를) 진행하는 동안 금융 고객 환경을 잘 이해하고 안정적으로 수행했습니다. 개선 아이디어를 적극적으로 제안하고 직접 시범 적용까지 해 보였습니다. 다른 파트의 일정까지 살피며 먼저 도움을 제안해 팀 전체 속도를 끌어올렸습니다. 테스트 기준을 스스로 높게 잡아 운영 이관 후 장애가 거의 없었습니다. 마일스톤별 위험 요소를 미리 관리해 적재 파이프라인 일정을 한 번도 놓치지 않았습니다.,긴급 상황에서 우선순위 판단이 늦어 대응이 지연된 적이 있었습니다.
R000733,2025H2,X-0057,DP0080,DP0067,2025-12-15,금융사 카 데이터 마트 구축 업무에서 함께 일하며 많은 도움을 받았습니다. 새로운 요구가 생기면 먼저 손을 들고 나서서 초기 검토를 맡아 주었습니다. 테스트 기준을 스스로 높게 잡아 운영 이관 후 장애가 거의 없었습니다. 데이터·개발·운영 담당 사이의 연결고리 역할을 맡아 협업 병목을 풀어 주었습니다. 매일 진행 상황을 꾸준히 공유하고 반복 점검 업무도 빠짐없이 챙겨 신뢰가 갔습니다. 그 밖에도 일정관리 측면에서 좋은 모습을 보였습니다.,SQL 심화 영역에서는 판단 근거가 부족한 경우가 있어 추가 학습이 필요해 보입니다.
R000734,2025H2,X-0020,DP0062,DP0068,2025-12-15,공공기관 무 공공데이터 개방 플랫폼 구축을(를) 진행하는 동안 공공 고객 환경을 잘 이해하고 안정적으로 수행했습니다. 마일스톤별 위험 요소를 미리 관리해 데이터 정제 일정을 한 번도 놓치지 않았습니다. 검수 체크리스트를 촘촘하게 운영해 고객 검수에서 지적이 거의 나오지 않았습니다. 고객사와 개발팀 사이에서 요구사항을 명확히 전달해 재작업을 크게 줄였습니다.,고객의 갑작스러운 요청에 방어적으로 대응해 협의가 길어진 적이 있었습니다. 또한 품질의식 측면도 보완하면 더 좋겠습니다.
R000735,2025H2,X-0020,DP0092,DP0068,2025-12-15,공공기관 무 공공데이터 개방 플랫폼 구축 업무에서 함께 일하며 많은 도움을 받았습니다. 작업량을 현실적으로 추정해 일정 계획의 정확도를 높였습니다.,"알고 있는 노하우를 팀에 공유하는 빈도가 낮아 지식이 한 사람에게 몰렸습니다. 또한 기획력, 멘토링, 위기대응 측면도 보완하면 더 좋겠습니다."
R000736,2025H2,X-0020,DP0017,DP0068,2025-12-15,공공기관 무 공공데이터 개방 플랫폼 구축 수행 기간 동안 팀의 핵심 인력으로 활약했습니다. 데이터·개발·운영 담당 사이의 연결고리 역할을 맡아 협업 병목을 풀어 주었습니다.,테스트 범위를 좁게 잡아 회귀 결함이 뒤늦게 발견된 적이 있었습니다. 또한 고객대응 측면도 보완하면 더 좋겠습니다.
R000737,2025H2,X-0020,DP0046,DP0068,2025-12-15,공공기관 무 공공데이터 개방 플랫폼 구축을(를) 진행하는 동안 공공 고객 환경을 잘 이해하고 안정적으로 수행했습니다. 데이터 모델링 관련 이슈가 생길 때마다 정확한 판단으로 해결 방향을 제시해 팀의 기준점이 되었습니다.,긴급 상황에서 우선순위 판단이 늦어 대응이 지연된 적이 있었습니다. 또한 소통 측면도 보완하면 더 좋겠습니다.
R000738,2025H2,X-0020,DP0099,DP0068,2025-12-15,공공기관 무 공공데이터 개방 플랫폼 구축 수행 기간 동안 팀의 핵심 인력으로 활약했습니다. 산출물과 설정값을 꼼꼼하게 대조해 배포 전 결함을 여러 건 미리 잡아냈습니다.,새로 합류한 인원과 거리감이 있어 초기 협업이 다소 더뎠습니다. 또한 품질의식 측면도 보완하면 더 좋겠습니다.
R000739,2025H2,X-0020,DP0019,DP0068,2025-12-15,공공기관 무 공공데이터 개방 플랫폼 구축 업무에서 함께 일하며 많은 도움을 받았습니다. 검수 체크리스트를 촘촘하게 운영해 고객 검수에서 지적이 거의 나오지 않았습니다. 작업량을 현실적으로 추정해 일정 계획의 정확도를 높였습니다.,긴급 상황에서 우선순위 판단이 늦어 대응이 지연된 적이 있었습니다.
R000740,2025H2,X-0006,DP0066,DP0069,2025-12-15,금융사 바2 차세대 데이터 플랫폼 구축 업무에서 함께 일하며 많은 도움을 받았습니다. 검수 체크리스트를 촘촘하게 운영해 고객 검수에서 지적이 거의 나오지 않았습니다. 설계 의도와 운영 절차를 잘 정리해 두어 인수인계가 매끄러웠습니다. 직접 겪은 시행착오를 정리해 공유해 다른 팀원들이 같은 실수를 피할 수 있었습니다.,"새로운 과제에는 먼저 나서기보다 지켜보는 편이라 조금 더 적극적이면 좋겠습니다. 또한 고객대응, 기획력 측면도 보완하면 더 좋겠습니다."
R000741,2025H2,X-0006,DP0026,DP0069,2025-12-15,금융사 바2 차세대 데이터 플랫폼 구축 수행 기간 동안 팀의 핵심 인력으로 활약했습니다. 코드 리뷰에서 품질 기준을 일관되게 지켜 팀의 결과물 수준을 끌어올렸습니다. 변경 이력과 의사결정 배경을 꾸준히 기록해 고객 보고에 큰 도움이 되었습니다. 일정이 흔들릴 때 우선순위를 다시 세우고 팀을 안정적으로 이끌었습니다. 문제가 생겼을 때 남에게 미루지 않고 본인 일처럼 책임지고 원인을 정리해 주었습니다. 그 밖에도 소통 측면에서 좋은 모습을 보였습니다.,긴급 상황에서 우선순위 판단이 늦어 대응이 지연된 적이 있었습니다.
R000742,2025H2,X-0006,DP0028,DP0069,2025-12-15,금융사 바2 차세대 데이터 플랫폼 구축을(를) 진행하는 동안 금융 고객 환경을 잘 이해하고 안정적으로 수행했습니다. 직접 겪은 시행착오를 정리해 공유해 다른 팀원들이 같은 실수를 피할 수 있었습니다. 설계 의도와 운영 절차를 잘 정리해 두어 인수인계가 매끄러웠습니다. Hadoop 분야의 깊은 전문성으로 설계 단계에서 기술적 리스크를 먼저 짚어 냈습니다.,세부 설정값 검토가 빠져 배포 후 수정이 생긴 적이 있었습니다.
R000743,2025H2,X-0006,DP0073,DP0069,2025-12-15,금융사 바2 차세대 데이터 플랫폼 구축 업무에서 함께 일하며 많은 도움을 받았습니다. 회의 때마다 쟁점을 쉽게 정리해 이해관계자들의 합의를 빠르게 이끌었습니다. Airflow 노하우를 문서와 짧은 세션으로 공유해 팀 전체의 수준을 끌어올렸습니다. 핵심 담당자으로서 팀원 각자의 역량을 파악해 일을 배분하고 끝까지 이끄는 리더십이 뛰어났습니다.,"테스트 범위를 좁게 잡아 회귀 결함이 뒤늦게 발견된 적이 있었습니다. 또한 기획력, 고객대응 측면도 보완하면 더 좋겠습니다."
R000744,2025H2,X-0006,DP0042,DP0069,2025-12-15,금융사 바2 차세대 데이터 플랫폼 구축을(를) 진행하는 동안 금융 고객 환경을 잘 이해하고 안정적으로 수행했습니다. 변경 이력과 의사결정 배경을 꾸준히 기록해 고객 보고에 큰 도움이 되었습니다. 핵심 담당자으로서 팀원 각자의 역량을 파악해 일을 배분하고 끝까지 이끄는 리더십이 뛰어났습니다. 고객사와 개발팀 사이에서 요구사항을 명확히 전달해 재작업을 크게 줄였습니다. 코드 리뷰에서 품질 기준을 일관되게 지켜 팀의 결과물 수준을 끌어올렸습니다.,긴급 상황에서 우선순위 판단이 늦어 대응이 지연된 적이 있었습니다. 또한 기획력 측면도 보완하면 더 좋겠습니다.
R000745,2025H2,X-0006,DP0009,DP0069,2025-12-15,금융사 바2 차세대 데이터 플랫폼 구축을(를) 진행하는 동안 금융 고객 환경을 잘 이해하고 안정적으로 수행했습니다. 핵심 담당자으로서 팀원 각자의 역량을 파악해 일을 배분하고 끝까지 이끄는 리더십이 뛰어났습니다. 새로운 요구가 생기면 먼저 손을 들고 나서서 초기 검토를 맡아 주었습니다. 테스트 기준을 스스로 높게 잡아 운영 이관 후 장애가 거의 없었습니다. 직접 겪은 시행착오를 정리해 공유해 다른 팀원들이 같은 실수를 피할 수 있었습니다. 그 밖에도 소통 측면에서 좋은 모습을 보였습니다.,장애 대응 시 임시 조치에 머무는 경우가 있어 근본 원인 분석까지 이어지면 좋겠습니다. 또한 꼼꼼함 측면도 보완하면 더 좋겠습니다.
R000746,2025H2,X-0073,DP0097,DP0070,2025-12-15,계열사 T 데이터 레이크 고도화 수행 기간 동안 팀의 핵심 인력으로 활약했습니다. 직접 겪은 시행착오를 정리해 공유해 다른 팀원들이 같은 실수를 피할 수 있었습니다. 맡은 데이터 표준화 범위를 끝까지 책임지고 마무리해 팀이 일정 걱정 없이 다음 단계로 넘어갈 수 있었습니다. SQL 관련 이슈가 생길 때마다 정확한 판단으로 해결 방향을 제시해 팀의 기준점이 되었습니다.,긴급 상황에서 우선순위 판단이 늦어 대응이 지연된 적이 있었습니다.
R000747,2025H2,X-0073,DP0071,DP0070,2025-12-15,계열사 T 데이터 레이크 고도화 업무에서 함께 일하며 많은 도움을 받았습니다. 처음 접한 SQL도 짧은 시간에 익혀 바로 실무에 적용했습니다. 담당자으로서 팀원 각자의 역량을 파악해 일을 배분하고 끝까지 이끄는 리더십이 뛰어났습니다. 직접 겪은 시행착오를 정리해 공유해 다른 팀원들이 같은 실수를 피할 수 있었습니다. 문제가 생겼을 때 남에게 미루지 않고 본인 일처럼 책임지고 원인을 정리해 주었습니다.,"세부 설정값 검토가 빠져 배포 후 수정이 생긴 적이 있었습니다. 또한 기획력, 전문성 측면도 보완하면 더 좋겠습니다."
R000748,2025H2,X-0073,DP0018,DP0070,2025-12-15,계열사 T 데이터 레이크 고도화을(를) 진행하는 동안 그룹사(대내) 고객 환경을 잘 이해하고 안정적으로 수행했습니다. 처음 접한 SQL도 짧은 시간에 익혀 바로 실무에 적용했습니다.,"SQL 심화 영역에서는 판단 근거가 부족한 경우가 있어 추가 학습이 필요해 보입니다. 또한 꼼꼼함, 기획력 측면도 보완하면 더 좋겠습니다."
R000749,2025H2,X-0073,DP0087,DP0071,2025-12-15,계열사 T 데이터 레이크 고도화 수행 기간 동안 팀의 핵심 인력으로 활약했습니다. 맡은 데이터 표준화 범위를 끝까지 책임지고 마무리해 팀이 일정 걱정 없이 다음 단계로 넘어갈 수 있었습니다. 산출물과 설정값을 꼼꼼하게 대조해 배포 전 결함을 여러 건 미리 잡아냈습니다. 일정이 흔들릴 때 우선순위를 다시 세우고 팀을 안정적으로 이끌었습니다. 운영 중 긴급 장애가 났을 때 침착하게 상황을 정리하고 복구를 주도했습니다.,"진행 상황 공유가 늦어 다른 담당자가 뒤늦게 파악하는 일이 있었습니다. 또한 기술공유, 성실 측면도 보완하면 더 좋겠습니다."
R000750,2025H2,X-0073,DP0070,DP0071,2025-12-15,계열사 T 데이터 레이크 고도화 수행 기간 동안 팀의 핵심 인력으로 활약했습니다. 변경 이력과 의사결정 배경을 꾸준히 기록해 고객 보고에 큰 도움이 되었습니다. 일정이 크게 흔들린 시점에 대응 계획을 빠르게 세워 위기를 넘겼습니다. 마일스톤별 위험 요소를 미리 관리해 데이터 표준화 일정을 한 번도 놓치지 않았습니다. 막힌 이슈를 작은 단위로 쪼개 가설을 검증하는 방식으로 해결 시간을 크게 단축했습니다.,알고 있는 노하우를 팀에 공유하는 빈도가 낮아 지식이 한 사람에게 몰렸습니다.
R000751,2025H2,X-0073,DP0010,DP0071,2025-12-15,계열사 T 데이터 레이크 고도화을(를) 진행하는 동안 그룹사(대내) 고객 환경을 잘 이해하고 안정적으로 수행했습니다. 제약이 많은 상황에서도 새로운 접근을 찾아내 고객의 호평을 받았습니다. 문제가 생겼을 때 남에게 미루지 않고 본인 일처럼 책임지고 원인을 정리해 주었습니다. 검수 체크리스트를 촘촘하게 운영해 고객 검수에서 지적이 거의 나오지 않았습니다. 고객의 모호한 요구를 단계별 실행 계획으로 정리해 범위 변경을 줄였습니다.,알고 있는 노하우를 팀에 공유하는 빈도가 낮아 지식이 한 사람에게 몰렸습니다.
R000752,2025H2,X-0073,DP0039,DP0071,2025-12-15,계열사 T 데이터 레이크 고도화 업무에서 함께 일하며 많은 도움을 받았습니다. 테스트 기준을 스스로 높게 잡아 운영 이관 후 장애가 거의 없었습니다. 검수 체크리스트를 촘촘하게 운영해 고객 검수에서 지적이 거의 나오지 않았습니다. 맡은 데이터 표준화 범위를 끝까지 책임지고 마무리해 팀이 일정 걱정 없이 다음 단계로 넘어갈 수 있었습니다.,진행 상황 공유가 늦어 다른 담당자가 뒤늦게 파악하는 일이 있었습니다.
R000753,2025H2,X-0073,DP0048,DP0071,2025-12-15,계열사 T 데이터 레이크 고도화 수행 기간 동안 팀의 핵심 인력으로 활약했습니다. 데이터 표준화의 핵심 기능을 직접 설계하며 요구사항을 구조화하는 기획력이 돋보였습니다. 회의 때마다 쟁점을 쉽게 정리해 이해관계자들의 합의를 빠르게 이끌었습니다. 문제가 생겼을 때 남에게 미루지 않고 본인 일처럼 책임지고 원인을 정리해 주었습니다.,고객의 갑작스러운 요청에 방어적으로 대응해 협의가 길어진 적이 있었습니다.
R000754,2025H2,X-0020,DP0019,DP0072,2025-12-15,공공기관 무 공공데이터 개방 플랫폼 구축 수행 기간 동안 팀의 핵심 인력으로 활약했습니다. 데이터 정제 중 발생한 복합 장애의 근본 원인을 빠르게 찾아 재발 방지책까지 마련했습니다. 신규 인원에게 업무 맥락을 차근차근 설명해 적응 기간을 크게 줄여 주었습니다.,다만 경계가 애매한 업무는 먼저 맡으려 하지 않는 경우가 있어 주인 의식을 조금 더 보여 주면 좋겠습니다. 또한 친화력 측면도 보완하면 더 좋겠습니다.
R000755,2025H2,X-0020,DP0062,DP0072,2025-12-15,공공기관 무 공공데이터 개방 플랫폼 구축 수행 기간 동안 팀의 핵심 인력으로 활약했습니다. 회의 때마다 쟁점을 쉽게 정리해 이해관계자들의 합의를 빠르게 이끌었습니다. 데이터·개발·운영 담당 사이의 연결고리 역할을 맡아 협업 병목을 풀어 주었습니다. 기존 방식에 얽매이지 않는 대안을 제시해 데이터 정제의 처리 속도를 크게 개선했습니다. 작업량을 현실적으로 추정해 일정 계획의 정확도를 높였습니다.,"변경 사항 문서화가 늦어 인수인계 때 다시 확인해야 하는 일이 있었습니다. 또한 성실, 책임감 측면도 보완하면 더 좋겠습니다."
R000756,2025H2,X-0020,DP0068,DP0072,2025-12-15,공공기관 무 공공데이터 개방 플랫폼 구축 업무에서 함께 일하며 많은 도움을 받았습니다. 막힌 이슈를 작은 단위로 쪼개 가설을 검증하는 방식으로 해결 시간을 크게 단축했습니다. 일정이 크게 흔들린 시점에 대응 계획을 빠르게 세워 위기를 넘겼습니다. 일정이 흔들릴 때 우선순위를 다시 세우고 팀을 안정적으로 이끌었습니다.,반복 점검 업무를 마감 직전까지 미루는 경우가 있어 꾸준함이 조금 아쉬웠습니다. 또한 고객대응 측면도 보완하면 더 좋겠습니다.
R000757,2025H2,X-0020,DP0003,DP0072,2025-12-15,공공기관 무 공공데이터 개방 플랫폼 구축을(를) 진행하는 동안 공공 고객 환경을 잘 이해하고 안정적으로 수행했습니다. 일정이 크게 흔들린 시점에 대응 계획을 빠르게 세워 위기를 넘겼습니다. 막힌 이슈를 작은 단위로 쪼개 가설을 검증하는 방식으로 해결 시간을 크게 단축했습니다. 담당자으로서 팀원 각자의 역량을 파악해 일을 배분하고 끝까지 이끄는 리더십이 뛰어났습니다.,새로 합류한 인원과 거리감이 있어 초기 협업이 다소 더뎠습니다. 또한 성실 측면도 보완하면 더 좋겠습니다.
R000758,2025H2,X-0094,DP0086,DP0072,2025-12-15,계열사 S 데이터 거버넌스 구축 업무에서 함께 일하며 많은 도움을 받았습니다. 다른 파트의 일정까지 살피며 먼저 도움을 제안해 팀 전체 속도를 끌어올렸습니다. 일정이 크게 흔들린 시점에 대응 계획을 빠르게 세워 위기를 넘겼습니다.,테스트 범위를 좁게 잡아 회귀 결함이 뒤늦게 발견된 적이 있었습니다.
R000759,2025H2,X-0020,DP0088,DP0072,2025-12-15,공공기관 무 공공데이터 개방 플랫폼 구축 업무에서 함께 일하며 많은 도움을 받았습니다. 운영 중 긴급 장애가 났을 때 침착하게 상황을 정리하고 복구를 주도했습니다.,테스트 범위를 좁게 잡아 회귀 결함이 뒤늦게 발견된 적이 있었습니다. 또한 창의성 측면도 보완하면 더 좋겠습니다.
R000760,2025H2,X-0006,DP0075,DP0073,2025-12-15,금융사 바2 차세대 데이터 플랫폼 구축 업무에서 함께 일하며 많은 도움을 받았습니다. 제약이 많은 상황에서도 새로운 접근을 찾아내 고객의 호평을 받았습니다. 직접 겪은 시행착오를 정리해 공유해 다른 팀원들이 같은 실수를 피할 수 있었습니다.,"긴급 상황에서 우선순위 판단이 늦어 대응이 지연된 적이 있었습니다. 또한 전문성, 소통, 적극성 측면도 보완하면 더 좋겠습니다."
R000761,2025H2,X-0006,DP0042,DP0073,2025-12-15,금융사 바2 차세대 데이터 플랫폼 구축을(를) 진행하는 동안 금융 고객 환경을 잘 이해하고 안정적으로 수행했습니다. 직접 겪은 시행착오를 정리해 공유해 다른 팀원들이 같은 실수를 피할 수 있었습니다.,진행 상황 공유가 늦어 다른 담당자가 뒤늦게 파악하는 일이 있었습니다. 또한 적극성 측면도 보완하면 더 좋겠습니다.
R000762,2025H2,X-0006,DP0009,DP0073,2025-12-15,금융사 바2 차세대 데이터 플랫폼 구축을(를) 진행하는 동안 금융 고객 환경을 잘 이해하고 안정적으로 수행했습니다. 변경 이력과 의사결정 배경을 꾸준히 기록해 고객 보고에 큰 도움이 되었습니다.,"긴급 상황에서 우선순위 판단이 늦어 대응이 지연된 적이 있었습니다. 또한 책임감, 문제해결 측면도 보완하면 더 좋겠습니다."
R000763,2025H2,X-0006,DP0028,DP0073,2025-12-15,금융사 바2 차세대 데이터 플랫폼 구축 업무에서 함께 일하며 많은 도움을 받았습니다. 주니어의 코드 리뷰에 이유까지 설명해 주어 팀의 성장에 기여했습니다.,"진행 상황 공유가 늦어 다른 담당자가 뒤늦게 파악하는 일이 있었습니다. 또한 적극성, 위기대응 측면도 보완하면 더 좋겠습니다."
R000764,2025H2,X-0003,DP0100,DP0074,2025-12-15,계열사 H 데이터 거버넌스 구축을(를) 진행하는 동안 그룹사(대내) 고객 환경을 잘 이해하고 안정적으로 수행했습니다. 고객의 모호한 요구를 단계별 실행 계획으로 정리해 범위 변경을 줄였습니다. 직접 겪은 시행착오를 정리해 공유해 다른 팀원들이 같은 실수를 피할 수 있었습니다.,기존 방식에 익숙해 새로운 대안을 검토하는 데는 소극적이었습니다.
R000765,2025H2,X-0003,DP0047,DP0074,2025-12-15,계열사 H 데이터 거버넌스 구축을(를) 진행하는 동안 그룹사(대내) 고객 환경을 잘 이해하고 안정적으로 수행했습니다. 고객사와 개발팀 사이에서 요구사항을 명확히 전달해 재작업을 크게 줄였습니다. 새로운 요구가 생기면 먼저 손을 들고 나서서 초기 검토를 맡아 주었습니다.,기존 방식에 익숙해 새로운 대안을 검토하는 데는 소극적이었습니다. 또한 멘토링 측면도 보완하면 더 좋겠습니다.
R000766,2025H2,X-0003,DP0004,DP0074,2025-12-15,계열사 H 데이터 거버넌스 구축 업무에서 함께 일하며 많은 도움을 받았습니다. 고객사와 개발팀 사이에서 요구사항을 명확히 전달해 재작업을 크게 줄였습니다. Python 노하우를 문서와 짧은 세션으로 공유해 팀 전체의 수준을 끌어올렸습니다.,"새로운 과제에는 먼저 나서기보다 지켜보는 편이라 조금 더 적극적이면 좋겠습니다. 또한 일정관리, 협업 측면도 보완하면 더 좋겠습니다."
R000767,2025H2,X-0003,DP0075,DP0074,2025-12-15,계열사 H 데이터 거버넌스 구축을(를) 진행하는 동안 그룹사(대내) 고객 환경을 잘 이해하고 안정적으로 수행했습니다. 검수 체크리스트를 촘촘하게 운영해 고객 검수에서 지적이 거의 나오지 않았습니다. 고객의 모호한 요구를 단계별 실행 계획으로 정리해 범위 변경을 줄였습니다.,"새로운 과제에는 먼저 나서기보다 지켜보는 편이라 조금 더 적극적이면 좋겠습니다. 또한 멘토링, 일정관리 측면도 보완하면 더 좋겠습니다."
R000768,2025H2,X-0003,DP0021,DP0074,2025-12-15,계열사 H 데이터 거버넌스 구축 수행 기간 동안 팀의 핵심 인력으로 활약했습니다. 막힌 이슈를 작은 단위로 쪼개 가설을 검증하는 방식으로 해결 시간을 크게 단축했습니다.,"주니어에게 피드백을 줄 때 이유 설명이 짧아 학습 효과가 제한적이었습니다. 또한 창의성, 적극성 측면도 보완하면 더 좋겠습니다."
R000769,2025H2,X-0003,DP0006,DP0075,2025-12-15,계열사 H 데이터 거버넌스 구축 수행 기간 동안 팀의 핵심 인력으로 활약했습니다. 다른 파트의 일정까지 살피며 먼저 도움을 제안해 팀 전체 속도를 끌어올렸습니다. 코드 리뷰에서 품질 기준을 일관되게 지켜 팀의 결과물 수준을 끌어올렸습니다. Kafka 분야의 깊은 전문성으로 설계 단계에서 기술적 리스크를 먼저 짚어 냈습니다. 회의 때마다 쟁점을 쉽게 정리해 이해관계자들의 합의를 빠르게 이끌었습니다.,세부 설정값 검토가 빠져 배포 후 수정이 생긴 적이 있었습니다.
R000770,2025H2,X-0006,DP0037,DP0075,2025-12-15,금융사 바2 차세대 데이터 플랫폼 구축 수행 기간 동안 팀의 핵심 인력으로 활약했습니다. 일정이 크게 흔들린 시점에 대응 계획을 빠르게 세워 위기를 넘겼습니다. 고객사 담당자와도 편하게 소통하는 친화력 덕분에 협의가 한결 수월했습니다. Docker 분야의 깊은 전문성으로 설계 단계에서 기술적 리스크를 먼저 짚어 냈습니다. 메타데이터 설계 중 발생한 복합 장애의 근본 원인을 빠르게 찾아 재발 방지책까지 마련했습니다. 그 밖에도 멘토링 측면에서 좋은 모습을 보였습니다.,새로운 과제에는 먼저 나서기보다 지켜보는 편이라 조금 더 적극적이면 좋겠습니다.
R000771,2025H2,X-0006,DP0049,DP0075,2025-12-15,금융사 바2 차세대 데이터 플랫폼 구축 업무에서 함께 일하며 많은 도움을 받았습니다. 개선 아이디어를 적극적으로 제안하고 직접 시범 적용까지 해 보였습니다. Kubernetes 분야의 깊은 전문성으로 설계 단계에서 기술적 리스크를 먼저 짚어 냈습니다. 회의 때마다 쟁점을 쉽게 정리해 이해관계자들의 합의를 빠르게 이끌었습니다.,알고 있는 노하우를 팀에 공유하는 빈도가 낮아 지식이 한 사람에게 몰렸습니다.
R000772,2025H2,X-0006,DP0062,DP0075,2025-12-15,금융사 바2 차세대 데이터 플랫폼 구축을(를) 진행하는 동안 금융 고객 환경을 잘 이해하고 안정적으로 수행했습니다. 핵심 담당자으로서 팀원 각자의 역량을 파악해 일을 배분하고 끝까지 이끄는 리더십이 뛰어났습니다. 데이터·개발·운영 담당 사이의 연결고리 역할을 맡아 협업 병목을 풀어 주었습니다. 코드 리뷰에서 품질 기준을 일관되게 지켜 팀의 결과물 수준을 끌어올렸습니다. 설계 의도와 운영 절차를 잘 정리해 두어 인수인계가 매끄러웠습니다.,진행 상황 공유가 늦어 다른 담당자가 뒤늦게 파악하는 일이 있었습니다.
R000773,2025H2,X-0003,DP0100,DP0075,2025-12-15,계열사 H 데이터 거버넌스 구축을(를) 진행하는 동안 그룹사(대내) 고객 환경을 잘 이해하고 안정적으로 수행했습니다. 산출물과 설정값을 꼼꼼하게 대조해 배포 전 결함을 여러 건 미리 잡아냈습니다. Docker 분야의 깊은 전문성으로 설계 단계에서 기술적 리스크를 먼저 짚어 냈습니다. 문제가 생겼을 때 남에게 미루지 않고 본인 일처럼 책임지고 원인을 정리해 주었습니다. 새로운 요구가 생기면 먼저 손을 들고 나서서 초기 검토를 맡아 주었습니다.,반복 점검 업무를 마감 직전까지 미루는 경우가 있어 꾸준함이 조금 아쉬웠습니다.
R000774,2025H2,X-0084,DP0064,DP0076,2025-12-15,계열사 X 데이터 레이크 고도화을(를) 진행하는 동안 그룹사(대내) 고객 환경을 잘 이해하고 안정적으로 수행했습니다. 개선 아이디어를 적극적으로 제안하고 직접 시범 적용까지 해 보였습니다. 제약이 많은 상황에서도 새로운 접근을 찾아내 고객의 호평을 받았습니다. 다른 파트의 일정까지 살피며 먼저 도움을 제안해 팀 전체 속도를 끌어올렸습니다. 마일스톤별 위험 요소를 미리 관리해 카탈로그 구축 일정을 한 번도 놓치지 않았습니다.,테스트 범위를 좁게 잡아 회귀 결함이 뒤늦게 발견된 적이 있었습니다.
R000775,2025H2,X-0084,DP0085,DP0076,2025-12-15,계열사 X 데이터 레이크 고도화을(를) 진행하는 동안 그룹사(대내) 고객 환경을 잘 이해하고 안정적으로 수행했습니다. 작업량을 현실적으로 추정해 일정 계획의 정확도를 높였습니다. 제약이 많은 상황에서도 새로운 접근을 찾아내 고객의 호평을 받았습니다. 운영 중 긴급 장애가 났을 때 침착하게 상황을 정리하고 복구를 주도했습니다.,주니어에게 피드백을 줄 때 이유 설명이 짧아 학습 효과가 제한적이었습니다. 또한 고객대응 측면도 보완하면 더 좋겠습니다.
R000776,2025H2,X-0084,DP0089,DP0076,2025-12-15,계열사 X 데이터 레이크 고도화 수행 기간 동안 팀의 핵심 인력으로 활약했습니다. 운영 중 긴급 장애가 났을 때 침착하게 상황을 정리하고 복구를 주도했습니다. 제약이 많은 상황에서도 새로운 접근을 찾아내 고객의 호평을 받았습니다. SQL 노하우를 문서와 짧은 세션으로 공유해 팀 전체의 수준을 끌어올렸습니다. 개선 아이디어를 적극적으로 제안하고 직접 시범 적용까지 해 보였습니다.,"고객의 갑작스러운 요청에 방어적으로 대응해 협의가 길어진 적이 있었습니다. 또한 품질의식, 일정관리 측면도 보완하면 더 좋겠습니다."
R000777,2025H2,X-0084,DP0083,DP0076,2025-12-15,계열사 X 데이터 레이크 고도화 업무에서 함께 일하며 많은 도움을 받았습니다. 기존 방식에 얽매이지 않는 대안을 제시해 카탈로그 구축의 처리 속도를 크게 개선했습니다. 개선 아이디어를 적극적으로 제안하고 직접 시범 적용까지 해 보였습니다. 운영 중 긴급 장애가 났을 때 침착하게 상황을 정리하고 복구를 주도했습니다. Hadoop 노하우를 문서와 짧은 세션으로 공유해 팀 전체의 수준을 끌어올렸습니다.,다만 경계가 애매한 업무는 먼저 맡으려 하지 않는 경우가 있어 주인 의식을 조금 더 보여 주면 좋겠습니다. 또한 꼼꼼함 측면도 보완하면 더 좋겠습니다.
R000778,2025H2,X-0057,DP0080,DP0077,2025-12-15,금융사 카 데이터 마트 구축을(를) 진행하는 동안 금융 고객 환경을 잘 이해하고 안정적으로 수행했습니다. 담당자으로서 팀원 각자의 역량을 파악해 일을 배분하고 끝까지 이끄는 리더십이 뛰어났습니다. 고객의 모호한 요구를 단계별 실행 계획으로 정리해 범위 변경을 줄였습니다. 변경 이력과 의사결정 배경을 꾸준히 기록해 고객 보고에 큰 도움이 되었습니다. 문제가 생겼을 때 남에게 미루지 않고 본인 일처럼 책임지고 원인을 정리해 주었습니다.,주니어에게 피드백을 줄 때 이유 설명이 짧아 학습 효과가 제한적이었습니다.
R000779,2025H2,X-0082,DP0008,DP0077,2025-12-15,금융사 타 데이터 마트 구축을(를) 진행하는 동안 금융 고객 환경을 잘 이해하고 안정적으로 수행했습니다. 검수 체크리스트를 촘촘하게 운영해 고객 검수에서 지적이 거의 나오지 않았습니다. 고객의 모호한 요구를 단계별 실행 계획으로 정리해 범위 변경을 줄였습니다. 맡은 적재 파이프라인 범위를 끝까지 책임지고 마무리해 팀이 일정 걱정 없이 다음 단계로 넘어갈 수 있었습니다. 데이터·개발·운영 담당 사이의 연결고리 역할을 맡아 협업 병목을 풀어 주었습니다.,새로 합류한 인원과 거리감이 있어 초기 협업이 다소 더뎠습니다. 또한 품질의식 측면도 보완하면 더 좋겠습니다.
R000780,2025H2,X-0057,DP0001,DP0077,2025-12-15,금융사 카 데이터 마트 구축 업무에서 함께 일하며 많은 도움을 받았습니다. 담당자으로서 팀원 각자의 역량을 파악해 일을 배분하고 끝까지 이끄는 리더십이 뛰어났습니다. 산출물과 설정값을 꼼꼼하게 대조해 배포 전 결함을 여러 건 미리 잡아냈습니다. 고객의 모호한 요구를 단계별 실행 계획으로 정리해 범위 변경을 줄였습니다. 문제가 생겼을 때 남에게 미루지 않고 본인 일처럼 책임지고 원인을 정리해 주었습니다. 그 밖에도 협업 측면에서 좋은 모습을 보였습니다.,새로 합류한 인원과 거리감이 있어 초기 협업이 다소 더뎠습니다.
R000781,2025H2,X-0057,DP0067,DP0077,2025-12-15,금융사 카 데이터 마트 구축 수행 기간 동안 팀의 핵심 인력으로 활약했습니다. 담당자으로서 팀원 각자의 역량을 파악해 일을 배분하고 끝까지 이끄는 리더십이 뛰어났습니다. 다른 파트의 일정까지 살피며 먼저 도움을 제안해 팀 전체 속도를 끌어올렸습니다. 맡은 적재 파이프라인 범위를 끝까지 책임지고 마무리해 팀이 일정 걱정 없이 다음 단계로 넘어갈 수 있었습니다.,"진행 상황 공유가 늦어 다른 담당자가 뒤늦게 파악하는 일이 있었습니다. 또한 품질의식, 친화력 측면도 보완하면 더 좋겠습니다."
R000782,2025H2,X-0001,DP0057,DP0078,2025-12-15,금융사 가2 비정형 문서 메타데이터 전환 업무에서 함께 일하며 많은 도움을 받았습니다. 데이터·개발·운영 담당 사이의 연결고리 역할을 맡아 협업 병목을 풀어 주었습니다. 고객사와 개발팀 사이에서 요구사항을 명확히 전달해 재작업을 크게 줄였습니다. 직접 겪은 시행착오를 정리해 공유해 다른 팀원들이 같은 실수를 피할 수 있었습니다.,고객의 갑작스러운 요청에 방어적으로 대응해 협의가 길어진 적이 있었습니다. 또한 성실 측면도 보완하면 더 좋겠습니다.
R000783,2025H2,X-0001,DP0061,DP0078,2025-12-15,금융사 가2 비정형 문서 메타데이터 전환 수행 기간 동안 팀의 핵심 인력으로 활약했습니다. 처음 접한 Spark도 짧은 시간에 익혀 바로 실무에 적용했습니다. 운영 중 긴급 장애가 났을 때 침착하게 상황을 정리하고 복구를 주도했습니다.,"세부 설정값 검토가 빠져 배포 후 수정이 생긴 적이 있었습니다. 또한 고객대응, 문서화 측면도 보완하면 더 좋겠습니다."
R000784,2025H2,X-0001,DP0001,DP0078,2025-12-15,금융사 가2 비정형 문서 메타데이터 전환 업무에서 함께 일하며 많은 도움을 받았습니다. 다른 파트의 일정까지 살피며 먼저 도움을 제안해 팀 전체 속도를 끌어올렸습니다. 기존 방식에 얽매이지 않는 대안을 제시해 메타데이터 설계의 처리 속도를 크게 개선했습니다. 고객의 모호한 요구를 단계별 실행 계획으로 정리해 범위 변경을 줄였습니다. 새 도메인 지식을 빠르게 흡수해 투입 초기부터 제 몫을 해냈습니다.,세부 설정값 검토가 빠져 배포 후 수정이 생긴 적이 있었습니다. 또한 리더십 측면도 보완하면 더 좋겠습니다.
R000785,2025H2,X-0001,DP0091,DP0079,2025-12-15,금융사 가2 비정형 문서 메타데이터 전환 업무에서 함께 일하며 많은 도움을 받았습니다. 눈에 잘 띄지 않는 메타데이터 설계 작업도 성실하게 처리해 품질 기반을 다져 주었습니다. 새 도메인 지식을 빠르게 흡수해 투입 초기부터 제 몫을 해냈습니다. 변경 이력과 의사결정 배경을 꾸준히 기록해 고객 보고에 큰 도움이 되었습니다.,"새로 합류한 인원과 거리감이 있어 초기 협업이 다소 더뎠습니다. 또한 적극성, 기획력 측면도 보완하면 더 좋겠습니다."
R000786,2025H2,X-0083,DP0014,DP0079,2025-12-15,금융사 사 차세대 데이터 플랫폼 구축 수행 기간 동안 팀의 핵심 인력으로 활약했습니다. 주니어의 코드 리뷰에 이유까지 설명해 주어 팀의 성장에 기여했습니다.,장애 대응 시 임시 조치에 머무는 경우가 있어 근본 원인 분석까지 이어지면 좋겠습니다. 또한 학습력 측면도 보완하면 더 좋겠습니다.
R000787,2025H2,X-0001,DP0034,DP0079,2025-12-15,금융사 가2 비정형 문서 메타데이터 전환 업무에서 함께 일하며 많은 도움을 받았습니다. 설계 의도와 운영 절차를 잘 정리해 두어 인수인계가 매끄러웠습니다. 데이터·개발·운영 담당 사이의 연결고리 역할을 맡아 협업 병목을 풀어 주었습니다. 주니어의 코드 리뷰에 이유까지 설명해 주어 팀의 성장에 기여했습니다.,새로 합류한 인원과 거리감이 있어 초기 협업이 다소 더뎠습니다. 또한 문제해결 측면도 보완하면 더 좋겠습니다.
R000788,2025H2,X-0083,DP0060,DP0079,2025-12-15,금융사 사 차세대 데이터 플랫폼 구축 업무에서 함께 일하며 많은 도움을 받았습니다. Text Analysis 분야의 깊은 전문성으로 설계 단계에서 기술적 리스크를 먼저 짚어 냈습니다. 다른 파트의 일정까지 살피며 먼저 도움을 제안해 팀 전체 속도를 끌어올렸습니다. 처음 접한 Text Analysis도 짧은 시간에 익혀 바로 실무에 적용했습니다.,테스트 범위를 좁게 잡아 회귀 결함이 뒤늦게 발견된 적이 있었습니다. 또한 친화력 측면도 보완하면 더 좋겠습니다.
R000789,2025H2,X-0001,DP0082,DP0080,2025-12-15,금융사 가2 비정형 문서 메타데이터 전환 업무에서 함께 일하며 많은 도움을 받았습니다. 새로운 요구가 생기면 먼저 손을 들고 나서서 초기 검토를 맡아 주었습니다. 주니어의 코드 리뷰에 이유까지 설명해 주어 팀의 성장에 기여했습니다.,"다만 경계가 애매한 업무는 먼저 맡으려 하지 않는 경우가 있어 주인 의식을 조금 더 보여 주면 좋겠습니다. 또한 기획력, 꼼꼼함 측면도 보완하면 더 좋겠습니다."
R000790,2025H2,X-0057,DP0024,DP0080,2025-12-15,금융사 카 데이터 마트 구축 업무에서 함께 일하며 많은 도움을 받았습니다. 새 도메인 지식을 빠르게 흡수해 투입 초기부터 제 몫을 해냈습니다. 일정이 흔들릴 때 우선순위를 다시 세우고 팀을 안정적으로 이끌었습니다. 문제가 생겼을 때 남에게 미루지 않고 본인 일처럼 책임지고 원인을 정리해 주었습니다.,"진행 상황 공유가 늦어 다른 담당자가 뒤늦게 파악하는 일이 있었습니다. 또한 기술공유, 문제해결 측면도 보완하면 더 좋겠습니다."
R000791,2025H2,X-0001,DP0078,DP0080,2025-12-15,금융사 가2 비정형 문서 메타데이터 전환을(를) 진행하는 동안 금융 고객 환경을 잘 이해하고 안정적으로 수행했습니다. 신규 인원에게 업무 맥락을 차근차근 설명해 적응 기간을 크게 줄여 주었습니다.,"다만 경계가 애매한 업무는 먼저 맡으려 하지 않는 경우가 있어 주인 의식을 조금 더 보여 주면 좋겠습니다. 또한 기술공유, 전문성 측면도 보완하면 더 좋겠습니다."
R000792,2025H2,X-0057,DP0031,DP0080,2025-12-15,금융사 카 데이터 마트 구축 수행 기간 동안 팀의 핵심 인력으로 활약했습니다. 핵심 담당자으로서 팀원 각자의 역량을 파악해 일을 배분하고 끝까지 이끄는 리더십이 뛰어났습니다.,"장애 대응 시 임시 조치에 머무는 경우가 있어 근본 원인 분석까지 이어지면 좋겠습니다. 또한 기획력, 책임감 측면도 보완하면 더 좋겠습니다."
R000793,2025H2,X-0020,DP0021,DP0081,2025-12-15,공공기관 무 공공데이터 개방 플랫폼 구축 수행 기간 동안 팀의 핵심 인력으로 활약했습니다. 문제가 생겼을 때 남에게 미루지 않고 본인 일처럼 책임지고 원인을 정리해 주었습니다.,"주니어에게 피드백을 줄 때 이유 설명이 짧아 학습 효과가 제한적이었습니다. 또한 일정관리, 적극성 측면도 보완하면 더 좋겠습니다."
R000794,2025H2,X-0020,DP0088,DP0081,2025-12-15,공공기관 무 공공데이터 개방 플랫폼 구축 업무에서 함께 일하며 많은 도움을 받았습니다. 처음 합류한 인원들과도 금방 어울려 팀 분위기를 부드럽게 만들어 주었습니다. 맡은 데이터 정제 범위를 끝까지 책임지고 마무리해 팀이 일정 걱정 없이 다음 단계로 넘어갈 수 있었습니다.,작업량 추정이 낙관적이어서 일정이 밀린 적이 몇 번 있었습니다. 또한 멘토링 측면도 보완하면 더 좋겠습니다.
R000795,2025H2,X-0020,DP0043,DP0081,2025-12-15,공공기관 무 공공데이터 개방 플랫폼 구축 업무에서 함께 일하며 많은 도움을 받았습니다. 맡은 데이터 정제 범위를 끝까지 책임지고 마무리해 팀이 일정 걱정 없이 다음 단계로 넘어갈 수 있었습니다. 코드 리뷰에서 품질 기준을 일관되게 지켜 팀의 결과물 수준을 끌어올렸습니다.,새로운 과제에는 먼저 나서기보다 지켜보는 편이라 조금 더 적극적이면 좋겠습니다. 또한 성실 측면도 보완하면 더 좋겠습니다.
R000796,2025H2,X-0020,DP0019,DP0081,2025-12-15,공공기관 무 공공데이터 개방 플랫폼 구축을(를) 진행하는 동안 공공 고객 환경을 잘 이해하고 안정적으로 수행했습니다. 테스트 기준을 스스로 높게 잡아 운영 이관 후 장애가 거의 없었습니다. 검수 체크리스트를 촘촘하게 운영해 고객 검수에서 지적이 거의 나오지 않았습니다. 처음 합류한 인원들과도 금방 어울려 팀 분위기를 부드럽게 만들어 주었습니다.,"요구사항을 구조화하기 전에 구현부터 시작하는 경우가 있어 사전 기획을 보완하면 좋겠습니다. 또한 적극성, 협업 측면도 보완하면 더 좋겠습니다."
R000797,2025H2,X-0020,DP0051,DP0081,2025-12-15,공공기관 무 공공데이터 개방 플랫폼 구축 업무에서 함께 일하며 많은 도움을 받았습니다. 처음 합류한 인원들과도 금방 어울려 팀 분위기를 부드럽게 만들어 주었습니다. Text Analysis 분야의 깊은 전문성으로 설계 단계에서 기술적 리스크를 먼저 짚어 냈습니다.,"작업량 추정이 낙관적이어서 일정이 밀린 적이 몇 번 있었습니다. 또한 기술공유, 기획력 측면도 보완하면 더 좋겠습니다."
R000798,2025H2,X-0020,DP0022,DP0081,2025-12-15,공공기관 무 공공데이터 개방 플랫폼 구축 업무에서 함께 일하며 많은 도움을 받았습니다. 맡은 데이터 정제 범위를 끝까지 책임지고 마무리해 팀이 일정 걱정 없이 다음 단계로 넘어갈 수 있었습니다. 운영 중 긴급 장애가 났을 때 침착하게 상황을 정리하고 복구를 주도했습니다. 코드 리뷰에서 품질 기준을 일관되게 지켜 팀의 결과물 수준을 끌어올렸습니다.,본인 범위에 집중하다 보니 다른 파트와의 연계가 늦어지는 경우가 있었습니다.
R000799,2025H2,X-0001,DP0053,DP0082,2025-12-15,금융사 가2 비정형 문서 메타데이터 전환 업무에서 함께 일하며 많은 도움을 받았습니다. 맡은 메타데이터 설계 범위를 끝까지 책임지고 마무리해 팀이 일정 걱정 없이 다음 단계로 넘어갈 수 있었습니다.,주니어에게 피드백을 줄 때 이유 설명이 짧아 학습 효과가 제한적이었습니다. 또한 기획력 측면도 보완하면 더 좋겠습니다.
R000800,2025H2,X-0001,DP0001,DP0082,2025-12-15,금융사 가2 비정형 문서 메타데이터 전환 수행 기간 동안 팀의 핵심 인력으로 활약했습니다. 파트 리더으로서 팀원 각자의 역량을 파악해 일을 배분하고 끝까지 이끄는 리더십이 뛰어났습니다. 검색엔진 노하우를 문서와 짧은 세션으로 공유해 팀 전체의 수준을 끌어올렸습니다.,"검색엔진 심화 영역에서는 판단 근거가 부족한 경우가 있어 추가 학습이 필요해 보입니다. 또한 멘토링, 학습력 측면도 보완하면 더 좋겠습니다."
R000801,2025H2,X-0001,DP0050,DP0082,2025-12-15,금융사 가2 비정형 문서 메타데이터 전환 수행 기간 동안 팀의 핵심 인력으로 활약했습니다. 개선 아이디어를 적극적으로 제안하고 직접 시범 적용까지 해 보였습니다. 검색엔진 관련 이슈가 생길 때마다 정확한 판단으로 해결 방향을 제시해 팀의 기준점이 되었습니다.,"의견이 엇갈릴 때 방향을 정리해 주는 역할은 조금 더 기대됩니다. 또한 학습력, 기술공유 측면도 보완하면 더 좋겠습니다."
R000802,2025H2,X-0001,DP0057,DP0082,2025-12-15,금융사 가2 비정형 문서 메타데이터 전환 업무에서 함께 일하며 많은 도움을 받았습니다. 코드 리뷰에서 품질 기준을 일관되게 지켜 팀의 결과물 수준을 끌어올렸습니다.,"메타데이터 관리 심화 영역에서는 판단 근거가 부족한 경우가 있어 추가 학습이 필요해 보입니다. 또한 창의성, 적극성 측면도 보완하면 더 좋겠습니다."
R000803,2025H2,X-0001,DP0094,DP0082,2025-12-15,금융사 가2 비정형 문서 메타데이터 전환을(를) 진행하는 동안 금융 고객 환경을 잘 이해하고 안정적으로 수행했습니다. 고객의 모호한 요구를 단계별 실행 계획으로 정리해 범위 변경을 줄였습니다. 테스트 기준을 스스로 높게 잡아 운영 이관 후 장애가 거의 없었습니다.,의견이 엇갈릴 때 방향을 정리해 주는 역할은 조금 더 기대됩니다. 또한 학습력 측면도 보완하면 더 좋겠습니다.
R000804,2025H2,X-0006,DP0026,DP0082,2025-12-15,금융사 바2 차세대 데이터 플랫폼 구축을(를) 진행하는 동안 금융 고객 환경을 잘 이해하고 안정적으로 수행했습니다. 테스트 기준을 스스로 높게 잡아 운영 이관 후 장애가 거의 없었습니다. 고객의 모호한 요구를 단계별 실행 계획으로 정리해 범위 변경을 줄였습니다. 맡은 메타데이터 설계 범위를 끝까지 책임지고 마무리해 팀이 일정 걱정 없이 다음 단계로 넘어갈 수 있었습니다.,새 기술 도입에 시간이 다소 걸려 초기 일정에 부담이 있었습니다. 또한 멘토링 측면도 보완하면 더 좋겠습니다.
R000805,2025H2,X-0057,DP0067,DP0083,2025-12-15,금융사 카 데이터 마트 구축 수행 기간 동안 팀의 핵심 인력으로 활약했습니다. 고객의 모호한 요구를 단계별 실행 계획으로 정리해 범위 변경을 줄였습니다.,의견이 엇갈릴 때 방향을 정리해 주는 역할은 조금 더 기대됩니다. 또한 전문성 측면도 보완하면 더 좋겠습니다.
R000806,2025H2,X-0057,DP0059,DP0083,2025-12-15,금융사 카 데이터 마트 구축 수행 기간 동안 팀의 핵심 인력으로 활약했습니다. 고객사 담당자와도 편하게 소통하는 친화력 덕분에 협의가 한결 수월했습니다. 적재 파이프라인의 핵심 기능을 직접 설계하며 요구사항을 구조화하는 기획력이 돋보였습니다. SQL 관련 이슈가 생길 때마다 정확한 판단으로 해결 방향을 제시해 팀의 기준점이 되었습니다. 기존 방식에 얽매이지 않는 대안을 제시해 적재 파이프라인의 처리 속도를 크게 개선했습니다.,주니어에게 피드백을 줄 때 이유 설명이 짧아 학습 효과가 제한적이었습니다. 또한 성실 측면도 보완하면 더 좋겠습니다.
R000807,2025H2,X-0057,DP0023,DP0083,2025-12-15,금융사 카 데이터 마트 구축을(를) 진행하는 동안 금융 고객 환경을 잘 이해하고 안정적으로 수행했습니다. 신규 인원에게 업무 맥락을 차근차근 설명해 적응 기간을 크게 줄여 주었습니다.,"테스트 범위를 좁게 잡아 회귀 결함이 뒤늦게 발견된 적이 있었습니다. 또한 꼼꼼함, 기술공유 측면도 보완하면 더 좋겠습니다."
R000808,2025H2,X-0057,DP0005,DP0083,2025-12-15,금융사 카 데이터 마트 구축 수행 기간 동안 팀의 핵심 인력으로 활약했습니다. 신규 인원에게 업무 맥락을 차근차근 설명해 적응 기간을 크게 줄여 주었습니다. 처음 합류한 인원들과도 금방 어울려 팀 분위기를 부드럽게 만들어 주었습니다.,요구사항을 구조화하기 전에 구현부터 시작하는 경우가 있어 사전 기획을 보완하면 좋겠습니다. 또한 품질의식 측면도 보완하면 더 좋겠습니다.
R000809,2025H2,X-0057,DP0059,DP0084,2025-12-15,금융사 카 데이터 마트 구축 수행 기간 동안 팀의 핵심 인력으로 활약했습니다. 다른 파트의 일정까지 살피며 먼저 도움을 제안해 팀 전체 속도를 끌어올렸습니다. 눈에 잘 띄지 않는 적재 파이프라인 작업도 성실하게 처리해 품질 기반을 다져 주었습니다.,"작업량 추정이 낙관적이어서 일정이 밀린 적이 몇 번 있었습니다. 또한 기획력, 적극성 측면도 보완하면 더 좋겠습니다."
R000810,2025H2,X-0057,DP0031,DP0084,2025-12-15,금융사 카 데이터 마트 구축 수행 기간 동안 팀의 핵심 인력으로 활약했습니다. 테스트 기준을 스스로 높게 잡아 운영 이관 후 장애가 거의 없었습니다. 기존 방식에 얽매이지 않는 대안을 제시해 적재 파이프라인의 처리 속도를 크게 개선했습니다.,작업량 추정이 낙관적이어서 일정이 밀린 적이 몇 번 있었습니다. 또한 책임감 측면도 보완하면 더 좋겠습니다.
R000811,2025H2,X-0057,DP0094,DP0084,2025-12-15,금융사 카 데이터 마트 구축을(를) 진행하는 동안 금융 고객 환경을 잘 이해하고 안정적으로 수행했습니다. 고객의 모호한 요구를 단계별 실행 계획으로 정리해 범위 변경을 줄였습니다. 매일 진행 상황을 꾸준히 공유하고 반복 점검 업무도 빠짐없이 챙겨 신뢰가 갔습니다. 설계 의도와 운영 절차를 잘 정리해 두어 인수인계가 매끄러웠습니다.,"작업량 추정이 낙관적이어서 일정이 밀린 적이 몇 번 있었습니다. 또한 위기대응, 꼼꼼함, 적극성 측면도 보완하면 더 좋겠습니다."
R000812,2025H2,X-0087,DP0060,DP0084,2025-12-15,금융사 자 차세대 데이터 플랫폼 구축을(를) 진행하는 동안 금융 고객 환경을 잘 이해하고 안정적으로 수행했습니다. 적재 파이프라인의 핵심 기능을 직접 설계하며 요구사항을 구조화하는 기획력이 돋보였습니다. 직접 겪은 시행착오를 정리해 공유해 다른 팀원들이 같은 실수를 피할 수 있었습니다. 눈에 잘 띄지 않는 적재 파이프라인 작업도 성실하게 처리해 품질 기반을 다져 주었습니다.,새로 합류한 인원과 거리감이 있어 초기 협업이 다소 더뎠습니다.
R000813,2025H2,X-0057,DP0100,DP0084,2025-12-15,금융사 카 데이터 마트 구축을(를) 진행하는 동안 금융 고객 환경을 잘 이해하고 안정적으로 수행했습니다. 적재 파이프라인의 핵심 기능을 직접 설계하며 요구사항을 구조화하는 기획력이 돋보였습니다. 다른 파트의 일정까지 살피며 먼저 도움을 제안해 팀 전체 속도를 끌어올렸습니다.,새로운 과제에는 먼저 나서기보다 지켜보는 편이라 조금 더 적극적이면 좋겠습니다. 또한 책임감 측면도 보완하면 더 좋겠습니다.
R000814,2025H2,X-0057,DP0077,DP0085,2025-12-15,금융사 카 데이터 마트 구축 업무에서 함께 일하며 많은 도움을 받았습니다. 설계 의도와 운영 절차를 잘 정리해 두어 인수인계가 매끄러웠습니다. 막힌 이슈를 작은 단위로 쪼개 가설을 검증하는 방식으로 해결 시간을 크게 단축했습니다. 제약이 많은 상황에서도 새로운 접근을 찾아내 고객의 호평을 받았습니다.,알고 있는 노하우를 팀에 공유하는 빈도가 낮아 지식이 한 사람에게 몰렸습니다. 또한 성실 측면도 보완하면 더 좋겠습니다.
R000815,2025H2,X-0084,DP0017,DP0085,2025-12-15,계열사 X 데이터 레이크 고도화을(를) 진행하는 동안 그룹사(대내) 고객 환경을 잘 이해하고 안정적으로 수행했습니다. 막힌 이슈를 작은 단위로 쪼개 가설을 검증하는 방식으로 해결 시간을 크게 단축했습니다. 주니어의 코드 리뷰에 이유까지 설명해 주어 팀의 성장에 기여했습니다. 변경 이력과 의사결정 배경을 꾸준히 기록해 고객 보고에 큰 도움이 되었습니다. 고객의 급한 요청에도 차분하게 대응해 신뢰를 얻었고 추가 요구 협상도 잘 이끌었습니다.,"새 기술 도입에 시간이 다소 걸려 초기 일정에 부담이 있었습니다. 또한 품질의식, 성실 측면도 보완하면 더 좋겠습니다."
R000816,2025H2,X-0057,DP0080,DP0085,2025-12-15,금융사 카 데이터 마트 구축 수행 기간 동안 팀의 핵심 인력으로 활약했습니다. 설계 의도와 운영 절차를 잘 정리해 두어 인수인계가 매끄러웠습니다. 적재 파이프라인 중 발생한 복합 장애의 근본 원인을 빠르게 찾아 재발 방지책까지 마련했습니다. 기존 방식에 얽매이지 않는 대안을 제시해 적재 파이프라인의 처리 속도를 크게 개선했습니다. 신규 인원에게 업무 맥락을 차근차근 설명해 적응 기간을 크게 줄여 주었습니다. 그 밖에도 고객대응 측면에서 좋은 모습을 보였습니다.,새 기술 도입에 시간이 다소 걸려 초기 일정에 부담이 있었습니다. 또한 성실 측면도 보완하면 더 좋겠습니다.
R000817,2025H2,X-0094,DP0100,DP0086,2025-12-15,계열사 S 데이터 거버넌스 구축 업무에서 함께 일하며 많은 도움을 받았습니다. 설계 의도와 운영 절차를 잘 정리해 두어 인수인계가 매끄러웠습니다. 신규 인원에게 업무 맥락을 차근차근 설명해 적응 기간을 크게 줄여 주었습니다. 제약이 많은 상황에서도 새로운 접근을 찾아내 고객의 호평을 받았습니다.,긴급 상황에서 우선순위 판단이 늦어 대응이 지연된 적이 있었습니다.
R000818,2025H2,X-0094,DP0038,DP0086,2025-12-15,계열사 S 데이터 거버넌스 구축을(를) 진행하는 동안 그룹사(대내) 고객 환경을 잘 이해하고 안정적으로 수행했습니다. 데이터·개발·운영 담당 사이의 연결고리 역할을 맡아 협업 병목을 풀어 주었습니다. 개선 아이디어를 적극적으로 제안하고 직접 시범 적용까지 해 보였습니다.,반복 점검 업무를 마감 직전까지 미루는 경우가 있어 꾸준함이 조금 아쉬웠습니다.
R000819,2025H2,X-0094,DP0041,DP0086,2025-12-15,계열사 S 데이터 거버넌스 구축 업무에서 함께 일하며 많은 도움을 받았습니다. 주니어의 코드 리뷰에 이유까지 설명해 주어 팀의 성장에 기여했습니다. 새로운 요구가 생기면 먼저 손을 들고 나서서 초기 검토를 맡아 주었습니다. 메타데이터 관리 분야의 깊은 전문성으로 설계 단계에서 기술적 리스크를 먼저 짚어 냈습니다.,변경 사항 문서화가 늦어 인수인계 때 다시 확인해야 하는 일이 있었습니다. 또한 꼼꼼함 측면도 보완하면 더 좋겠습니다.
R000820,2025H2,X-0094,DP0030,DP0086,2025-12-15,계열사 S 데이터 거버넌스 구축 수행 기간 동안 팀의 핵심 인력으로 활약했습니다. 코드 리뷰에서 품질 기준을 일관되게 지켜 팀의 결과물 수준을 끌어올렸습니다.,고객의 갑작스러운 요청에 방어적으로 대응해 협의가 길어진 적이 있었습니다.
R000821,2025H2,X-0094,DP0047,DP0086,2025-12-15,계열사 S 데이터 거버넌스 구축을(를) 진행하는 동안 그룹사(대내) 고객 환경을 잘 이해하고 안정적으로 수행했습니다. 코드 리뷰에서 품질 기준을 일관되게 지켜 팀의 결과물 수준을 끌어올렸습니다. Python 분야의 깊은 전문성으로 설계 단계에서 기술적 리스크를 먼저 짚어 냈습니다. 고객의 모호한 요구를 단계별 실행 계획으로 정리해 범위 변경을 줄였습니다.,고객의 갑작스러운 요청에 방어적으로 대응해 협의가 길어진 적이 있었습니다. 또한 위기대응 측면도 보완하면 더 좋겠습니다.
R000822,2025H2,X-0094,DP0090,DP0086,2025-12-15,계열사 S 데이터 거버넌스 구축 업무에서 함께 일하며 많은 도움을 받았습니다. 문제가 생겼을 때 남에게 미루지 않고 본인 일처럼 책임지고 원인을 정리해 주었습니다. 주니어의 코드 리뷰에 이유까지 설명해 주어 팀의 성장에 기여했습니다.,세부 설정값 검토가 빠져 배포 후 수정이 생긴 적이 있었습니다.
R000823,2025H2,X-0001,DP0050,DP0087,2025-12-15,금융사 가2 비정형 문서 메타데이터 전환 수행 기간 동안 팀의 핵심 인력으로 활약했습니다. 메타데이터 관리 분야의 깊은 전문성으로 설계 단계에서 기술적 리스크를 먼저 짚어 냈습니다. 데이터·개발·운영 담당 사이의 연결고리 역할을 맡아 협업 병목을 풀어 주었습니다. 기술 리더으로서 팀원 각자의 역량을 파악해 일을 배분하고 끝까지 이끄는 리더십이 뛰어났습니다. 고객의 모호한 요구를 단계별 실행 계획으로 정리해 범위 변경을 줄였습니다. 그 밖에도 학습력 측면에서 좋은 모습을 보였습니다.,긴급 상황에서 우선순위 판단이 늦어 대응이 지연된 적이 있었습니다.
R000824,2025H2,X-0073,DP0018,DP0087,2025-12-15,계열사 T 데이터 레이크 고도화을(를) 진행하는 동안 그룹사(대내) 고객 환경을 잘 이해하고 안정적으로 수행했습니다. 데이터 표준화의 핵심 기능을 직접 설계하며 요구사항을 구조화하는 기획력이 돋보였습니다. 고객의 급한 요청에도 차분하게 대응해 신뢰를 얻었고 추가 요구 협상도 잘 이끌었습니다. 주니어의 코드 리뷰에 이유까지 설명해 주어 팀의 성장에 기여했습니다.,새로운 과제에는 먼저 나서기보다 지켜보는 편이라 조금 더 적극적이면 좋겠습니다.
R000825,2025H2,X-0001,DP0045,DP0087,2025-12-15,금융사 가2 비정형 문서 메타데이터 전환을(를) 진행하는 동안 금융 고객 환경을 잘 이해하고 안정적으로 수행했습니다. 처음 접한 SQL도 짧은 시간에 익혀 바로 실무에 적용했습니다. 제약이 많은 상황에서도 새로운 접근을 찾아내 고객의 호평을 받았습니다. 직접 겪은 시행착오를 정리해 공유해 다른 팀원들이 같은 실수를 피할 수 있었습니다. 데이터·개발·운영 담당 사이의 연결고리 역할을 맡아 협업 병목을 풀어 주었습니다.,새로운 과제에는 먼저 나서기보다 지켜보는 편이라 조금 더 적극적이면 좋겠습니다.
R000826,2025H2,X-0073,DP0036,DP0087,2025-12-15,계열사 T 데이터 레이크 고도화 수행 기간 동안 팀의 핵심 인력으로 활약했습니다. 기존 방식에 얽매이지 않는 대안을 제시해 데이터 표준화의 처리 속도를 크게 개선했습니다. 처음 접한 메타데이터 관리도 짧은 시간에 익혀 바로 실무에 적용했습니다. 데이터·개발·운영 담당 사이의 연결고리 역할을 맡아 협업 병목을 풀어 주었습니다.,고객의 갑작스러운 요청에 방어적으로 대응해 협의가 길어진 적이 있었습니다.
R000827,2025H2,X-0001,DP0078,DP0087,2025-12-15,금융사 가2 비정형 문서 메타데이터 전환 수행 기간 동안 팀의 핵심 인력으로 활약했습니다. 새 도메인 지식을 빠르게 흡수해 투입 초기부터 제 몫을 해냈습니다. 주니어의 코드 리뷰에 이유까지 설명해 주어 팀의 성장에 기여했습니다. 코드 리뷰에서 품질 기준을 일관되게 지켜 팀의 결과물 수준을 끌어올렸습니다. 기존 방식에 얽매이지 않는 대안을 제시해 메타데이터 설계의 처리 속도를 크게 개선했습니다. 그 밖에도 소통 측면에서 좋은 모습을 보였습니다.,고객의 갑작스러운 요청에 방어적으로 대응해 협의가 길어진 적이 있었습니다. 또한 적극성 측면도 보완하면 더 좋겠습니다.
R000828,2025H2,X-0073,DP0010,DP0087,2025-12-15,계열사 T 데이터 레이크 고도화을(를) 진행하는 동안 그룹사(대내) 고객 환경을 잘 이해하고 안정적으로 수행했습니다. 처음 접한 메타데이터 관리도 짧은 시간에 익혀 바로 실무에 적용했습니다. 맡은 데이터 표준화 범위를 끝까지 책임지고 마무리해 팀이 일정 걱정 없이 다음 단계로 넘어갈 수 있었습니다. 메타데이터 관리 노하우를 문서와 짧은 세션으로 공유해 팀 전체의 수준을 끌어올렸습니다.,새로운 과제에는 먼저 나서기보다 지켜보는 편이라 조금 더 적극적이면 좋겠습니다.
R000829,2025H2,X-0020,DP0068,DP0088,2025-12-15,공공기관 무 공공데이터 개방 플랫폼 구축 업무에서 함께 일하며 많은 도움을 받았습니다. 직접 겪은 시행착오를 정리해 공유해 다른 팀원들이 같은 실수를 피할 수 있었습니다. 문제가 생겼을 때 남에게 미루지 않고 본인 일처럼 책임지고 원인을 정리해 주었습니다.,진행 상황 공유가 늦어 다른 담당자가 뒤늦게 파악하는 일이 있었습니다. 또한 협업 측면도 보완하면 더 좋겠습니다.
R000830,2025H2,X-0020,DP0063,DP0088,2025-12-15,공공기관 무 공공데이터 개방 플랫폼 구축 업무에서 함께 일하며 많은 도움을 받았습니다. 설계 의도와 운영 절차를 잘 정리해 두어 인수인계가 매끄러웠습니다.,본인 범위에 집중하다 보니 다른 파트와의 연계가 늦어지는 경우가 있었습니다. 또한 적극성 측면도 보완하면 더 좋겠습니다.
R000831,2025H2,X-0020,DP0051,DP0088,2025-12-15,공공기관 무 공공데이터 개방 플랫폼 구축을(를) 진행하는 동안 공공 고객 환경을 잘 이해하고 안정적으로 수행했습니다. 작업량을 현실적으로 추정해 일정 계획의 정확도를 높였습니다. 처음 합류한 인원들과도 금방 어울려 팀 분위기를 부드럽게 만들어 주었습니다. 검색엔진 노하우를 문서와 짧은 세션으로 공유해 팀 전체의 수준을 끌어올렸습니다. 고객사 현업 담당자의 불만을 경청하고 대안을 제시해 관계를 개선했습니다.,"장애 대응 시 임시 조치에 머무는 경우가 있어 근본 원인 분석까지 이어지면 좋겠습니다. 또한 적극성, 소통 측면도 보완하면 더 좋겠습니다."
R000832,2025H2,X-0020,DP0092,DP0088,2025-12-15,공공기관 무 공공데이터 개방 플랫폼 구축 업무에서 함께 일하며 많은 도움을 받았습니다. 마일스톤별 위험 요소를 미리 관리해 데이터 정제 일정을 한 번도 놓치지 않았습니다. 메타데이터 관리 노하우를 문서와 짧은 세션으로 공유해 팀 전체의 수준을 끌어올렸습니다.,새 기술 도입에 시간이 다소 걸려 초기 일정에 부담이 있었습니다. 또한 소통 측면도 보완하면 더 좋겠습니다.
R000833,2025H2,X-0084,DP0044,DP0089,2025-12-15,계열사 X 데이터 레이크 고도화을(를) 진행하는 동안 그룹사(대내) 고객 환경을 잘 이해하고 안정적으로 수행했습니다. 제약이 많은 상황에서도 새로운 접근을 찾아내 고객의 호평을 받았습니다. 카탈로그 구축의 핵심 기능을 직접 설계하며 요구사항을 구조화하는 기획력이 돋보였습니다.,테스트 범위를 좁게 잡아 회귀 결함이 뒤늦게 발견된 적이 있었습니다. 또한 학습력 측면도 보완하면 더 좋겠습니다.
R000834,2025H2,X-0084,DP0064,DP0089,2025-12-15,계열사 X 데이터 레이크 고도화 수행 기간 동안 팀의 핵심 인력으로 활약했습니다. 제약이 많은 상황에서도 새로운 접근을 찾아내 고객의 호평을 받았습니다. 직접 겪은 시행착오를 정리해 공유해 다른 팀원들이 같은 실수를 피할 수 있었습니다. 카탈로그 구축 중 발생한 복합 장애의 근본 원인을 빠르게 찾아 재발 방지책까지 마련했습니다.,고객의 갑작스러운 요청에 방어적으로 대응해 협의가 길어진 적이 있었습니다.
R000835,2025H2,X-0084,DP0076,DP0089,2025-12-15,계열사 X 데이터 레이크 고도화 수행 기간 동안 팀의 핵심 인력으로 활약했습니다. 데이터 모델링 노하우를 문서와 짧은 세션으로 공유해 팀 전체의 수준을 끌어올렸습니다. 일정이 크게 흔들린 시점에 대응 계획을 빠르게 세워 위기를 넘겼습니다. 카탈로그 구축 중 발생한 복합 장애의 근본 원인을 빠르게 찾아 재발 방지책까지 마련했습니다. 기존 방식에 얽매이지 않는 대안을 제시해 카탈로그 구축의 처리 속도를 크게 개선했습니다. 그 밖에도 기획력 측면에서 좋은 모습을 보였습니다.,고객의 갑작스러운 요청에 방어적으로 대응해 협의가 길어진 적이 있었습니다.
R000836,2025H2,X-0084,DP0017,DP0089,2025-12-15,계열사 X 데이터 레이크 고도화 수행 기간 동안 팀의 핵심 인력으로 활약했습니다. 막힌 이슈를 작은 단위로 쪼개 가설을 검증하는 방식으로 해결 시간을 크게 단축했습니다. 데이터 모델링 노하우를 문서와 짧은 세션으로 공유해 팀 전체의 수준을 끌어올렸습니다.,기존 방식에 익숙해 새로운 대안을 검토하는 데는 소극적이었습니다.
R000837,2025H2,X-0084,DP0058,DP0089,2025-12-15,계열사 X 데이터 레이크 고도화 수행 기간 동안 팀의 핵심 인력으로 활약했습니다. 제약이 많은 상황에서도 새로운 접근을 찾아내 고객의 호평을 받았습니다. 카탈로그 구축 중 발생한 복합 장애의 근본 원인을 빠르게 찾아 재발 방지책까지 마련했습니다. 고객사와 개발팀 사이에서 요구사항을 명확히 전달해 재작업을 크게 줄였습니다. 코드 리뷰에서 품질 기준을 일관되게 지켜 팀의 결과물 수준을 끌어올렸습니다.,고객의 갑작스러운 요청에 방어적으로 대응해 협의가 길어진 적이 있었습니다.
R000838,2025H2,X-0084,DP0085,DP0089,2025-12-15,계열사 X 데이터 레이크 고도화 업무에서 함께 일하며 많은 도움을 받았습니다. 운영 중 긴급 장애가 났을 때 침착하게 상황을 정리하고 복구를 주도했습니다. BI Reporting 노하우를 문서와 짧은 세션으로 공유해 팀 전체의 수준을 끌어올렸습니다.,새 기술 도입에 시간이 다소 걸려 초기 일정에 부담이 있었습니다. 또한 고객대응 측면도 보완하면 더 좋겠습니다.
R000839,2025H2,X-0001,DP0061,DP0090,2025-12-15,금융사 가2 비정형 문서 메타데이터 전환을(를) 진행하는 동안 금융 고객 환경을 잘 이해하고 안정적으로 수행했습니다. 마일스톤별 위험 요소를 미리 관리해 메타데이터 설계 일정을 한 번도 놓치지 않았습니다. 개선 아이디어를 적극적으로 제안하고 직접 시범 적용까지 해 보였습니다.,고객의 갑작스러운 요청에 방어적으로 대응해 협의가 길어진 적이 있었습니다. 또한 문제해결 측면도 보완하면 더 좋겠습니다.
R000840,2025H2,X-0094,DP0030,DP0090,2025-12-15,계열사 S 데이터 거버넌스 구축을(를) 진행하는 동안 그룹사(대내) 고객 환경을 잘 이해하고 안정적으로 수행했습니다. 작업량을 현실적으로 추정해 일정 계획의 정확도를 높였습니다.,긴급 상황에서 우선순위 판단이 늦어 대응이 지연된 적이 있었습니다.
R000841,2025H2,X-0001,DP0057,DP0090,2025-12-15,금융사 가2 비정형 문서 메타데이터 전환 업무에서 함께 일하며 많은 도움을 받았습니다. 개선 아이디어를 적극적으로 제안하고 직접 시범 적용까지 해 보였습니다. 눈에 잘 띄지 않는 메타데이터 설계 작업도 성실하게 처리해 품질 기반을 다져 주었습니다.,"다만 경계가 애매한 업무는 먼저 맡으려 하지 않는 경우가 있어 주인 의식을 조금 더 보여 주면 좋겠습니다. 또한 리더십, 고객대응, 문제해결 측면도 보완하면 더 좋겠습니다."
R000842,2025H2,X-0001,DP0087,DP0091,2025-12-15,금융사 가2 비정형 문서 메타데이터 전환 수행 기간 동안 팀의 핵심 인력으로 활약했습니다. 산출물과 설정값을 꼼꼼하게 대조해 배포 전 결함을 여러 건 미리 잡아냈습니다. 운영 중 긴급 장애가 났을 때 침착하게 상황을 정리하고 복구를 주도했습니다. 새로운 요구가 생기면 먼저 손을 들고 나서서 초기 검토를 맡아 주었습니다. 핵심 담당자으로서 팀원 각자의 역량을 파악해 일을 배분하고 끝까지 이끄는 리더십이 뛰어났습니다.,기존 방식에 익숙해 새로운 대안을 검토하는 데는 소극적이었습니다. 또한 멘토링 측면도 보완하면 더 좋겠습니다.
R000843,2025H2,X-0001,DP0045,DP0091,2025-12-15,금융사 가2 비정형 문서 메타데이터 전환을(를) 진행하는 동안 금융 고객 환경을 잘 이해하고 안정적으로 수행했습니다. 고객사 현업 담당자의 불만을 경청하고 대안을 제시해 관계를 개선했습니다. 핵심 담당자으로서 팀원 각자의 역량을 파악해 일을 배분하고 끝까지 이끄는 리더십이 뛰어났습니다. 다른 파트의 일정까지 살피며 먼저 도움을 제안해 팀 전체 속도를 끌어올렸습니다.,ETL 심화 영역에서는 판단 근거가 부족한 경우가 있어 추가 학습이 필요해 보입니다.
R000844,2025H2,X-0001,DP0004,DP0091,2025-12-15,금융사 가2 비정형 문서 메타데이터 전환 수행 기간 동안 팀의 핵심 인력으로 활약했습니다. 마일스톤별 위험 요소를 미리 관리해 메타데이터 설계 일정을 한 번도 놓치지 않았습니다.,다만 경계가 애매한 업무는 먼저 맡으려 하지 않는 경우가 있어 주인 의식을 조금 더 보여 주면 좋겠습니다.
R000845,2025H2,X-0001,DP0008,DP0091,2025-12-15,금융사 가2 비정형 문서 메타데이터 전환 업무에서 함께 일하며 많은 도움을 받았습니다. 데이터·개발·운영 담당 사이의 연결고리 역할을 맡아 협업 병목을 풀어 주었습니다. 일정이 흔들릴 때 우선순위를 다시 세우고 팀을 안정적으로 이끌었습니다. 매일 진행 상황을 꾸준히 공유하고 반복 점검 업무도 빠짐없이 챙겨 신뢰가 갔습니다. 새로운 요구가 생기면 먼저 손을 들고 나서서 초기 검토를 맡아 주었습니다.,비정형 문서 처리(OCR) 심화 영역에서는 판단 근거가 부족한 경우가 있어 추가 학습이 필요해 보입니다.
R000846,2025H2,X-0020,DP0056,DP0092,2025-12-15,공공기관 무 공공데이터 개방 플랫폼 구축 업무에서 함께 일하며 많은 도움을 받았습니다. 처음 접한 Python도 짧은 시간에 익혀 바로 실무에 적용했습니다. 신규 인원에게 업무 맥락을 차근차근 설명해 적응 기간을 크게 줄여 주었습니다. 개선 아이디어를 적극적으로 제안하고 직접 시범 적용까지 해 보였습니다. 데이터·개발·운영 담당 사이의 연결고리 역할을 맡아 협업 병목을 풀어 주었습니다. 그 밖에도 창의성 측면에서 좋은 모습을 보였습니다.,반복 점검 업무를 마감 직전까지 미루는 경우가 있어 꾸준함이 조금 아쉬웠습니다. 또한 위기대응 측면도 보완하면 더 좋겠습니다.
R000847,2025H2,X-0020,DP0039,DP0092,2025-12-15,공공기관 무 공공데이터 개방 플랫폼 구축 업무에서 함께 일하며 많은 도움을 받았습니다. 제약이 많은 상황에서도 새로운 접근을 찾아내 고객의 호평을 받았습니다. 신규 인원에게 업무 맥락을 차근차근 설명해 적응 기간을 크게 줄여 주었습니다. 테스트 기준을 스스로 높게 잡아 운영 이관 후 장애가 거의 없었습니다.,반복 점검 업무를 마감 직전까지 미루는 경우가 있어 꾸준함이 조금 아쉬웠습니다.
R000848,2025H2,X-0020,DP0015,DP0092,2025-12-15,공공기관 무 공공데이터 개방 플랫폼 구축을(를) 진행하는 동안 공공 고객 환경을 잘 이해하고 안정적으로 수행했습니다. 테스트 기준을 스스로 높게 잡아 운영 이관 후 장애가 거의 없었습니다. 기존 방식에 얽매이지 않는 대안을 제시해 데이터 정제의 처리 속도를 크게 개선했습니다. 산출물과 설정값을 꼼꼼하게 대조해 배포 전 결함을 여러 건 미리 잡아냈습니다. 고객의 모호한 요구를 단계별 실행 계획으로 정리해 범위 변경을 줄였습니다. 그 밖에도 멘토링 측면에서 좋은 모습을 보였습니다.,진행 상황 공유가 늦어 다른 담당자가 뒤늦게 파악하는 일이 있었습니다.
R000849,2025H2,X-0020,DP0063,DP0092,2025-12-15,공공기관 무 공공데이터 개방 플랫폼 구축을(를) 진행하는 동안 공공 고객 환경을 잘 이해하고 안정적으로 수행했습니다. 데이터·개발·운영 담당 사이의 연결고리 역할을 맡아 협업 병목을 풀어 주었습니다. 신규 인원에게 업무 맥락을 차근차근 설명해 적응 기간을 크게 줄여 주었습니다. 검수 체크리스트를 촘촘하게 운영해 고객 검수에서 지적이 거의 나오지 않았습니다. 테스트 기준을 스스로 높게 잡아 운영 이관 후 장애가 거의 없었습니다. 그 밖에도 기획력 측면에서 좋은 모습을 보였습니다.,다만 경계가 애매한 업무는 먼저 맡으려 하지 않는 경우가 있어 주인 의식을 조금 더 보여 주면 좋겠습니다.
R000850,2025H2,X-0087,DP0060,DP0093,2025-12-15,금융사 자 차세대 데이터 플랫폼 구축을(를) 진행하는 동안 금융 고객 환경을 잘 이해하고 안정적으로 수행했습니다. 신규 인원에게 업무 맥락을 차근차근 설명해 적응 기간을 크게 줄여 주었습니다. 고객사와 개발팀 사이에서 요구사항을 명확히 전달해 재작업을 크게 줄였습니다. 변경 이력과 의사결정 배경을 꾸준히 기록해 고객 보고에 큰 도움이 되었습니다. 고객의 급한 요청에도 차분하게 대응해 신뢰를 얻었고 추가 요구 협상도 잘 이끌었습니다. 그 밖에도 위기대응 측면에서 좋은 모습을 보였습니다.,기존 방식에 익숙해 새로운 대안을 검토하는 데는 소극적이었습니다. 또한 책임감 측면도 보완하면 더 좋겠습니다.
R000851,2025H2,X-0057,DP0100,DP0093,2025-12-15,금융사 카 데이터 마트 구축 수행 기간 동안 팀의 핵심 인력으로 활약했습니다. 막힌 이슈를 작은 단위로 쪼개 가설을 검증하는 방식으로 해결 시간을 크게 단축했습니다. 개선 아이디어를 적극적으로 제안하고 직접 시범 적용까지 해 보였습니다. 설계 의도와 운영 절차를 잘 정리해 두어 인수인계가 매끄러웠습니다. 마일스톤별 위험 요소를 미리 관리해 적재 파이프라인 일정을 한 번도 놓치지 않았습니다. 그 밖에도 소통 측면에서 좋은 모습을 보였습니다.,알고 있는 노하우를 팀에 공유하는 빈도가 낮아 지식이 한 사람에게 몰렸습니다. 또한 창의성 측면도 보완하면 더 좋겠습니다.
R000852,2025H2,X-0057,DP0083,DP0093,2025-12-15,금융사 카 데이터 마트 구축 업무에서 함께 일하며 많은 도움을 받았습니다. 막힌 이슈를 작은 단위로 쪼개 가설을 검증하는 방식으로 해결 시간을 크게 단축했습니다. 고객사와 개발팀 사이에서 요구사항을 명확히 전달해 재작업을 크게 줄였습니다. 고객의 급한 요청에도 차분하게 대응해 신뢰를 얻었고 추가 요구 협상도 잘 이끌었습니다. 설계 의도와 운영 절차를 잘 정리해 두어 인수인계가 매끄러웠습니다.,새로 합류한 인원과 거리감이 있어 초기 협업이 다소 더뎠습니다. 또한 창의성 측면도 보완하면 더 좋겠습니다.
R000853,2025H2,X-0057,DP0014,DP0093,2025-12-15,금융사 카 데이터 마트 구축 업무에서 함께 일하며 많은 도움을 받았습니다. 변경 이력과 의사결정 배경을 꾸준히 기록해 고객 보고에 큰 도움이 되었습니다. 고객사 현업 담당자의 불만을 경청하고 대안을 제시해 관계를 개선했습니다. 막힌 이슈를 작은 단위로 쪼개 가설을 검증하는 방식으로 해결 시간을 크게 단축했습니다. 회의 때마다 쟁점을 쉽게 정리해 이해관계자들의 합의를 빠르게 이끌었습니다.,주니어에게 피드백을 줄 때 이유 설명이 짧아 학습 효과가 제한적이었습니다.
R000854,2025H2,X-0057,DP0001,DP0093,2025-12-15,금융사 카 데이터 마트 구축 수행 기간 동안 팀의 핵심 인력으로 활약했습니다. 신규 인원에게 업무 맥락을 차근차근 설명해 적응 기간을 크게 줄여 주었습니다. 고객사 현업 담당자의 불만을 경청하고 대안을 제시해 관계를 개선했습니다. 변경 이력과 의사결정 배경을 꾸준히 기록해 고객 보고에 큰 도움이 되었습니다. 고객사와 개발팀 사이에서 요구사항을 명확히 전달해 재작업을 크게 줄였습니다. 그 밖에도 문제해결 측면에서 좋은 모습을 보였습니다.,기존 방식에 익숙해 새로운 대안을 검토하는 데는 소극적이었습니다. 또한 적극성 측면도 보완하면 더 좋겠습니다.
R000855,2025H2,X-0057,DP0023,DP0093,2025-12-15,금융사 카 데이터 마트 구축 수행 기간 동안 팀의 핵심 인력으로 활약했습니다. 고객사와 개발팀 사이에서 요구사항을 명확히 전달해 재작업을 크게 줄였습니다. 적재 파이프라인 중 발생한 복합 장애의 근본 원인을 빠르게 찾아 재발 방지책까지 마련했습니다. 고객사 현업 담당자의 불만을 경청하고 대안을 제시해 관계를 개선했습니다. 일정이 크게 흔들린 시점에 대응 계획을 빠르게 세워 위기를 넘겼습니다.,새로운 과제에는 먼저 나서기보다 지켜보는 편이라 조금 더 적극적이면 좋겠습니다.
R000856,2025H2,X-0001,DP0050,DP0094,2025-12-15,금융사 가2 비정형 문서 메타데이터 전환을(를) 진행하는 동안 금융 고객 환경을 잘 이해하고 안정적으로 수행했습니다. 맡은 메타데이터 설계 범위를 끝까지 책임지고 마무리해 팀이 일정 걱정 없이 다음 단계로 넘어갈 수 있었습니다. 개선 아이디어를 적극적으로 제안하고 직접 시범 적용까지 해 보였습니다. 처음 합류한 인원들과도 금방 어울려 팀 분위기를 부드럽게 만들어 주었습니다.,변경 사항 문서화가 늦어 인수인계 때 다시 확인해야 하는 일이 있었습니다. 또한 성실 측면도 보완하면 더 좋겠습니다.
R000857,2025H2,X-0001,DP0053,DP0094,2025-12-15,금융사 가2 비정형 문서 메타데이터 전환을(를) 진행하는 동안 금융 고객 환경을 잘 이해하고 안정적으로 수행했습니다. 검수 체크리스트를 촘촘하게 운영해 고객 검수에서 지적이 거의 나오지 않았습니다. 마일스톤별 위험 요소를 미리 관리해 메타데이터 설계 일정을 한 번도 놓치지 않았습니다. 메타데이터 설계 중 발생한 복합 장애의 근본 원인을 빠르게 찾아 재발 방지책까지 마련했습니다.,"요구사항을 구조화하기 전에 구현부터 시작하는 경우가 있어 사전 기획을 보완하면 좋겠습니다. 또한 성실, 고객대응 측면도 보완하면 더 좋겠습니다."
R000858,2025H2,X-0057,DP0080,DP0094,2025-12-15,금융사 카 데이터 마트 구축 업무에서 함께 일하며 많은 도움을 받았습니다. 테스트 기준을 스스로 높게 잡아 운영 이관 후 장애가 거의 없었습니다. 검수 체크리스트를 촘촘하게 운영해 고객 검수에서 지적이 거의 나오지 않았습니다. 새로운 요구가 생기면 먼저 손을 들고 나서서 초기 검토를 맡아 주었습니다.,장애 대응 시 임시 조치에 머무는 경우가 있어 근본 원인 분석까지 이어지면 좋겠습니다.
R000859,2025H2,X-0055,DP0025,DP0095,2025-12-15,계열사 O 데이터 레이크 고도화 업무에서 함께 일하며 많은 도움을 받았습니다. 작업량을 현실적으로 추정해 일정 계획의 정확도를 높였습니다.,장애 대응 시 임시 조치에 머무는 경우가 있어 근본 원인 분석까지 이어지면 좋겠습니다. 또한 고객대응 측면도 보완하면 더 좋겠습니다.
R000860,2025H2,X-0055,DP0009,DP0095,2025-12-15,계열사 O 데이터 레이크 고도화을(를) 진행하는 동안 그룹사(대내) 고객 환경을 잘 이해하고 안정적으로 수행했습니다. 문제가 생겼을 때 남에게 미루지 않고 본인 일처럼 책임지고 원인을 정리해 주었습니다.,"기존 방식에 익숙해 새로운 대안을 검토하는 데는 소극적이었습니다. 또한 문서화, 고객대응, 학습력 측면도 보완하면 더 좋겠습니다."
R000861,2025H2,X-0055,DP0040,DP0095,2025-12-15,계열사 O 데이터 레이크 고도화을(를) 진행하는 동안 그룹사(대내) 고객 환경을 잘 이해하고 안정적으로 수행했습니다. 고객사와 개발팀 사이에서 요구사항을 명확히 전달해 재작업을 크게 줄였습니다.,"고객의 갑작스러운 요청에 방어적으로 대응해 협의가 길어진 적이 있었습니다. 또한 문제해결, 창의성 측면도 보완하면 더 좋겠습니다."
R000862,2025H2,X-0055,DP0045,DP0095,2025-12-15,계열사 O 데이터 레이크 고도화 업무에서 함께 일하며 많은 도움을 받았습니다. 운영 중 긴급 장애가 났을 때 침착하게 상황을 정리하고 복구를 주도했습니다.,"고객의 갑작스러운 요청에 방어적으로 대응해 협의가 길어진 적이 있었습니다. 또한 문서화, 문제해결 측면도 보완하면 더 좋겠습니다."
R000863,2025H2,X-0073,DP0023,DP0096,2025-12-15,계열사 T 데이터 레이크 고도화을(를) 진행하는 동안 그룹사(대내) 고객 환경을 잘 이해하고 안정적으로 수행했습니다. Kafka 관련 이슈가 생길 때마다 정확한 판단으로 해결 방향을 제시해 팀의 기준점이 되었습니다. 눈에 잘 띄지 않는 데이터 표준화 작업도 성실하게 처리해 품질 기반을 다져 주었습니다. 테스트 기준을 스스로 높게 잡아 운영 이관 후 장애가 거의 없었습니다.,"긴급 상황에서 우선순위 판단이 늦어 대응이 지연된 적이 있었습니다. 또한 학습력, 친화력 측면도 보완하면 더 좋겠습니다."
R000864,2025H2,X-0073,DP0087,DP0096,2025-12-15,계열사 T 데이터 레이크 고도화 업무에서 함께 일하며 많은 도움을 받았습니다. 회의 때마다 쟁점을 쉽게 정리해 이해관계자들의 합의를 빠르게 이끌었습니다. 다른 파트의 일정까지 살피며 먼저 도움을 제안해 팀 전체 속도를 끌어올렸습니다. 담당자으로서 팀원 각자의 역량을 파악해 일을 배분하고 끝까지 이끄는 리더십이 뛰어났습니다.,장애 대응 시 임시 조치에 머무는 경우가 있어 근본 원인 분석까지 이어지면 좋겠습니다.
R000865,2025H2,X-0073,DP0097,DP0096,2025-12-15,계열사 T 데이터 레이크 고도화 수행 기간 동안 팀의 핵심 인력으로 활약했습니다. 고객사와 개발팀 사이에서 요구사항을 명확히 전달해 재작업을 크게 줄였습니다. Scala 관련 이슈가 생길 때마다 정확한 판단으로 해결 방향을 제시해 팀의 기준점이 되었습니다. 산출물과 설정값을 꼼꼼하게 대조해 배포 전 결함을 여러 건 미리 잡아냈습니다.,변경 사항 문서화가 늦어 인수인계 때 다시 확인해야 하는 일이 있었습니다. 또한 기술공유 측면도 보완하면 더 좋겠습니다.
R000866,2025H2,X-0073,DP0070,DP0096,2025-12-15,계열사 T 데이터 레이크 고도화 업무에서 함께 일하며 많은 도움을 받았습니다. 산출물과 설정값을 꼼꼼하게 대조해 배포 전 결함을 여러 건 미리 잡아냈습니다. 코드 리뷰에서 품질 기준을 일관되게 지켜 팀의 결과물 수준을 끌어올렸습니다. 다른 파트의 일정까지 살피며 먼저 도움을 제안해 팀 전체 속도를 끌어올렸습니다. 맡은 데이터 표준화 범위를 끝까지 책임지고 마무리해 팀이 일정 걱정 없이 다음 단계로 넘어갈 수 있었습니다.,"변경 사항 문서화가 늦어 인수인계 때 다시 확인해야 하는 일이 있었습니다. 또한 친화력, 학습력 측면도 보완하면 더 좋겠습니다."
R000867,2025H2,X-0073,DP0039,DP0096,2025-12-15,계열사 T 데이터 레이크 고도화 수행 기간 동안 팀의 핵심 인력으로 활약했습니다. 기존 방식에 얽매이지 않는 대안을 제시해 데이터 표준화의 처리 속도를 크게 개선했습니다. Hadoop 관련 이슈가 생길 때마다 정확한 판단으로 해결 방향을 제시해 팀의 기준점이 되었습니다. 새로운 요구가 생기면 먼저 손을 들고 나서서 초기 검토를 맡아 주었습니다.,의견이 엇갈릴 때 방향을 정리해 주는 역할은 조금 더 기대됩니다. 또한 친화력 측면도 보완하면 더 좋겠습니다.
R000868,2025H2,X-0073,DP0018,DP0096,2025-12-15,계열사 T 데이터 레이크 고도화 업무에서 함께 일하며 많은 도움을 받았습니다. 다른 파트의 일정까지 살피며 먼저 도움을 제안해 팀 전체 속도를 끌어올렸습니다. 고객사와 개발팀 사이에서 요구사항을 명확히 전달해 재작업을 크게 줄였습니다.,의견이 엇갈릴 때 방향을 정리해 주는 역할은 조금 더 기대됩니다. 또한 꼼꼼함 측면도 보완하면 더 좋겠습니다.
R000869,2025H2,X-0073,DP0096,DP0097,2025-12-15,계열사 T 데이터 레이크 고도화을(를) 진행하는 동안 그룹사(대내) 고객 환경을 잘 이해하고 안정적으로 수행했습니다. 다른 파트의 일정까지 살피며 먼저 도움을 제안해 팀 전체 속도를 끌어올렸습니다. 기존 방식에 얽매이지 않는 대안을 제시해 데이터 표준화의 처리 속도를 크게 개선했습니다.,"변경 사항 문서화가 늦어 인수인계 때 다시 확인해야 하는 일이 있었습니다. 또한 책임감, 고객대응 측면도 보완하면 더 좋겠습니다."
R000870,2025H2,X-0073,DP0055,DP0097,2025-12-15,계열사 T 데이터 레이크 고도화 업무에서 함께 일하며 많은 도움을 받았습니다. 직접 겪은 시행착오를 정리해 공유해 다른 팀원들이 같은 실수를 피할 수 있었습니다. 데이터 표준화 중 발생한 복합 장애의 근본 원인을 빠르게 찾아 재발 방지책까지 마련했습니다.,다만 경계가 애매한 업무는 먼저 맡으려 하지 않는 경우가 있어 주인 의식을 조금 더 보여 주면 좋겠습니다. 또한 문서화 측면도 보완하면 더 좋겠습니다.
R000871,2025H2,X-0073,DP0048,DP0097,2025-12-15,계열사 T 데이터 레이크 고도화을(를) 진행하는 동안 그룹사(대내) 고객 환경을 잘 이해하고 안정적으로 수행했습니다. 고객의 급한 요청에도 차분하게 대응해 신뢰를 얻었고 추가 요구 협상도 잘 이끌었습니다. 일정이 크게 흔들린 시점에 대응 계획을 빠르게 세워 위기를 넘겼습니다. 데이터 표준화의 핵심 기능을 직접 설계하며 요구사항을 구조화하는 기획력이 돋보였습니다.,"새로 합류한 인원과 거리감이 있어 초기 협업이 다소 더뎠습니다. 또한 문서화, 책임감 측면도 보완하면 더 좋겠습니다."
R000872,2025H2,X-0073,DP0087,DP0097,2025-12-15,계열사 T 데이터 레이크 고도화 수행 기간 동안 팀의 핵심 인력으로 활약했습니다. 데이터 표준화의 핵심 기능을 직접 설계하며 요구사항을 구조화하는 기획력이 돋보였습니다. 처음 합류한 인원들과도 금방 어울려 팀 분위기를 부드럽게 만들어 주었습니다. 신규 인원에게 업무 맥락을 차근차근 설명해 적응 기간을 크게 줄여 주었습니다.,다만 경계가 애매한 업무는 먼저 맡으려 하지 않는 경우가 있어 주인 의식을 조금 더 보여 주면 좋겠습니다. 또한 문서화 측면도 보완하면 더 좋겠습니다.
R000873,2025H2,X-0073,DP0023,DP0097,2025-12-15,계열사 T 데이터 레이크 고도화 업무에서 함께 일하며 많은 도움을 받았습니다. 데이터 표준화 중 발생한 복합 장애의 근본 원인을 빠르게 찾아 재발 방지책까지 마련했습니다. 고객사 현업 담당자의 불만을 경청하고 대안을 제시해 관계를 개선했습니다.,"반복 점검 업무를 마감 직전까지 미루는 경우가 있어 꾸준함이 조금 아쉬웠습니다. 또한 협업, 책임감 측면도 보완하면 더 좋겠습니다."
R000874,2025H2,X-0057,DP0054,DP0098,2025-12-15,금융사 카 데이터 마트 구축을(를) 진행하는 동안 금융 고객 환경을 잘 이해하고 안정적으로 수행했습니다. 마일스톤별 위험 요소를 미리 관리해 적재 파이프라인 일정을 한 번도 놓치지 않았습니다.,Python 심화 영역에서는 판단 근거가 부족한 경우가 있어 추가 학습이 필요해 보입니다. 또한 위기대응 측면도 보완하면 더 좋겠습니다.
R000875,2025H2,X-0057,DP0011,DP0098,2025-12-15,금융사 카 데이터 마트 구축 수행 기간 동안 팀의 핵심 인력으로 활약했습니다. 적재 파이프라인의 핵심 기능을 직접 설계하며 요구사항을 구조화하는 기획력이 돋보였습니다.,"Text Analysis 심화 영역에서는 판단 근거가 부족한 경우가 있어 추가 학습이 필요해 보입니다. 또한 일정관리, 고객대응 측면도 보완하면 더 좋겠습니다."
R000876,2025H2,X-0057,DP0040,DP0098,2025-12-15,금융사 카 데이터 마트 구축을(를) 진행하는 동안 금융 고객 환경을 잘 이해하고 안정적으로 수행했습니다. 눈에 잘 띄지 않는 적재 파이프라인 작업도 성실하게 처리해 품질 기반을 다져 주었습니다.,다만 경계가 애매한 업무는 먼저 맡으려 하지 않는 경우가 있어 주인 의식을 조금 더 보여 주면 좋겠습니다. 또한 전문성 측면도 보완하면 더 좋겠습니다.
R000877,2025H2,X-0057,DP0025,DP0098,2025-12-15,금융사 카 데이터 마트 구축 업무에서 함께 일하며 많은 도움을 받았습니다. 처음 접한 메타데이터 관리도 짧은 시간에 익혀 바로 실무에 적용했습니다. 눈에 잘 띄지 않는 적재 파이프라인 작업도 성실하게 처리해 품질 기반을 다져 주었습니다.,"고객의 갑작스러운 요청에 방어적으로 대응해 협의가 길어진 적이 있었습니다. 또한 전문성, 위기대응, 리더십 측면도 보완하면 더 좋겠습니다."
R000878,2025H2,X-0030,DP0006,DP0098,2025-12-15,계열사 I 데이터 레이크 고도화을(를) 진행하는 동안 그룹사(대내) 고객 환경을 잘 이해하고 안정적으로 수행했습니다. 회의 때마다 쟁점을 쉽게 정리해 이해관계자들의 합의를 빠르게 이끌었습니다. 매일 진행 상황을 꾸준히 공유하고 반복 점검 업무도 빠짐없이 챙겨 신뢰가 갔습니다.,검색엔진 심화 영역에서는 판단 근거가 부족한 경우가 있어 추가 학습이 필요해 보입니다. 또한 위기대응 측면도 보완하면 더 좋겠습니다.
R000879,2025H2,X-0020,DP0062,DP0099,2025-12-15,공공기관 무 공공데이터 개방 플랫폼 구축 업무에서 함께 일하며 많은 도움을 받았습니다. 다른 파트의 일정까지 살피며 먼저 도움을 제안해 팀 전체 속도를 끌어올렸습니다. 새 도메인 지식을 빠르게 흡수해 투입 초기부터 제 몫을 해냈습니다. 눈에 잘 띄지 않는 데이터 정제 작업도 성실하게 처리해 품질 기반을 다져 주었습니다.,주니어에게 피드백을 줄 때 이유 설명이 짧아 학습 효과가 제한적이었습니다.
R000880,2025H2,X-0020,DP0068,DP0099,2025-12-15,공공기관 무 공공데이터 개방 플랫폼 구축 수행 기간 동안 팀의 핵심 인력으로 활약했습니다. 다른 파트의 일정까지 살피며 먼저 도움을 제안해 팀 전체 속도를 끌어올렸습니다. 고객사 현업 담당자의 불만을 경청하고 대안을 제시해 관계를 개선했습니다. 새로운 요구가 생기면 먼저 손을 들고 나서서 초기 검토를 맡아 주었습니다. 일정이 흔들릴 때 우선순위를 다시 세우고 팀을 안정적으로 이끌었습니다.,알고 있는 노하우를 팀에 공유하는 빈도가 낮아 지식이 한 사람에게 몰렸습니다.
R000881,2025H2,X-0020,DP0043,DP0099,2025-12-15,공공기관 무 공공데이터 개방 플랫폼 구축 업무에서 함께 일하며 많은 도움을 받았습니다. 데이터·개발·운영 담당 사이의 연결고리 역할을 맡아 협업 병목을 풀어 주었습니다. 기존 방식에 얽매이지 않는 대안을 제시해 데이터 정제의 처리 속도를 크게 개선했습니다. 고객사 현업 담당자의 불만을 경청하고 대안을 제시해 관계를 개선했습니다. 파트 리더으로서 팀원 각자의 역량을 파악해 일을 배분하고 끝까지 이끄는 리더십이 뛰어났습니다.,알고 있는 노하우를 팀에 공유하는 빈도가 낮아 지식이 한 사람에게 몰렸습니다.
R000882,2025H2,X-0020,DP0092,DP0099,2025-12-15,공공기관 무 공공데이터 개방 플랫폼 구축 업무에서 함께 일하며 많은 도움을 받았습니다. 개선 아이디어를 적극적으로 제안하고 직접 시범 적용까지 해 보였습니다. 제약이 많은 상황에서도 새로운 접근을 찾아내 고객의 호평을 받았습니다.,"변경 사항 문서화가 늦어 인수인계 때 다시 확인해야 하는 일이 있었습니다. 또한 성실, 소통 측면도 보완하면 더 좋겠습니다."
R000883,2025H2,X-0057,DP0098,DP0100,2025-12-15,금융사 카 데이터 마트 구축 업무에서 함께 일하며 많은 도움을 받았습니다. 설계 의도와 운영 절차를 잘 정리해 두어 인수인계가 매끄러웠습니다.,"새로운 과제에는 먼저 나서기보다 지켜보는 편이라 조금 더 적극적이면 좋겠습니다. 또한 전문성, 학습력 측면도 보완하면 더 좋겠습니다."
R000884,2025H2,X-0003,DP0074,DP0100,2025-12-15,계열사 H 데이터 거버넌스 구축을(를) 진행하는 동안 그룹사(대내) 고객 환경을 잘 이해하고 안정적으로 수행했습니다. 설계 의도와 운영 절차를 잘 정리해 두어 인수인계가 매끄러웠습니다. AWS 노하우를 문서와 짧은 세션으로 공유해 팀 전체의 수준을 끌어올렸습니다. 주니어의 코드 리뷰에 이유까지 설명해 주어 팀의 성장에 기여했습니다.,새 기술 도입에 시간이 다소 걸려 초기 일정에 부담이 있었습니다.
R000885,2025H2,X-0057,DP0017,DP0100,2025-12-15,금융사 카 데이터 마트 구축을(를) 진행하는 동안 금융 고객 환경을 잘 이해하고 안정적으로 수행했습니다. 맡은 적재 파이프라인 범위를 끝까지 책임지고 마무리해 팀이 일정 걱정 없이 다음 단계로 넘어갈 수 있었습니다. 검수 체크리스트를 촘촘하게 운영해 고객 검수에서 지적이 거의 나오지 않았습니다. 적재 파이프라인 중 발생한 복합 장애의 근본 원인을 빠르게 찾아 재발 방지책까지 마련했습니다. 설계 의도와 운영 절차를 잘 정리해 두어 인수인계가 매끄러웠습니다.,Airflow 심화 영역에서는 판단 근거가 부족한 경우가 있어 추가 학습이 필요해 보입니다. 또한 고객대응 측면도 보완하면 더 좋겠습니다.
R000886,2025H2,X-0057,DP0059,DP0100,2025-12-15,금융사 카 데이터 마트 구축 업무에서 함께 일하며 많은 도움을 받았습니다. 적재 파이프라인 중 발생한 복합 장애의 근본 원인을 빠르게 찾아 재발 방지책까지 마련했습니다. 직접 겪은 시행착오를 정리해 공유해 다른 팀원들이 같은 실수를 피할 수 있었습니다. 맡은 적재 파이프라인 범위를 끝까지 책임지고 마무리해 팀이 일정 걱정 없이 다음 단계로 넘어갈 수 있었습니다. 설계 의도와 운영 절차를 잘 정리해 두어 인수인계가 매끄러웠습니다.,긴급 상황에서 우선순위 판단이 늦어 대응이 지연된 적이 있었습니다.
R000887,2026H1,X-0004,DP0063,DP0001,2026-06-20,계열사 N 데이터 거버넌스 구축을(를) 진행하는 동안 그룹사(대내) 고객 환경을 잘 이해하고 안정적으로 수행했습니다. 처음 합류한 인원들과도 금방 어울려 팀 분위기를 부드럽게 만들어 주었습니다. 고객사와 개발팀 사이에서 요구사항을 명확히 전달해 재작업을 크게 줄였습니다. 문제가 생겼을 때 남에게 미루지 않고 본인 일처럼 책임지고 원인을 정리해 주었습니다. Spark 노하우를 문서와 짧은 세션으로 공유해 팀 전체의 수준을 끌어올렸습니다.,테스트 범위를 좁게 잡아 회귀 결함이 뒤늦게 발견된 적이 있었습니다. 또한 성실 측면도 보완하면 더 좋겠습니다.
R000888,2026H1,X-0004,DP0073,DP0001,2026-06-20,계열사 N 데이터 거버넌스 구축 업무에서 함께 일하며 많은 도움을 받았습니다. 기존 방식에 얽매이지 않는 대안을 제시해 데이터 표준화의 처리 속도를 크게 개선했습니다.,반복 점검 업무를 마감 직전까지 미루는 경우가 있어 꾸준함이 조금 아쉬웠습니다.
R000889,2026H1,X-0004,DP0058,DP0001,2026-06-20,계열사 N 데이터 거버넌스 구축 수행 기간 동안 팀의 핵심 인력으로 활약했습니다. 문제가 생겼을 때 남에게 미루지 않고 본인 일처럼 책임지고 원인을 정리해 주었습니다. 고객사와 개발팀 사이에서 요구사항을 명확히 전달해 재작업을 크게 줄였습니다. 새로운 요구가 생기면 먼저 손을 들고 나서서 초기 검토를 맡아 주었습니다.,세부 설정값 검토가 빠져 배포 후 수정이 생긴 적이 있었습니다. 또한 성실 측면도 보완하면 더 좋겠습니다.
R000890,2026H1,X-0001,DP0050,DP0001,2026-06-20,금융사 가2 비정형 문서 메타데이터 전환 업무에서 함께 일하며 많은 도움을 받았습니다. Python 노하우를 문서와 짧은 세션으로 공유해 팀 전체의 수준을 끌어올렸습니다. 검수 체크리스트를 촘촘하게 운영해 고객 검수에서 지적이 거의 나오지 않았습니다. 문제가 생겼을 때 남에게 미루지 않고 본인 일처럼 책임지고 원인을 정리해 주었습니다.,테스트 범위를 좁게 잡아 회귀 결함이 뒤늦게 발견된 적이 있었습니다. 또한 성실 측면도 보완하면 더 좋겠습니다.
R000891,2026H1,X-0020,DP0043,DP0002,2026-06-20,공공기관 무 공공데이터 개방 플랫폼 구축을(를) 진행하는 동안 공공 고객 환경을 잘 이해하고 안정적으로 수행했습니다. 고객사 현업 담당자의 불만을 경청하고 대안을 제시해 관계를 개선했습니다. 고객사와 개발팀 사이에서 요구사항을 명확히 전달해 재작업을 크게 줄였습니다.,작업량 추정이 낙관적이어서 일정이 밀린 적이 몇 번 있었습니다. 또한 위기대응 측면도 보완하면 더 좋겠습니다.
R000892,2026H1,X-0088,DP0041,DP0002,2026-06-20,계열사 T 데이터 거버넌스 구축 업무에서 함께 일하며 많은 도움을 받았습니다. Text Analysis 노하우를 문서와 짧은 세션으로 공유해 팀 전체의 수준을 끌어올렸습니다. 마일스톤별 위험 요소를 미리 관리해 데이터 표준화 일정을 한 번도 놓치지 않았습니다.,긴급 상황에서 우선순위 판단이 늦어 대응이 지연된 적이 있었습니다. 또한 적극성 측면도 보완하면 더 좋겠습니다.
R000893,2026H1,X-0088,DP0045,DP0002,2026-06-20,계열사 T 데이터 거버넌스 구축을(를) 진행하는 동안 그룹사(대내) 고객 환경을 잘 이해하고 안정적으로 수행했습니다. 고객사 현업 담당자의 불만을 경청하고 대안을 제시해 관계를 개선했습니다. 새 도메인 지식을 빠르게 흡수해 투입 초기부터 제 몫을 해냈습니다.,반복 점검 업무를 마감 직전까지 미루는 경우가 있어 꾸준함이 조금 아쉬웠습니다. 또한 문제해결 측면도 보완하면 더 좋겠습니다.
R000894,2026H1,X-0020,DP0070,DP0002,2026-06-20,공공기관 무 공공데이터 개방 플랫폼 구축 수행 기간 동안 팀의 핵심 인력으로 활약했습니다. 검수 체크리스트를 촘촘하게 운영해 고객 검수에서 지적이 거의 나오지 않았습니다. 테스트 기준을 스스로 높게 잡아 운영 이관 후 장애가 거의 없었습니다. 새 도메인 지식을 빠르게 흡수해 투입 초기부터 제 몫을 해냈습니다. 고객의 급한 요청에도 차분하게 대응해 신뢰를 얻었고 추가 요구 협상도 잘 이끌었습니다.,본인 범위에 집중하다 보니 다른 파트와의 연계가 늦어지는 경우가 있었습니다. 또한 문서화 측면도 보완하면 더 좋겠습니다.
R000895,2026H1,X-0088,DP0028,DP0002,2026-06-20,계열사 T 데이터 거버넌스 구축 업무에서 함께 일하며 많은 도움을 받았습니다. 고객사와 개발팀 사이에서 요구사항을 명확히 전달해 재작업을 크게 줄였습니다. Text Analysis 노하우를 문서와 짧은 세션으로 공유해 팀 전체의 수준을 끌어올렸습니다. 고객의 급한 요청에도 차분하게 대응해 신뢰를 얻었고 추가 요구 협상도 잘 이끌었습니다.,새로운 과제에는 먼저 나서기보다 지켜보는 편이라 조금 더 적극적이면 좋겠습니다. 또한 위기대응 측면도 보완하면 더 좋겠습니다.
R000896,2026H1,X-0020,DP0021,DP0003,2026-06-20,공공기관 무 공공데이터 개방 플랫폼 구축을(를) 진행하는 동안 공공 고객 환경을 잘 이해하고 안정적으로 수행했습니다. 마일스톤별 위험 요소를 미리 관리해 데이터 정제 일정을 한 번도 놓치지 않았습니다. 일정이 흔들릴 때 우선순위를 다시 세우고 팀을 안정적으로 이끌었습니다.,"진행 상황 공유가 늦어 다른 담당자가 뒤늦게 파악하는 일이 있었습니다. 또한 문제해결, 위기대응 측면도 보완하면 더 좋겠습니다."
R000897,2026H1,X-0088,DP0014,DP0003,2026-06-20,계열사 T 데이터 거버넌스 구축 업무에서 함께 일하며 많은 도움을 받았습니다. 변경 이력과 의사결정 배경을 꾸준히 기록해 고객 보고에 큰 도움이 되었습니다. 마일스톤별 위험 요소를 미리 관리해 데이터 표준화 일정을 한 번도 놓치지 않았습니다. 눈에 잘 띄지 않는 데이터 표준화 작업도 성실하게 처리해 품질 기반을 다져 주었습니다. 테스트 기준을 스스로 높게 잡아 운영 이관 후 장애가 거의 없었습니다.,"고객의 갑작스러운 요청에 방어적으로 대응해 협의가 길어진 적이 있었습니다. 또한 위기대응, 소통 측면도 보완하면 더 좋겠습니다."
R000898,2026H1,X-0020,DP0088,DP0003,2026-06-20,공공기관 무 공공데이터 개방 플랫폼 구축 업무에서 함께 일하며 많은 도움을 받았습니다. 마일스톤별 위험 요소를 미리 관리해 데이터 정제 일정을 한 번도 놓치지 않았습니다. 테스트 기준을 스스로 높게 잡아 운영 이관 후 장애가 거의 없었습니다. 매일 진행 상황을 꾸준히 공유하고 반복 점검 업무도 빠짐없이 챙겨 신뢰가 갔습니다.,의견이 엇갈릴 때 방향을 정리해 주는 역할은 조금 더 기대됩니다. 또한 위기대응 측면도 보완하면 더 좋겠습니다.
R000899,2026H1,X-0088,DP0041,DP0003,2026-06-20,계열사 T 데이터 거버넌스 구축을(를) 진행하는 동안 그룹사(대내) 고객 환경을 잘 이해하고 안정적으로 수행했습니다. 테스트 기준을 스스로 높게 잡아 운영 이관 후 장애가 거의 없었습니다. 눈에 잘 띄지 않는 데이터 표준화 작업도 성실하게 처리해 품질 기반을 다져 주었습니다. 직접 겪은 시행착오를 정리해 공유해 다른 팀원들이 같은 실수를 피할 수 있었습니다. 데이터·개발·운영 담당 사이의 연결고리 역할을 맡아 협업 병목을 풀어 주었습니다.,진행 상황 공유가 늦어 다른 담당자가 뒤늦게 파악하는 일이 있었습니다. 또한 학습력 측면도 보완하면 더 좋겠습니다.
R000900,2026H1,X-0083,DP0038,DP0004,2026-06-20,금융사 사 차세대 데이터 플랫폼 구축을(를) 진행하는 동안 금융 고객 환경을 잘 이해하고 안정적으로 수행했습니다. 일정이 흔들릴 때 우선순위를 다시 세우고 팀을 안정적으로 이끌었습니다. 테스트 기준을 스스로 높게 잡아 운영 이관 후 장애가 거의 없었습니다. BI Reporting 분야의 깊은 전문성으로 설계 단계에서 기술적 리스크를 먼저 짚어 냈습니다. 고객사 현업 담당자의 불만을 경청하고 대안을 제시해 관계를 개선했습니다.,"새로운 과제에는 먼저 나서기보다 지켜보는 편이라 조금 더 적극적이면 좋겠습니다. 또한 기술공유, 친화력, 문서화 측면도 보완하면 더 좋겠습니다."
R000901,2026H1,X-0083,DP0079,DP0004,2026-06-20,금융사 사 차세대 데이터 플랫폼 구축 업무에서 함께 일하며 많은 도움을 받았습니다. 일정이 크게 흔들린 시점에 대응 계획을 빠르게 세워 위기를 넘겼습니다.,알고 있는 노하우를 팀에 공유하는 빈도가 낮아 지식이 한 사람에게 몰렸습니다. 또한 문서화 측면도 보완하면 더 좋겠습니다.
R000902,2026H1,X-0083,DP0040,DP0004,2026-06-20,금융사 사 차세대 데이터 플랫폼 구축 수행 기간 동안 팀의 핵심 인력으로 활약했습니다. 처음 합류한 인원들과도 금방 어울려 팀 분위기를 부드럽게 만들어 주었습니다.,"변경 사항 문서화가 늦어 인수인계 때 다시 확인해야 하는 일이 있었습니다. 또한 꼼꼼함, 소통 측면도 보완하면 더 좋겠습니다."
R000903,2026H1,X-0094,DP0032,DP0005,2026-06-20,계열사 S 데이터 거버넌스 구축 업무에서 함께 일하며 많은 도움을 받았습니다. 개선 아이디어를 적극적으로 제안하고 직접 시범 적용까지 해 보였습니다. Hadoop 관련 이슈가 생길 때마다 정확한 판단으로 해결 방향을 제시해 팀의 기준점이 되었습니다. 핵심 담당자으로서 팀원 각자의 역량을 파악해 일을 배분하고 끝까지 이끄는 리더십이 뛰어났습니다.,본인 범위에 집중하다 보니 다른 파트와의 연계가 늦어지는 경우가 있었습니다. 또한 책임감 측면도 보완하면 더 좋겠습니다.
R000904,2026H1,X-0082,DP0064,DP0005,2026-06-20,금융사 타 데이터 마트 구축 수행 기간 동안 팀의 핵심 인력으로 활약했습니다. 일정이 크게 흔들린 시점에 대응 계획을 빠르게 세워 위기를 넘겼습니다. 맡은 적재 파이프라인 범위를 끝까지 책임지고 마무리해 팀이 일정 걱정 없이 다음 단계로 넘어갈 수 있었습니다. 고객의 모호한 요구를 단계별 실행 계획으로 정리해 범위 변경을 줄였습니다. 일정이 흔들릴 때 우선순위를 다시 세우고 팀을 안정적으로 이끌었습니다.,알고 있는 노하우를 팀에 공유하는 빈도가 낮아 지식이 한 사람에게 몰렸습니다. 또한 협업 측면도 보완하면 더 좋겠습니다.
R000905,2026H1,X-0094,DP0043,DP0005,2026-06-20,계열사 S 데이터 거버넌스 구축을(를) 진행하는 동안 그룹사(대내) 고객 환경을 잘 이해하고 안정적으로 수행했습니다. 운영 중 긴급 장애가 났을 때 침착하게 상황을 정리하고 복구를 주도했습니다. 테스트 기준을 스스로 높게 잡아 운영 이관 후 장애가 거의 없었습니다. 주니어의 코드 리뷰에 이유까지 설명해 주어 팀의 성장에 기여했습니다.,다만 경계가 애매한 업무는 먼저 맡으려 하지 않는 경우가 있어 주인 의식을 조금 더 보여 주면 좋겠습니다.
R000906,2026H1,X-0030,DP0085,DP0006,2026-06-20,계열사 I 데이터 레이크 고도화을(를) 진행하는 동안 그룹사(대내) 고객 환경을 잘 이해하고 안정적으로 수행했습니다. 제약이 많은 상황에서도 새로운 접근을 찾아내 고객의 호평을 받았습니다.,"변경 사항 문서화가 늦어 인수인계 때 다시 확인해야 하는 일이 있었습니다. 또한 친화력, 고객대응, 기획력 측면도 보완하면 더 좋겠습니다."
R000907,2026H1,X-0030,DP0020,DP0006,2026-06-20,계열사 I 데이터 레이크 고도화 업무에서 함께 일하며 많은 도움을 받았습니다. 신규 인원에게 업무 맥락을 차근차근 설명해 적응 기간을 크게 줄여 주었습니다.,"Data Lake & Data Catalog 심화 영역에서는 판단 근거가 부족한 경우가 있어 추가 학습이 필요해 보입니다. 또한 소통, 품질의식 측면도 보완하면 더 좋겠습니다."
R000908,2026H1,X-0030,DP0036,DP0006,2026-06-20,계열사 I 데이터 레이크 고도화을(를) 진행하는 동안 그룹사(대내) 고객 환경을 잘 이해하고 안정적으로 수행했습니다. 직접 겪은 시행착오를 정리해 공유해 다른 팀원들이 같은 실수를 피할 수 있었습니다.,"새 기술 도입에 시간이 다소 걸려 초기 일정에 부담이 있었습니다. 또한 친화력, 소통, 기획력 측면도 보완하면 더 좋겠습니다."
R000909,2026H1,X-0030,DP0099,DP0006,2026-06-20,계열사 I 데이터 레이크 고도화을(를) 진행하는 동안 그룹사(대내) 고객 환경을 잘 이해하고 안정적으로 수행했습니다. SQL 노하우를 문서와 짧은 세션으로 공유해 팀 전체의 수준을 끌어올렸습니다. 맡은 배치 운영 범위를 끝까지 책임지고 마무리해 팀이 일정 걱정 없이 다음 단계로 넘어갈 수 있었습니다.,요구사항을 구조화하기 전에 구현부터 시작하는 경우가 있어 사전 기획을 보완하면 좋겠습니다. 또한 학습력 측면도 보완하면 더 좋겠습니다.
R000910,2026H1,X-0030,DP0010,DP0006,2026-06-20,계열사 I 데이터 레이크 고도화 수행 기간 동안 팀의 핵심 인력으로 활약했습니다. 기존 방식에 얽매이지 않는 대안을 제시해 배치 운영의 처리 속도를 크게 개선했습니다.,"다만 경계가 애매한 업무는 먼저 맡으려 하지 않는 경우가 있어 주인 의식을 조금 더 보여 주면 좋겠습니다. 또한 친화력, 기획력 측면도 보완하면 더 좋겠습니다."
R000911,2026H1,X-0030,DP0075,DP0006,2026-06-20,계열사 I 데이터 레이크 고도화 업무에서 함께 일하며 많은 도움을 받았습니다. 문제가 생겼을 때 남에게 미루지 않고 본인 일처럼 책임지고 원인을 정리해 주었습니다. BI Reporting 노하우를 문서와 짧은 세션으로 공유해 팀 전체의 수준을 끌어올렸습니다.,"변경 사항 문서화가 늦어 인수인계 때 다시 확인해야 하는 일이 있었습니다. 또한 리더십, 학습력, 전문성 측면도 보완하면 더 좋겠습니다."
R000912,2026H1,X-0094,DP0016,DP0007,2026-06-20,계열사 S 데이터 거버넌스 구축을(를) 진행하는 동안 그룹사(대내) 고객 환경을 잘 이해하고 안정적으로 수행했습니다. 핵심 담당자으로서 팀원 각자의 역량을 파악해 일을 배분하고 끝까지 이끄는 리더십이 뛰어났습니다. 운영 중 긴급 장애가 났을 때 침착하게 상황을 정리하고 복구를 주도했습니다. 마일스톤별 위험 요소를 미리 관리해 배치 운영 일정을 한 번도 놓치지 않았습니다. 고객사 현업 담당자의 불만을 경청하고 대안을 제시해 관계를 개선했습니다.,새 기술 도입에 시간이 다소 걸려 초기 일정에 부담이 있었습니다. 또한 전문성 측면도 보완하면 더 좋겠습니다.
R000913,2026H1,X-0094,DP0049,DP0007,2026-06-20,계열사 S 데이터 거버넌스 구축을(를) 진행하는 동안 그룹사(대내) 고객 환경을 잘 이해하고 안정적으로 수행했습니다. 신규 인원에게 업무 맥락을 차근차근 설명해 적응 기간을 크게 줄여 주었습니다. 코드 리뷰에서 품질 기준을 일관되게 지켜 팀의 결과물 수준을 끌어올렸습니다.,새 기술 도입에 시간이 다소 걸려 초기 일정에 부담이 있었습니다. 또한 소통 측면도 보완하면 더 좋겠습니다.
R000914,2026H1,X-0094,DP0032,DP0007,2026-06-20,계열사 S 데이터 거버넌스 구축을(를) 진행하는 동안 그룹사(대내) 고객 환경을 잘 이해하고 안정적으로 수행했습니다. 마일스톤별 위험 요소를 미리 관리해 배치 운영 일정을 한 번도 놓치지 않았습니다. 일정이 크게 흔들린 시점에 대응 계획을 빠르게 세워 위기를 넘겼습니다. 검수 체크리스트를 촘촘하게 운영해 고객 검수에서 지적이 거의 나오지 않았습니다.,다만 경계가 애매한 업무는 먼저 맡으려 하지 않는 경우가 있어 주인 의식을 조금 더 보여 주면 좋겠습니다. 또한 친화력 측면도 보완하면 더 좋겠습니다.
R000915,2026H1,X-0082,DP0034,DP0008,2026-06-20,금융사 타 데이터 마트 구축 업무에서 함께 일하며 많은 도움을 받았습니다. 고객의 급한 요청에도 차분하게 대응해 신뢰를 얻었고 추가 요구 협상도 잘 이끌었습니다.,"세부 설정값 검토가 빠져 배포 후 수정이 생긴 적이 있었습니다. 또한 문제해결, 기술공유, 전문성 측면도 보완하면 더 좋겠습니다."
R000916,2026H1,X-0082,DP0027,DP0008,2026-06-20,금융사 타 데이터 마트 구축을(를) 진행하는 동안 금융 고객 환경을 잘 이해하고 안정적으로 수행했습니다. 설계 의도와 운영 절차를 잘 정리해 두어 인수인계가 매끄러웠습니다. 검수 체크리스트를 촘촘하게 운영해 고객 검수에서 지적이 거의 나오지 않았습니다.,"Python 심화 영역에서는 판단 근거가 부족한 경우가 있어 추가 학습이 필요해 보입니다. 또한 기술공유, 친화력 측면도 보완하면 더 좋겠습니다."
R000917,2026H1,X-0082,DP0031,DP0008,2026-06-20,금융사 타 데이터 마트 구축 수행 기간 동안 팀의 핵심 인력으로 활약했습니다. 코드 리뷰에서 품질 기준을 일관되게 지켜 팀의 결과물 수준을 끌어올렸습니다. 처음 합류한 인원들과도 금방 어울려 팀 분위기를 부드럽게 만들어 주었습니다.,"Kafka 심화 영역에서는 판단 근거가 부족한 경우가 있어 추가 학습이 필요해 보입니다. 또한 문제해결, 창의성 측면도 보완하면 더 좋겠습니다."
R000918,2026H1,X-0055,DP0066,DP0009,2026-06-20,계열사 O 데이터 레이크 고도화 수행 기간 동안 팀의 핵심 인력으로 활약했습니다. 데이터·개발·운영 담당 사이의 연결고리 역할을 맡아 협업 병목을 풀어 주었습니다. 코드 리뷰에서 품질 기준을 일관되게 지켜 팀의 결과물 수준을 끌어올렸습니다. 마일스톤별 위험 요소를 미리 관리해 데이터 표준화 일정을 한 번도 놓치지 않았습니다.,세부 설정값 검토가 빠져 배포 후 수정이 생긴 적이 있었습니다. 또한 소통 측면도 보완하면 더 좋겠습니다.
R000919,2026H1,X-0083,DP0090,DP0009,2026-06-20,금융사 사 차세대 데이터 플랫폼 구축 수행 기간 동안 팀의 핵심 인력으로 활약했습니다. 마일스톤별 위험 요소를 미리 관리해 데이터 이관 일정을 한 번도 놓치지 않았습니다. 맡은 데이터 이관 범위를 끝까지 책임지고 마무리해 팀이 일정 걱정 없이 다음 단계로 넘어갈 수 있었습니다. 제약이 많은 상황에서도 새로운 접근을 찾아내 고객의 호평을 받았습니다.,새로 합류한 인원과 거리감이 있어 초기 협업이 다소 더뎠습니다.
R000920,2026H1,X-0083,DP0091,DP0009,2026-06-20,금융사 사 차세대 데이터 플랫폼 구축 수행 기간 동안 팀의 핵심 인력으로 활약했습니다. 일정이 흔들릴 때 우선순위를 다시 세우고 팀을 안정적으로 이끌었습니다. 데이터 이관 중 발생한 복합 장애의 근본 원인을 빠르게 찾아 재발 방지책까지 마련했습니다. 검수 체크리스트를 촘촘하게 운영해 고객 검수에서 지적이 거의 나오지 않았습니다. 제약이 많은 상황에서도 새로운 접근을 찾아내 고객의 호평을 받았습니다.,진행 상황 공유가 늦어 다른 담당자가 뒤늦게 파악하는 일이 있었습니다.
R000921,2026H1,X-0083,DP0074,DP0009,2026-06-20,금융사 사 차세대 데이터 플랫폼 구축 수행 기간 동안 팀의 핵심 인력으로 활약했습니다. 작업량을 현실적으로 추정해 일정 계획의 정확도를 높였습니다. 데이터·개발·운영 담당 사이의 연결고리 역할을 맡아 협업 병목을 풀어 주었습니다. 기존 방식에 얽매이지 않는 대안을 제시해 데이터 이관의 처리 속도를 크게 개선했습니다.,새로 합류한 인원과 거리감이 있어 초기 협업이 다소 더뎠습니다.
R000922,2026H1,X-0055,DP0018,DP0009,2026-06-20,계열사 O 데이터 레이크 고도화 업무에서 함께 일하며 많은 도움을 받았습니다. 기존 방식에 얽매이지 않는 대안을 제시해 데이터 표준화의 처리 속도를 크게 개선했습니다. 마일스톤별 위험 요소를 미리 관리해 데이터 표준화 일정을 한 번도 놓치지 않았습니다.,진행 상황 공유가 늦어 다른 담당자가 뒤늦게 파악하는 일이 있었습니다. 또한 꼼꼼함 측면도 보완하면 더 좋겠습니다.
R000923,2026H1,X-0030,DP0020,DP0010,2026-06-20,계열사 I 데이터 레이크 고도화 수행 기간 동안 팀의 핵심 인력으로 활약했습니다. 제약이 많은 상황에서도 새로운 접근을 찾아내 고객의 호평을 받았습니다. 직접 겪은 시행착오를 정리해 공유해 다른 팀원들이 같은 실수를 피할 수 있었습니다. 테스트 기준을 스스로 높게 잡아 운영 이관 후 장애가 거의 없었습니다. 새로운 요구가 생기면 먼저 손을 들고 나서서 초기 검토를 맡아 주었습니다.,"고객의 갑작스러운 요청에 방어적으로 대응해 협의가 길어진 적이 있었습니다. 또한 학습력, 문제해결 측면도 보완하면 더 좋겠습니다."
R000924,2026H1,X-0030,DP0062,DP0010,2026-06-20,계열사 I 데이터 레이크 고도화을(를) 진행하는 동안 그룹사(대내) 고객 환경을 잘 이해하고 안정적으로 수행했습니다. 신규 인원에게 업무 맥락을 차근차근 설명해 적응 기간을 크게 줄여 주었습니다. 새로운 요구가 생기면 먼저 손을 들고 나서서 초기 검토를 맡아 주었습니다. 담당자으로서 팀원 각자의 역량을 파악해 일을 배분하고 끝까지 이끄는 리더십이 뛰어났습니다.,새 기술 도입에 시간이 다소 걸려 초기 일정에 부담이 있었습니다.
R000925,2026H1,X-0030,DP0023,DP0010,2026-06-20,계열사 I 데이터 레이크 고도화을(를) 진행하는 동안 그룹사(대내) 고객 환경을 잘 이해하고 안정적으로 수행했습니다. 일정이 흔들릴 때 우선순위를 다시 세우고 팀을 안정적으로 이끌었습니다. 맡은 배치 운영 범위를 끝까지 책임지고 마무리해 팀이 일정 걱정 없이 다음 단계로 넘어갈 수 있었습니다. 직접 겪은 시행착오를 정리해 공유해 다른 팀원들이 같은 실수를 피할 수 있었습니다.,"새 기술 도입에 시간이 다소 걸려 초기 일정에 부담이 있었습니다. 또한 꼼꼼함, 문제해결 측면도 보완하면 더 좋겠습니다."
R000926,2026H1,X-0030,DP0099,DP0010,2026-06-20,계열사 I 데이터 레이크 고도화 업무에서 함께 일하며 많은 도움을 받았습니다. 신규 인원에게 업무 맥락을 차근차근 설명해 적응 기간을 크게 줄여 주었습니다. Python 노하우를 문서와 짧은 세션으로 공유해 팀 전체의 수준을 끌어올렸습니다. 회의 때마다 쟁점을 쉽게 정리해 이해관계자들의 합의를 빠르게 이끌었습니다.,"새 기술 도입에 시간이 다소 걸려 초기 일정에 부담이 있었습니다. 또한 꼼꼼함, 고객대응, 협업 측면도 보완하면 더 좋겠습니다."
R000927,2026H1,X-0006,DP0034,DP0011,2026-06-20,금융사 바2 차세대 데이터 플랫폼 구축 업무에서 함께 일하며 많은 도움을 받았습니다. 문제가 생겼을 때 남에게 미루지 않고 본인 일처럼 책임지고 원인을 정리해 주었습니다. 테스트 기준을 스스로 높게 잡아 운영 이관 후 장애가 거의 없었습니다.,의견이 엇갈릴 때 방향을 정리해 주는 역할은 조금 더 기대됩니다. 또한 전문성 측면도 보완하면 더 좋겠습니다.
R000928,2026H1,X-0087,DP0017,DP0011,2026-06-20,금융사 자 차세대 데이터 플랫폼 구축을(를) 진행하는 동안 금융 고객 환경을 잘 이해하고 안정적으로 수행했습니다. 변경 이력과 의사결정 배경을 꾸준히 기록해 고객 보고에 큰 도움이 되었습니다. 고객사와 개발팀 사이에서 요구사항을 명확히 전달해 재작업을 크게 줄였습니다. 문제가 생겼을 때 남에게 미루지 않고 본인 일처럼 책임지고 원인을 정리해 주었습니다.,기존 방식에 익숙해 새로운 대안을 검토하는 데는 소극적이었습니다.
R000929,2026H1,X-0006,DP0046,DP0011,2026-06-20,금융사 바2 차세대 데이터 플랫폼 구축을(를) 진행하는 동안 금융 고객 환경을 잘 이해하고 안정적으로 수행했습니다. 마일스톤별 위험 요소를 미리 관리해 메타데이터 설계 일정을 한 번도 놓치지 않았습니다. 메타데이터 설계 중 발생한 복합 장애의 근본 원인을 빠르게 찾아 재발 방지책까지 마련했습니다.,반복 점검 업무를 마감 직전까지 미루는 경우가 있어 꾸준함이 조금 아쉬웠습니다. 또한 기술공유 측면도 보완하면 더 좋겠습니다.
R000930,2026H1,X-0006,DP0056,DP0011,2026-06-20,금융사 바2 차세대 데이터 플랫폼 구축 업무에서 함께 일하며 많은 도움을 받았습니다. 핵심 담당자으로서 팀원 각자의 역량을 파악해 일을 배분하고 끝까지 이끄는 리더십이 뛰어났습니다. 마일스톤별 위험 요소를 미리 관리해 메타데이터 설계 일정을 한 번도 놓치지 않았습니다. 문제가 생겼을 때 남에게 미루지 않고 본인 일처럼 책임지고 원인을 정리해 주었습니다. 설계 의도와 운영 절차를 잘 정리해 두어 인수인계가 매끄러웠습니다.,장애 대응 시 임시 조치에 머무는 경우가 있어 근본 원인 분석까지 이어지면 좋겠습니다. 또한 창의성 측면도 보완하면 더 좋겠습니다.
R000931,2026H1,X-0094,DP0047,DP0011,2026-06-20,계열사 S 데이터 거버넌스 구축을(를) 진행하는 동안 그룹사(대내) 고객 환경을 잘 이해하고 안정적으로 수행했습니다. 마일스톤별 위험 요소를 미리 관리해 배치 운영 일정을 한 번도 놓치지 않았습니다. 고객의 모호한 요구를 단계별 실행 계획으로 정리해 범위 변경을 줄였습니다. 문제가 생겼을 때 남에게 미루지 않고 본인 일처럼 책임지고 원인을 정리해 주었습니다.,세부 설정값 검토가 빠져 배포 후 수정이 생긴 적이 있었습니다. 또한 기술공유 측면도 보완하면 더 좋겠습니다.
R000932,2026H1,X-0006,DP0037,DP0011,2026-06-20,금융사 바2 차세대 데이터 플랫폼 구축 업무에서 함께 일하며 많은 도움을 받았습니다. 일정이 흔들릴 때 우선순위를 다시 세우고 팀을 안정적으로 이끌었습니다. 문제가 생겼을 때 남에게 미루지 않고 본인 일처럼 책임지고 원인을 정리해 주었습니다. 작업량을 현실적으로 추정해 일정 계획의 정확도를 높였습니다. 설계 의도와 운영 절차를 잘 정리해 두어 인수인계가 매끄러웠습니다.,새로운 과제에는 먼저 나서기보다 지켜보는 편이라 조금 더 적극적이면 좋겠습니다. 또한 전문성 측면도 보완하면 더 좋겠습니다.
R000933,2026H1,X-0006,DP0049,DP0012,2026-06-20,금융사 바2 차세대 데이터 플랫폼 구축을(를) 진행하는 동안 금융 고객 환경을 잘 이해하고 안정적으로 수행했습니다. 메타데이터 설계의 핵심 기능을 직접 설계하며 요구사항을 구조화하는 기획력이 돋보였습니다.,"반복 점검 업무를 마감 직전까지 미루는 경우가 있어 꾸준함이 조금 아쉬웠습니다. 또한 위기대응, 소통 측면도 보완하면 더 좋겠습니다."
R000934,2026H1,X-0006,DP0062,DP0012,2026-06-20,금융사 바2 차세대 데이터 플랫폼 구축을(를) 진행하는 동안 금융 고객 환경을 잘 이해하고 안정적으로 수행했습니다. 코드 리뷰에서 품질 기준을 일관되게 지켜 팀의 결과물 수준을 끌어올렸습니다. 눈에 잘 띄지 않는 메타데이터 설계 작업도 성실하게 처리해 품질 기반을 다져 주었습니다. 고객의 급한 요청에도 차분하게 대응해 신뢰를 얻었고 추가 요구 협상도 잘 이끌었습니다.,"새로운 과제에는 먼저 나서기보다 지켜보는 편이라 조금 더 적극적이면 좋겠습니다. 또한 기술공유, 소통 측면도 보완하면 더 좋겠습니다."
R000935,2026H1,X-0083,DP0089,DP0012,2026-06-20,금융사 사 차세대 데이터 플랫폼 구축 수행 기간 동안 팀의 핵심 인력으로 활약했습니다. 일정이 흔들릴 때 우선순위를 다시 세우고 팀을 안정적으로 이끌었습니다. 코드 리뷰에서 품질 기준을 일관되게 지켜 팀의 결과물 수준을 끌어올렸습니다.,"반복 점검 업무를 마감 직전까지 미루는 경우가 있어 꾸준함이 조금 아쉬웠습니다. 또한 기술공유, 협업 측면도 보완하면 더 좋겠습니다."
R000936,2026H1,X-0087,DP0035,DP0013,2026-06-20,금융사 자 차세대 데이터 플랫폼 구축 업무에서 함께 일하며 많은 도움을 받았습니다. 맡은 적재 파이프라인 범위를 끝까지 책임지고 마무리해 팀이 일정 걱정 없이 다음 단계로 넘어갈 수 있었습니다.,테스트 범위를 좁게 잡아 회귀 결함이 뒤늦게 발견된 적이 있었습니다.
R000937,2026H1,X-0087,DP0072,DP0013,2026-06-20,금융사 자 차세대 데이터 플랫폼 구축 수행 기간 동안 팀의 핵심 인력으로 활약했습니다. 설계 의도와 운영 절차를 잘 정리해 두어 인수인계가 매끄러웠습니다. 고객사와 개발팀 사이에서 요구사항을 명확히 전달해 재작업을 크게 줄였습니다.,"의견이 엇갈릴 때 방향을 정리해 주는 역할은 조금 더 기대됩니다. 또한 위기대응, 품질의식 측면도 보완하면 더 좋겠습니다."
R000938,2026H1,X-0087,DP0093,DP0013,2026-06-20,금융사 자 차세대 데이터 플랫폼 구축을(를) 진행하는 동안 금융 고객 환경을 잘 이해하고 안정적으로 수행했습니다. 일정이 크게 흔들린 시점에 대응 계획을 빠르게 세워 위기를 넘겼습니다. SQL 분야의 깊은 전문성으로 설계 단계에서 기술적 리스크를 먼저 짚어 냈습니다. 고객의 모호한 요구를 단계별 실행 계획으로 정리해 범위 변경을 줄였습니다.,주니어에게 피드백을 줄 때 이유 설명이 짧아 학습 효과가 제한적이었습니다.
R000939,2026H1,X-0087,DP0050,DP0013,2026-06-20,금융사 자 차세대 데이터 플랫폼 구축 업무에서 함께 일하며 많은 도움을 받았습니다. 고객사와 개발팀 사이에서 요구사항을 명확히 전달해 재작업을 크게 줄였습니다.,의견이 엇갈릴 때 방향을 정리해 주는 역할은 조금 더 기대됩니다.
R000940,2026H1,X-0001,DP0048,DP0014,2026-06-20,금융사 가2 비정형 문서 메타데이터 전환 업무에서 함께 일하며 많은 도움을 받았습니다. 운영 중 긴급 장애가 났을 때 침착하게 상황을 정리하고 복구를 주도했습니다. 새 도메인 지식을 빠르게 흡수해 투입 초기부터 제 몫을 해냈습니다.,테스트 범위를 좁게 잡아 회귀 결함이 뒤늦게 발견된 적이 있었습니다. 또한 문제해결 측면도 보완하면 더 좋겠습니다.
R000941,2026H1,X-0088,DP0028,DP0014,2026-06-20,계열사 T 데이터 거버넌스 구축을(를) 진행하는 동안 그룹사(대내) 고객 환경을 잘 이해하고 안정적으로 수행했습니다. 일정이 크게 흔들린 시점에 대응 계획을 빠르게 세워 위기를 넘겼습니다. Kubernetes 노하우를 문서와 짧은 세션으로 공유해 팀 전체의 수준을 끌어올렸습니다.,주니어에게 피드백을 줄 때 이유 설명이 짧아 학습 효과가 제한적이었습니다. 또한 협업 측면도 보완하면 더 좋겠습니다.
R000942,2026H1,X-0088,DP0097,DP0014,2026-06-20,계열사 T 데이터 거버넌스 구축을(를) 진행하는 동안 그룹사(대내) 고객 환경을 잘 이해하고 안정적으로 수행했습니다. 개선 아이디어를 적극적으로 제안하고 직접 시범 적용까지 해 보였습니다. 코드 리뷰에서 품질 기준을 일관되게 지켜 팀의 결과물 수준을 끌어올렸습니다. 새 도메인 지식을 빠르게 흡수해 투입 초기부터 제 몫을 해냈습니다. 고객사 현업 담당자의 불만을 경청하고 대안을 제시해 관계를 개선했습니다.,의견이 엇갈릴 때 방향을 정리해 주는 역할은 조금 더 기대됩니다.
R000943,2026H1,X-0001,DP0081,DP0014,2026-06-20,금융사 가2 비정형 문서 메타데이터 전환 수행 기간 동안 팀의 핵심 인력으로 활약했습니다. 일정이 크게 흔들린 시점에 대응 계획을 빠르게 세워 위기를 넘겼습니다.,"주니어에게 피드백을 줄 때 이유 설명이 짧아 학습 효과가 제한적이었습니다. 또한 기획력, 리더십 측면도 보완하면 더 좋겠습니다."
R000944,2026H1,X-0030,DP0062,DP0015,2026-06-20,계열사 I 데이터 레이크 고도화 수행 기간 동안 팀의 핵심 인력으로 활약했습니다. 마일스톤별 위험 요소를 미리 관리해 배치 운영 일정을 한 번도 놓치지 않았습니다. ETL 분야의 깊은 전문성으로 설계 단계에서 기술적 리스크를 먼저 짚어 냈습니다. 고객의 급한 요청에도 차분하게 대응해 신뢰를 얻었고 추가 요구 협상도 잘 이끌었습니다.,다만 경계가 애매한 업무는 먼저 맡으려 하지 않는 경우가 있어 주인 의식을 조금 더 보여 주면 좋겠습니다.
R000945,2026H1,X-0030,DP0039,DP0015,2026-06-20,계열사 I 데이터 레이크 고도화 업무에서 함께 일하며 많은 도움을 받았습니다. 기술 리더으로서 팀원 각자의 역량을 파악해 일을 배분하고 끝까지 이끄는 리더십이 뛰어났습니다. 문제가 생겼을 때 남에게 미루지 않고 본인 일처럼 책임지고 원인을 정리해 주었습니다.,고객의 갑작스러운 요청에 방어적으로 대응해 협의가 길어진 적이 있었습니다. 또한 적극성 측면도 보완하면 더 좋겠습니다.
R000946,2026H1,X-0083,DP0089,DP0015,2026-06-20,금융사 사 차세대 데이터 플랫폼 구축을(를) 진행하는 동안 금융 고객 환경을 잘 이해하고 안정적으로 수행했습니다. 신규 인원에게 업무 맥락을 차근차근 설명해 적응 기간을 크게 줄여 주었습니다. 처음 접한 Text Analysis도 짧은 시간에 익혀 바로 실무에 적용했습니다. 테스트 기준을 스스로 높게 잡아 운영 이관 후 장애가 거의 없었습니다. Text Analysis 분야의 깊은 전문성으로 설계 단계에서 기술적 리스크를 먼저 짚어 냈습니다.,다만 경계가 애매한 업무는 먼저 맡으려 하지 않는 경우가 있어 주인 의식을 조금 더 보여 주면 좋겠습니다.
R000947,2026H1,X-0030,DP0036,DP0015,2026-06-20,계열사 I 데이터 레이크 고도화 수행 기간 동안 팀의 핵심 인력으로 활약했습니다. 일정이 흔들릴 때 우선순위를 다시 세우고 팀을 안정적으로 이끌었습니다. 데이터·개발·운영 담당 사이의 연결고리 역할을 맡아 협업 병목을 풀어 주었습니다.,"반복 점검 업무를 마감 직전까지 미루는 경우가 있어 꾸준함이 조금 아쉬웠습니다. 또한 고객대응, 책임감 측면도 보완하면 더 좋겠습니다."
R000948,2026H1,X-0094,DP0018,DP0016,2026-06-20,계열사 S 데이터 거버넌스 구축 업무에서 함께 일하며 많은 도움을 받았습니다. 새 도메인 지식을 빠르게 흡수해 투입 초기부터 제 몫을 해냈습니다.,반복 점검 업무를 마감 직전까지 미루는 경우가 있어 꾸준함이 조금 아쉬웠습니다. 또한 적극성 측면도 보완하면 더 좋겠습니다.
R000949,2026H1,X-0094,DP0032,DP0016,2026-06-20,계열사 S 데이터 거버넌스 구축을(를) 진행하는 동안 그룹사(대내) 고객 환경을 잘 이해하고 안정적으로 수행했습니다. 마일스톤별 위험 요소를 미리 관리해 배치 운영 일정을 한 번도 놓치지 않았습니다. 검수 체크리스트를 촘촘하게 운영해 고객 검수에서 지적이 거의 나오지 않았습니다.,새로운 과제에는 먼저 나서기보다 지켜보는 편이라 조금 더 적극적이면 좋겠습니다. 또한 소통 측면도 보완하면 더 좋겠습니다.
R000950,2026H1,X-0094,DP0065,DP0016,2026-06-20,계열사 S 데이터 거버넌스 구축을(를) 진행하는 동안 그룹사(대내) 고객 환경을 잘 이해하고 안정적으로 수행했습니다. 주니어의 코드 리뷰에 이유까지 설명해 주어 팀의 성장에 기여했습니다. 검수 체크리스트를 촘촘하게 운영해 고객 검수에서 지적이 거의 나오지 않았습니다. 새로운 요구가 생기면 먼저 손을 들고 나서서 초기 검토를 맡아 주었습니다. 회의 때마다 쟁점을 쉽게 정리해 이해관계자들의 합의를 빠르게 이끌었습니다. 그 밖에도 기술공유 측면에서 좋은 모습을 보였습니다.,테스트 범위를 좁게 잡아 회귀 결함이 뒤늦게 발견된 적이 있었습니다.
R000951,2026H1,X-0094,DP0011,DP0016,2026-06-20,계열사 S 데이터 거버넌스 구축 업무에서 함께 일하며 많은 도움을 받았습니다. 새로운 요구가 생기면 먼저 손을 들고 나서서 초기 검토를 맡아 주었습니다. 마일스톤별 위험 요소를 미리 관리해 배치 운영 일정을 한 번도 놓치지 않았습니다. 산출물과 설정값을 꼼꼼하게 대조해 배포 전 결함을 여러 건 미리 잡아냈습니다. 직접 겪은 시행착오를 정리해 공유해 다른 팀원들이 같은 실수를 피할 수 있었습니다. 그 밖에도 멘토링 측면에서 좋은 모습을 보였습니다.,테스트 범위를 좁게 잡아 회귀 결함이 뒤늦게 발견된 적이 있었습니다. 또한 창의성 측면도 보완하면 더 좋겠습니다.
R000952,2026H1,X-0084,DP0083,DP0017,2026-06-20,계열사 X 데이터 레이크 고도화 업무에서 함께 일하며 많은 도움을 받았습니다. 카탈로그 구축의 핵심 기능을 직접 설계하며 요구사항을 구조화하는 기획력이 돋보였습니다. 개선 아이디어를 적극적으로 제안하고 직접 시범 적용까지 해 보였습니다. 고객사와 개발팀 사이에서 요구사항을 명확히 전달해 재작업을 크게 줄였습니다. 막힌 이슈를 작은 단위로 쪼개 가설을 검증하는 방식으로 해결 시간을 크게 단축했습니다. 그 밖에도 협업 측면에서 좋은 모습을 보였습니다.,고객의 갑작스러운 요청에 방어적으로 대응해 협의가 길어진 적이 있었습니다. 또한 리더십 측면도 보완하면 더 좋겠습니다.
R000953,2026H1,X-0084,DP0058,DP0017,2026-06-20,계열사 X 데이터 레이크 고도화 업무에서 함께 일하며 많은 도움을 받았습니다. 새 도메인 지식을 빠르게 흡수해 투입 초기부터 제 몫을 해냈습니다. 막힌 이슈를 작은 단위로 쪼개 가설을 검증하는 방식으로 해결 시간을 크게 단축했습니다. 회의 때마다 쟁점을 쉽게 정리해 이해관계자들의 합의를 빠르게 이끌었습니다. 새로운 요구가 생기면 먼저 손을 들고 나서서 초기 검토를 맡아 주었습니다.,반복 점검 업무를 마감 직전까지 미루는 경우가 있어 꾸준함이 조금 아쉬웠습니다.
R000954,2026H1,X-0084,DP0044,DP0017,2026-06-20,계열사 X 데이터 레이크 고도화 업무에서 함께 일하며 많은 도움을 받았습니다. 다른 파트의 일정까지 살피며 먼저 도움을 제안해 팀 전체 속도를 끌어올렸습니다. 개선 아이디어를 적극적으로 제안하고 직접 시범 적용까지 해 보였습니다. 카탈로그 구축 중 발생한 복합 장애의 근본 원인을 빠르게 찾아 재발 방지책까지 마련했습니다. 고객사와 개발팀 사이에서 요구사항을 명확히 전달해 재작업을 크게 줄였습니다. 그 밖에도 기획력 측면에서 좋은 모습을 보였습니다.,반복 점검 업무를 마감 직전까지 미루는 경우가 있어 꾸준함이 조금 아쉬웠습니다. 또한 전문성 측면도 보완하면 더 좋겠습니다.
R000955,2026H1,X-0055,DP0055,DP0018,2026-06-20,계열사 O 데이터 레이크 고도화을(를) 진행하는 동안 그룹사(대내) 고객 환경을 잘 이해하고 안정적으로 수행했습니다. 직접 겪은 시행착오를 정리해 공유해 다른 팀원들이 같은 실수를 피할 수 있었습니다. 고객사 현업 담당자의 불만을 경청하고 대안을 제시해 관계를 개선했습니다. 고객사와 개발팀 사이에서 요구사항을 명확히 전달해 재작업을 크게 줄였습니다. 작업량을 현실적으로 추정해 일정 계획의 정확도를 높였습니다.,장애 대응 시 임시 조치에 머무는 경우가 있어 근본 원인 분석까지 이어지면 좋겠습니다.
R000956,2026H1,X-0094,DP0047,DP0018,2026-06-20,계열사 S 데이터 거버넌스 구축 업무에서 함께 일하며 많은 도움을 받았습니다. AWS 분야의 깊은 전문성으로 설계 단계에서 기술적 리스크를 먼저 짚어 냈습니다. 고객사 담당자와도 편하게 소통하는 친화력 덕분에 협의가 한결 수월했습니다. 맡은 배치 운영 범위를 끝까지 책임지고 마무리해 팀이 일정 걱정 없이 다음 단계로 넘어갈 수 있었습니다. 작업량을 현실적으로 추정해 일정 계획의 정확도를 높였습니다. 그 밖에도 학습력 측면에서 좋은 모습을 보였습니다.,장애 대응 시 임시 조치에 머무는 경우가 있어 근본 원인 분석까지 이어지면 좋겠습니다. 또한 기술공유 측면도 보완하면 더 좋겠습니다.
R000957,2026H1,X-0094,DP0043,DP0018,2026-06-20,계열사 S 데이터 거버넌스 구축 업무에서 함께 일하며 많은 도움을 받았습니다. 문제가 생겼을 때 남에게 미루지 않고 본인 일처럼 책임지고 원인을 정리해 주었습니다. 제약이 많은 상황에서도 새로운 접근을 찾아내 고객의 호평을 받았습니다. 변경 이력과 의사결정 배경을 꾸준히 기록해 고객 보고에 큰 도움이 되었습니다.,새로 합류한 인원과 거리감이 있어 초기 협업이 다소 더뎠습니다.
R000958,2026H1,X-0083,DP0074,DP0019,2026-06-20,금융사 사 차세대 데이터 플랫폼 구축 업무에서 함께 일하며 많은 도움을 받았습니다. 처음 합류한 인원들과도 금방 어울려 팀 분위기를 부드럽게 만들어 주었습니다. 메타데이터 관리 분야의 깊은 전문성으로 설계 단계에서 기술적 리스크를 먼저 짚어 냈습니다. 기술 리더으로서 팀원 각자의 역량을 파악해 일을 배분하고 끝까지 이끄는 리더십이 뛰어났습니다. 데이터 이관 중 발생한 복합 장애의 근본 원인을 빠르게 찾아 재발 방지책까지 마련했습니다.,작업량 추정이 낙관적이어서 일정이 밀린 적이 몇 번 있었습니다. 또한 위기대응 측면도 보완하면 더 좋겠습니다.
R000959,2026H1,X-0083,DP0092,DP0019,2026-06-20,금융사 사 차세대 데이터 플랫폼 구축 업무에서 함께 일하며 많은 도움을 받았습니다. 주니어의 코드 리뷰에 이유까지 설명해 주어 팀의 성장에 기여했습니다. SQL 분야의 깊은 전문성으로 설계 단계에서 기술적 리스크를 먼저 짚어 냈습니다. 처음 접한 SQL도 짧은 시간에 익혀 바로 실무에 적용했습니다. 막힌 이슈를 작은 단위로 쪼개 가설을 검증하는 방식으로 해결 시간을 크게 단축했습니다.,작업량 추정이 낙관적이어서 일정이 밀린 적이 몇 번 있었습니다.
R000960,2026H1,X-0083,DP0089,DP0019,2026-06-20,금융사 사 차세대 데이터 플랫폼 구축 수행 기간 동안 팀의 핵심 인력으로 활약했습니다. 막힌 이슈를 작은 단위로 쪼개 가설을 검증하는 방식으로 해결 시간을 크게 단축했습니다. 새 도메인 지식을 빠르게 흡수해 투입 초기부터 제 몫을 해냈습니다. SQL 관련 이슈가 생길 때마다 정확한 판단으로 해결 방향을 제시해 팀의 기준점이 되었습니다. 작업량을 현실적으로 추정해 일정 계획의 정확도를 높였습니다. 그 밖에도 친화력 측면에서 좋은 모습을 보였습니다.,변경 사항 문서화가 늦어 인수인계 때 다시 확인해야 하는 일이 있었습니다.
R000961,2026H1,X-0020,DP0003,DP0019,2026-06-20,공공기관 무 공공데이터 개방 플랫폼 구축 업무에서 함께 일하며 많은 도움을 받았습니다. 회의 때마다 쟁점을 쉽게 정리해 이해관계자들의 합의를 빠르게 이끌었습니다. 주니어의 코드 리뷰에 이유까지 설명해 주어 팀의 성장에 기여했습니다. 테스트 기준을 스스로 높게 잡아 운영 이관 후 장애가 거의 없었습니다. 고객의 급한 요청에도 차분하게 대응해 신뢰를 얻었고 추가 요구 협상도 잘 이끌었습니다.,작업량 추정이 낙관적이어서 일정이 밀린 적이 몇 번 있었습니다.
R000962,2026H1,X-0020,DP0088,DP0019,2026-06-20,공공기관 무 공공데이터 개방 플랫폼 구축을(를) 진행하는 동안 공공 고객 환경을 잘 이해하고 안정적으로 수행했습니다. 처음 접한 BI Reporting도 짧은 시간에 익혀 바로 실무에 적용했습니다. 신규 인원에게 업무 맥락을 차근차근 설명해 적응 기간을 크게 줄여 주었습니다. 막힌 이슈를 작은 단위로 쪼개 가설을 검증하는 방식으로 해결 시간을 크게 단축했습니다.,변경 사항 문서화가 늦어 인수인계 때 다시 확인해야 하는 일이 있었습니다. 또한 품질의식 측면도 보완하면 더 좋겠습니다.
R000963,2026H1,X-0083,DP0004,DP0019,2026-06-20,금융사 사 차세대 데이터 플랫폼 구축 수행 기간 동안 팀의 핵심 인력으로 활약했습니다. Data Lake & Data Catalog 관련 이슈가 생길 때마다 정확한 판단으로 해결 방향을 제시해 팀의 기준점이 되었습니다. 처음 합류한 인원들과도 금방 어울려 팀 분위기를 부드럽게 만들어 주었습니다. 처음 접한 Data Lake & Data Catalog도 짧은 시간에 익혀 바로 실무에 적용했습니다. 데이터 이관 중 발생한 복합 장애의 근본 원인을 빠르게 찾아 재발 방지책까지 마련했습니다. 그 밖에도 멘토링 측면에서 좋은 모습을 보였습니다.,테스트 범위를 좁게 잡아 회귀 결함이 뒤늦게 발견된 적이 있었습니다.
R000964,2026H1,X-0030,DP0006,DP0020,2026-06-20,계열사 I 데이터 레이크 고도화 업무에서 함께 일하며 많은 도움을 받았습니다. 고객의 급한 요청에도 차분하게 대응해 신뢰를 얻었고 추가 요구 협상도 잘 이끌었습니다.,기존 방식에 익숙해 새로운 대안을 검토하는 데는 소극적이었습니다. 또한 협업 측면도 보완하면 더 좋겠습니다.
R000965,2026H1,X-0055,DP0052,DP0020,2026-06-20,계열사 O 데이터 레이크 고도화 수행 기간 동안 팀의 핵심 인력으로 활약했습니다. 산출물과 설정값을 꼼꼼하게 대조해 배포 전 결함을 여러 건 미리 잡아냈습니다.,"변경 사항 문서화가 늦어 인수인계 때 다시 확인해야 하는 일이 있었습니다. 또한 학습력, 협업, 위기대응 측면도 보완하면 더 좋겠습니다."
R000966,2026H1,X-0055,DP0025,DP0020,2026-06-20,계열사 O 데이터 레이크 고도화을(를) 진행하는 동안 그룹사(대내) 고객 환경을 잘 이해하고 안정적으로 수행했습니다. 고객의 모호한 요구를 단계별 실행 계획으로 정리해 범위 변경을 줄였습니다. 개선 아이디어를 적극적으로 제안하고 직접 시범 적용까지 해 보였습니다.,"SQL 심화 영역에서는 판단 근거가 부족한 경우가 있어 추가 학습이 필요해 보입니다. 또한 문서화, 창의성 측면도 보완하면 더 좋겠습니다."
R000967,2026H1,X-0082,DP0100,DP0021,2026-06-20,금융사 타 데이터 마트 구축을(를) 진행하는 동안 금융 고객 환경을 잘 이해하고 안정적으로 수행했습니다. 개선 아이디어를 적극적으로 제안하고 직접 시범 적용까지 해 보였습니다. 검수 체크리스트를 촘촘하게 운영해 고객 검수에서 지적이 거의 나오지 않았습니다. 데이터·개발·운영 담당 사이의 연결고리 역할을 맡아 협업 병목을 풀어 주었습니다. 고객사 담당자와도 편하게 소통하는 친화력 덕분에 협의가 한결 수월했습니다.,고객의 갑작스러운 요청에 방어적으로 대응해 협의가 길어진 적이 있었습니다.
R000968,2026H1,X-0020,DP0088,DP0021,2026-06-20,공공기관 무 공공데이터 개방 플랫폼 구축 업무에서 함께 일하며 많은 도움을 받았습니다. 마일스톤별 위험 요소를 미리 관리해 데이터 정제 일정을 한 번도 놓치지 않았습니다. 다른 파트의 일정까지 살피며 먼저 도움을 제안해 팀 전체 속도를 끌어올렸습니다. 주니어의 코드 리뷰에 이유까지 설명해 주어 팀의 성장에 기여했습니다. 코드 리뷰에서 품질 기준을 일관되게 지켜 팀의 결과물 수준을 끌어올렸습니다. 그 밖에도 적극성 측면에서 좋은 모습을 보였습니다.,고객의 갑작스러운 요청에 방어적으로 대응해 협의가 길어진 적이 있었습니다.
R000969,2026H1,X-0033,DP0045,DP0021,2026-06-20,공공기관 경 공공데이터 개방 플랫폼 구축 업무에서 함께 일하며 많은 도움을 받았습니다. 제약이 많은 상황에서도 새로운 접근을 찾아내 고객의 호평을 받았습니다. 개선 아이디어를 적극적으로 제안하고 직접 시범 적용까지 해 보였습니다. 데이터·개발·운영 담당 사이의 연결고리 역할을 맡아 협업 병목을 풀어 주었습니다. 코드 리뷰에서 품질 기준을 일관되게 지켜 팀의 결과물 수준을 끌어올렸습니다. 그 밖에도 소통 측면에서 좋은 모습을 보였습니다.,세부 설정값 검토가 빠져 배포 후 수정이 생긴 적이 있었습니다.
R000970,2026H1,X-0082,DP0021,DP0022,2026-06-20,금융사 타 데이터 마트 구축을(를) 진행하는 동안 금융 고객 환경을 잘 이해하고 안정적으로 수행했습니다. 고객사 현업 담당자의 불만을 경청하고 대안을 제시해 관계를 개선했습니다. 핵심 담당자으로서 팀원 각자의 역량을 파악해 일을 배분하고 끝까지 이끄는 리더십이 뛰어났습니다.,장애 대응 시 임시 조치에 머무는 경우가 있어 근본 원인 분석까지 이어지면 좋겠습니다.
R000971,2026H1,X-0082,DP0027,DP0022,2026-06-20,금융사 타 데이터 마트 구축을(를) 진행하는 동안 금융 고객 환경을 잘 이해하고 안정적으로 수행했습니다. 검수 체크리스트를 촘촘하게 운영해 고객 검수에서 지적이 거의 나오지 않았습니다. 고객의 모호한 요구를 단계별 실행 계획으로 정리해 범위 변경을 줄였습니다. 고객사 현업 담당자의 불만을 경청하고 대안을 제시해 관계를 개선했습니다. 일정이 흔들릴 때 우선순위를 다시 세우고 팀을 안정적으로 이끌었습니다. 그 밖에도 소통 측면에서 좋은 모습을 보였습니다.,테스트 범위를 좁게 잡아 회귀 결함이 뒤늦게 발견된 적이 있었습니다. 또한 성실 측면도 보완하면 더 좋겠습니다.
R000972,2026H1,X-0055,DP0026,DP0022,2026-06-20,계열사 O 데이터 레이크 고도화을(를) 진행하는 동안 그룹사(대내) 고객 환경을 잘 이해하고 안정적으로 수행했습니다. 고객의 모호한 요구를 단계별 실행 계획으로 정리해 범위 변경을 줄였습니다. 고객사와 개발팀 사이에서 요구사항을 명확히 전달해 재작업을 크게 줄였습니다. 고객의 급한 요청에도 차분하게 대응해 신뢰를 얻었고 추가 요구 협상도 잘 이끌었습니다. 문제가 생겼을 때 남에게 미루지 않고 본인 일처럼 책임지고 원인을 정리해 주었습니다.,변경 사항 문서화가 늦어 인수인계 때 다시 확인해야 하는 일이 있었습니다. 또한 성실 측면도 보완하면 더 좋겠습니다.
R000973,2026H1,X-0030,DP0098,DP0023,2026-06-20,계열사 I 데이터 레이크 고도화 수행 기간 동안 팀의 핵심 인력으로 활약했습니다. 코드 리뷰에서 품질 기준을 일관되게 지켜 팀의 결과물 수준을 끌어올렸습니다.,변경 사항 문서화가 늦어 인수인계 때 다시 확인해야 하는 일이 있었습니다. 또한 위기대응 측면도 보완하면 더 좋겠습니다.
R000974,2026H1,X-0030,DP0039,DP0023,2026-06-20,계열사 I 데이터 레이크 고도화 수행 기간 동안 팀의 핵심 인력으로 활약했습니다. 배치 운영 중 발생한 복합 장애의 근본 원인을 빠르게 찾아 재발 방지책까지 마련했습니다. 일정이 흔들릴 때 우선순위를 다시 세우고 팀을 안정적으로 이끌었습니다. 문제가 생겼을 때 남에게 미루지 않고 본인 일처럼 책임지고 원인을 정리해 주었습니다.,세부 설정값 검토가 빠져 배포 후 수정이 생긴 적이 있었습니다.
R000975,2026H1,X-0030,DP0099,DP0023,2026-06-20,계열사 I 데이터 레이크 고도화을(를) 진행하는 동안 그룹사(대내) 고객 환경을 잘 이해하고 안정적으로 수행했습니다. 테스트 기준을 스스로 높게 잡아 운영 이관 후 장애가 거의 없었습니다. 고객의 급한 요청에도 차분하게 대응해 신뢰를 얻었고 추가 요구 협상도 잘 이끌었습니다. 배치 운영 중 발생한 복합 장애의 근본 원인을 빠르게 찾아 재발 방지책까지 마련했습니다. 눈에 잘 띄지 않는 배치 운영 작업도 성실하게 처리해 품질 기반을 다져 주었습니다.,다만 경계가 애매한 업무는 먼저 맡으려 하지 않는 경우가 있어 주인 의식을 조금 더 보여 주면 좋겠습니다. 또한 문서화 측면도 보완하면 더 좋겠습니다.
R000976,2026H1,X-0030,DP0036,DP0023,2026-06-20,계열사 I 데이터 레이크 고도화 업무에서 함께 일하며 많은 도움을 받았습니다. 맡은 배치 운영 범위를 끝까지 책임지고 마무리해 팀이 일정 걱정 없이 다음 단계로 넘어갈 수 있었습니다. 데이터·개발·운영 담당 사이의 연결고리 역할을 맡아 협업 병목을 풀어 주었습니다.,반복 점검 업무를 마감 직전까지 미루는 경우가 있어 꾸준함이 조금 아쉬웠습니다. 또한 위기대응 측면도 보완하면 더 좋겠습니다.
R000977,2026H1,X-0030,DP0075,DP0023,2026-06-20,계열사 I 데이터 레이크 고도화 업무에서 함께 일하며 많은 도움을 받았습니다. 코드 리뷰에서 품질 기준을 일관되게 지켜 팀의 결과물 수준을 끌어올렸습니다.,긴급 상황에서 우선순위 판단이 늦어 대응이 지연된 적이 있었습니다. 또한 학습력 측면도 보완하면 더 좋겠습니다.
R000978,2026H1,X-0030,DP0029,DP0023,2026-06-20,계열사 I 데이터 레이크 고도화을(를) 진행하는 동안 그룹사(대내) 고객 환경을 잘 이해하고 안정적으로 수행했습니다. 개선 아이디어를 적극적으로 제안하고 직접 시범 적용까지 해 보였습니다. 배치 운영 중 발생한 복합 장애의 근본 원인을 빠르게 찾아 재발 방지책까지 마련했습니다.,기존 방식에 익숙해 새로운 대안을 검토하는 데는 소극적이었습니다.
R000979,2026H1,X-0094,DP0011,DP0024,2026-06-20,계열사 S 데이터 거버넌스 구축을(를) 진행하는 동안 그룹사(대내) 고객 환경을 잘 이해하고 안정적으로 수행했습니다. Hadoop 노하우를 문서와 짧은 세션으로 공유해 팀 전체의 수준을 끌어올렸습니다. 문제가 생겼을 때 남에게 미루지 않고 본인 일처럼 책임지고 원인을 정리해 주었습니다. 처음 접한 Hadoop도 짧은 시간에 익혀 바로 실무에 적용했습니다.,작업량 추정이 낙관적이어서 일정이 밀린 적이 몇 번 있었습니다.
R000980,2026H1,X-0094,DP0086,DP0024,2026-06-20,계열사 S 데이터 거버넌스 구축 수행 기간 동안 팀의 핵심 인력으로 활약했습니다. AWS 노하우를 문서와 짧은 세션으로 공유해 팀 전체의 수준을 끌어올렸습니다. 회의 때마다 쟁점을 쉽게 정리해 이해관계자들의 합의를 빠르게 이끌었습니다. 코드 리뷰에서 품질 기준을 일관되게 지켜 팀의 결과물 수준을 끌어올렸습니다. 배치 운영의 핵심 기능을 직접 설계하며 요구사항을 구조화하는 기획력이 돋보였습니다. 그 밖에도 성실 측면에서 좋은 모습을 보였습니다.,고객의 갑작스러운 요청에 방어적으로 대응해 협의가 길어진 적이 있었습니다.
R000981,2026H1,X-0094,DP0049,DP0024,2026-06-20,계열사 S 데이터 거버넌스 구축 업무에서 함께 일하며 많은 도움을 받았습니다. 고객사와 개발팀 사이에서 요구사항을 명확히 전달해 재작업을 크게 줄였습니다. 매일 진행 상황을 꾸준히 공유하고 반복 점검 업무도 빠짐없이 챙겨 신뢰가 갔습니다. 코드 리뷰에서 품질 기준을 일관되게 지켜 팀의 결과물 수준을 끌어올렸습니다.,새로운 과제에는 먼저 나서기보다 지켜보는 편이라 조금 더 적극적이면 좋겠습니다. 또한 문서화 측면도 보완하면 더 좋겠습니다.
R000982,2026H1,X-0094,DP0068,DP0024,2026-06-20,계열사 S 데이터 거버넌스 구축 수행 기간 동안 팀의 핵심 인력으로 활약했습니다. 매일 진행 상황을 꾸준히 공유하고 반복 점검 업무도 빠짐없이 챙겨 신뢰가 갔습니다. 맡은 배치 운영 범위를 끝까지 책임지고 마무리해 팀이 일정 걱정 없이 다음 단계로 넘어갈 수 있었습니다. 코드 리뷰에서 품질 기준을 일관되게 지켜 팀의 결과물 수준을 끌어올렸습니다. 직접 겪은 시행착오를 정리해 공유해 다른 팀원들이 같은 실수를 피할 수 있었습니다.,새로운 과제에는 먼저 나서기보다 지켜보는 편이라 조금 더 적극적이면 좋겠습니다.
R000983,2026H1,X-0094,DP0011,DP0025,2026-06-20,계열사 S 데이터 거버넌스 구축 업무에서 함께 일하며 많은 도움을 받았습니다. 변경 이력과 의사결정 배경을 꾸준히 기록해 고객 보고에 큰 도움이 되었습니다. 담당자으로서 팀원 각자의 역량을 파악해 일을 배분하고 끝까지 이끄는 리더십이 뛰어났습니다.,반복 점검 업무를 마감 직전까지 미루는 경우가 있어 꾸준함이 조금 아쉬웠습니다. 또한 전문성 측면도 보완하면 더 좋겠습니다.
R000984,2026H1,X-0055,DP0039,DP0025,2026-06-20,계열사 O 데이터 레이크 고도화 업무에서 함께 일하며 많은 도움을 받았습니다. 변경 이력과 의사결정 배경을 꾸준히 기록해 고객 보고에 큰 도움이 되었습니다. 맡은 데이터 표준화 범위를 끝까지 책임지고 마무리해 팀이 일정 걱정 없이 다음 단계로 넘어갈 수 있었습니다.,"요구사항을 구조화하기 전에 구현부터 시작하는 경우가 있어 사전 기획을 보완하면 좋겠습니다. 또한 적극성, 전문성 측면도 보완하면 더 좋겠습니다."
R000985,2026H1,X-0094,DP0032,DP0025,2026-06-20,계열사 S 데이터 거버넌스 구축 업무에서 함께 일하며 많은 도움을 받았습니다. 직접 겪은 시행착오를 정리해 공유해 다른 팀원들이 같은 실수를 피할 수 있었습니다. 일정이 흔들릴 때 우선순위를 다시 세우고 팀을 안정적으로 이끌었습니다.,"새로운 과제에는 먼저 나서기보다 지켜보는 편이라 조금 더 적극적이면 좋겠습니다. 또한 전문성, 창의성 측면도 보완하면 더 좋겠습니다."
R000986,2026H1,X-0094,DP0011,DP0026,2026-06-20,계열사 S 데이터 거버넌스 구축 업무에서 함께 일하며 많은 도움을 받았습니다. 회의 때마다 쟁점을 쉽게 정리해 이해관계자들의 합의를 빠르게 이끌었습니다.,"새로운 과제에는 먼저 나서기보다 지켜보는 편이라 조금 더 적극적이면 좋겠습니다. 또한 멘토링, 꼼꼼함 측면도 보완하면 더 좋겠습니다."
R000987,2026H1,X-0094,DP0032,DP0026,2026-06-20,계열사 S 데이터 거버넌스 구축 업무에서 함께 일하며 많은 도움을 받았습니다. 제약이 많은 상황에서도 새로운 접근을 찾아내 고객의 호평을 받았습니다. 데이터·개발·운영 담당 사이의 연결고리 역할을 맡아 협업 병목을 풀어 주었습니다. 막힌 이슈를 작은 단위로 쪼개 가설을 검증하는 방식으로 해결 시간을 크게 단축했습니다.,의견이 엇갈릴 때 방향을 정리해 주는 역할은 조금 더 기대됩니다. 또한 꼼꼼함 측면도 보완하면 더 좋겠습니다.
R000988,2026H1,X-0094,DP0067,DP0026,2026-06-20,계열사 S 데이터 거버넌스 구축 수행 기간 동안 팀의 핵심 인력으로 활약했습니다. 배치 운영 중 발생한 복합 장애의 근본 원인을 빠르게 찾아 재발 방지책까지 마련했습니다. 핵심 담당자으로서 팀원 각자의 역량을 파악해 일을 배분하고 끝까지 이끄는 리더십이 뛰어났습니다.,고객의 갑작스러운 요청에 방어적으로 대응해 협의가 길어진 적이 있었습니다.
R000989,2026H1,X-0082,DP0021,DP0027,2026-06-20,금융사 타 데이터 마트 구축을(를) 진행하는 동안 금융 고객 환경을 잘 이해하고 안정적으로 수행했습니다. 제약이 많은 상황에서도 새로운 접근을 찾아내 고객의 호평을 받았습니다. 다른 파트의 일정까지 살피며 먼저 도움을 제안해 팀 전체 속도를 끌어올렸습니다.,장애 대응 시 임시 조치에 머무는 경우가 있어 근본 원인 분석까지 이어지면 좋겠습니다. 또한 리더십 측면도 보완하면 더 좋겠습니다.
R000990,2026H1,X-0006,DP0049,DP0027,2026-06-20,금융사 바2 차세대 데이터 플랫폼 구축을(를) 진행하는 동안 금융 고객 환경을 잘 이해하고 안정적으로 수행했습니다. 메타데이터 관리 노하우를 문서와 짧은 세션으로 공유해 팀 전체의 수준을 끌어올렸습니다. 고객사 현업 담당자의 불만을 경청하고 대안을 제시해 관계를 개선했습니다.,테스트 범위를 좁게 잡아 회귀 결함이 뒤늦게 발견된 적이 있었습니다. 또한 책임감 측면도 보완하면 더 좋겠습니다.
R000991,2026H1,X-0082,DP0031,DP0027,2026-06-20,금융사 타 데이터 마트 구축 수행 기간 동안 팀의 핵심 인력으로 활약했습니다. 문제가 생겼을 때 남에게 미루지 않고 본인 일처럼 책임지고 원인을 정리해 주었습니다. 새 도메인 지식을 빠르게 흡수해 투입 초기부터 제 몫을 해냈습니다. 처음 합류한 인원들과도 금방 어울려 팀 분위기를 부드럽게 만들어 주었습니다. BI Reporting 노하우를 문서와 짧은 세션으로 공유해 팀 전체의 수준을 끌어올렸습니다.,의견이 엇갈릴 때 방향을 정리해 주는 역할은 조금 더 기대됩니다.
R000992,2026H1,X-0082,DP0064,DP0027,2026-06-20,금융사 타 데이터 마트 구축 수행 기간 동안 팀의 핵심 인력으로 활약했습니다. 문제가 생겼을 때 남에게 미루지 않고 본인 일처럼 책임지고 원인을 정리해 주었습니다. 메타데이터 관리 관련 이슈가 생길 때마다 정확한 판단으로 해결 방향을 제시해 팀의 기준점이 되었습니다. 산출물과 설정값을 꼼꼼하게 대조해 배포 전 결함을 여러 건 미리 잡아냈습니다.,의견이 엇갈릴 때 방향을 정리해 주는 역할은 조금 더 기대됩니다.
R000993,2026H1,X-0082,DP0077,DP0027,2026-06-20,금융사 타 데이터 마트 구축 업무에서 함께 일하며 많은 도움을 받았습니다. BI Reporting 관련 이슈가 생길 때마다 정확한 판단으로 해결 방향을 제시해 팀의 기준점이 되었습니다. 처음 접한 BI Reporting도 짧은 시간에 익혀 바로 실무에 적용했습니다. 직접 겪은 시행착오를 정리해 공유해 다른 팀원들이 같은 실수를 피할 수 있었습니다.,테스트 범위를 좁게 잡아 회귀 결함이 뒤늦게 발견된 적이 있었습니다.
R000994,2026H1,X-0006,DP0066,DP0027,2026-06-20,금융사 바2 차세대 데이터 플랫폼 구축을(를) 진행하는 동안 금융 고객 환경을 잘 이해하고 안정적으로 수행했습니다. 직접 겪은 시행착오를 정리해 공유해 다른 팀원들이 같은 실수를 피할 수 있었습니다. BI Reporting 분야의 깊은 전문성으로 설계 단계에서 기술적 리스크를 먼저 짚어 냈습니다.,"다만 경계가 애매한 업무는 먼저 맡으려 하지 않는 경우가 있어 주인 의식을 조금 더 보여 주면 좋겠습니다. 또한 리더십, 품질의식 측면도 보완하면 더 좋겠습니다."
R000995,2026H1,X-0088,DP0088,DP0028,2026-06-20,계열사 T 데이터 거버넌스 구축을(를) 진행하는 동안 그룹사(대내) 고객 환경을 잘 이해하고 안정적으로 수행했습니다. 데이터 표준화 중 발생한 복합 장애의 근본 원인을 빠르게 찾아 재발 방지책까지 마련했습니다. 새로운 요구가 생기면 먼저 손을 들고 나서서 초기 검토를 맡아 주었습니다. 회의 때마다 쟁점을 쉽게 정리해 이해관계자들의 합의를 빠르게 이끌었습니다. 기존 방식에 얽매이지 않는 대안을 제시해 데이터 표준화의 처리 속도를 크게 개선했습니다.,알고 있는 노하우를 팀에 공유하는 빈도가 낮아 지식이 한 사람에게 몰렸습니다.
R000996,2026H1,X-0006,DP0062,DP0028,2026-06-20,금융사 바2 차세대 데이터 플랫폼 구축을(를) 진행하는 동안 금융 고객 환경을 잘 이해하고 안정적으로 수행했습니다. 회의 때마다 쟁점을 쉽게 정리해 이해관계자들의 합의를 빠르게 이끌었습니다. 매일 진행 상황을 꾸준히 공유하고 반복 점검 업무도 빠짐없이 챙겨 신뢰가 갔습니다. 마일스톤별 위험 요소를 미리 관리해 메타데이터 설계 일정을 한 번도 놓치지 않았습니다.,새 기술 도입에 시간이 다소 걸려 초기 일정에 부담이 있었습니다. 또한 리더십 측면도 보완하면 더 좋겠습니다.
R000997,2026H1,X-0006,DP0073,DP0028,2026-06-20,금융사 바2 차세대 데이터 플랫폼 구축 업무에서 함께 일하며 많은 도움을 받았습니다. 운영 중 긴급 장애가 났을 때 침착하게 상황을 정리하고 복구를 주도했습니다. 처음 접한 Text Analysis도 짧은 시간에 익혀 바로 실무에 적용했습니다. 문제가 생겼을 때 남에게 미루지 않고 본인 일처럼 책임지고 원인을 정리해 주었습니다.,의견이 엇갈릴 때 방향을 정리해 주는 역할은 조금 더 기대됩니다.
R000998,2026H1,X-0030,DP0020,DP0029,2026-06-20,계열사 I 데이터 레이크 고도화 수행 기간 동안 팀의 핵심 인력으로 활약했습니다. 작업량을 현실적으로 추정해 일정 계획의 정확도를 높였습니다. 고객사 현업 담당자의 불만을 경청하고 대안을 제시해 관계를 개선했습니다. 배치 운영의 핵심 기능을 직접 설계하며 요구사항을 구조화하는 기획력이 돋보였습니다. 코드 리뷰에서 품질 기준을 일관되게 지켜 팀의 결과물 수준을 끌어올렸습니다.,"긴급 상황에서 우선순위 판단이 늦어 대응이 지연된 적이 있었습니다. 또한 학습력, 문서화 측면도 보완하면 더 좋겠습니다."
R000999,2026H1,X-0030,DP0099,DP0029,2026-06-20,계열사 I 데이터 레이크 고도화을(를) 진행하는 동안 그룹사(대내) 고객 환경을 잘 이해하고 안정적으로 수행했습니다. 제약이 많은 상황에서도 새로운 접근을 찾아내 고객의 호평을 받았습니다. 다른 파트의 일정까지 살피며 먼저 도움을 제안해 팀 전체 속도를 끌어올렸습니다. 배치 운영의 핵심 기능을 직접 설계하며 요구사항을 구조화하는 기획력이 돋보였습니다. 작업량을 현실적으로 추정해 일정 계획의 정확도를 높였습니다.,긴급 상황에서 우선순위 판단이 늦어 대응이 지연된 적이 있었습니다.
R001000,2026H1,X-0030,DP0036,DP0029,2026-06-20,계열사 I 데이터 레이크 고도화 업무에서 함께 일하며 많은 도움을 받았습니다. 배치 운영의 핵심 기능을 직접 설계하며 요구사항을 구조화하는 기획력이 돋보였습니다. 맡은 배치 운영 범위를 끝까지 책임지고 마무리해 팀이 일정 걱정 없이 다음 단계로 넘어갈 수 있었습니다.,새 기술 도입에 시간이 다소 걸려 초기 일정에 부담이 있었습니다.
R001001,2026H1,X-0095,DP0073,DP0030,2026-06-20,금융사 차 비정형 문서 메타데이터 전환 업무에서 함께 일하며 많은 도움을 받았습니다. 맡은 데이터 이관 범위를 끝까지 책임지고 마무리해 팀이 일정 걱정 없이 다음 단계로 넘어갈 수 있었습니다. 운영 중 긴급 장애가 났을 때 침착하게 상황을 정리하고 복구를 주도했습니다.,"작업량 추정이 낙관적이어서 일정이 밀린 적이 몇 번 있었습니다. 또한 친화력, 전문성 측면도 보완하면 더 좋겠습니다."
R001002,2026H1,X-0017,DP0035,DP0030,2026-06-20,계열사 Q 데이터 레이크 고도화 수행 기간 동안 팀의 핵심 인력으로 활약했습니다. ETL 분야의 깊은 전문성으로 설계 단계에서 기술적 리스크를 먼저 짚어 냈습니다. 카탈로그 구축의 핵심 기능을 직접 설계하며 요구사항을 구조화하는 기획력이 돋보였습니다.,작업량 추정이 낙관적이어서 일정이 밀린 적이 몇 번 있었습니다. 또한 리더십 측면도 보완하면 더 좋겠습니다.
R001003,2026H1,X-0017,DP0046,DP0030,2026-06-20,계열사 Q 데이터 레이크 고도화을(를) 진행하는 동안 그룹사(대내) 고객 환경을 잘 이해하고 안정적으로 수행했습니다. 일정이 크게 흔들린 시점에 대응 계획을 빠르게 세워 위기를 넘겼습니다. ETL 분야의 깊은 전문성으로 설계 단계에서 기술적 리스크를 먼저 짚어 냈습니다. 고객의 모호한 요구를 단계별 실행 계획으로 정리해 범위 변경을 줄였습니다.,"새로 합류한 인원과 거리감이 있어 초기 협업이 다소 더뎠습니다. 또한 일정관리, 소통 측면도 보완하면 더 좋겠습니다."
R001004,2026H1,X-0017,DP0071,DP0030,2026-06-20,계열사 Q 데이터 레이크 고도화 업무에서 함께 일하며 많은 도움을 받았습니다. 테스트 기준을 스스로 높게 잡아 운영 이관 후 장애가 거의 없었습니다. 고객사 담당자와도 편하게 소통하는 친화력 덕분에 협의가 한결 수월했습니다.,의견이 엇갈릴 때 방향을 정리해 주는 역할은 조금 더 기대됩니다. 또한 멘토링 측면도 보완하면 더 좋겠습니다.
R001005,2026H1,X-0017,DP0085,DP0030,2026-06-20,계열사 Q 데이터 레이크 고도화 수행 기간 동안 팀의 핵심 인력으로 활약했습니다. 고객의 모호한 요구를 단계별 실행 계획으로 정리해 범위 변경을 줄였습니다.,주니어에게 피드백을 줄 때 이유 설명이 짧아 학습 효과가 제한적이었습니다. 또한 리더십 측면도 보완하면 더 좋겠습니다.
R001006,2026H1,X-0088,DP0028,DP0031,2026-06-20,계열사 T 데이터 거버넌스 구축 업무에서 함께 일하며 많은 도움을 받았습니다. 고객사와 개발팀 사이에서 요구사항을 명확히 전달해 재작업을 크게 줄였습니다. 신규 인원에게 업무 맥락을 차근차근 설명해 적응 기간을 크게 줄여 주었습니다. 변경 이력과 의사결정 배경을 꾸준히 기록해 고객 보고에 큰 도움이 되었습니다.,작업량 추정이 낙관적이어서 일정이 밀린 적이 몇 번 있었습니다.
R001007,2026H1,X-0088,DP0053,DP0031,2026-06-20,계열사 T 데이터 거버넌스 구축 업무에서 함께 일하며 많은 도움을 받았습니다. 데이터 표준화의 핵심 기능을 직접 설계하며 요구사항을 구조화하는 기획력이 돋보였습니다. 회의 때마다 쟁점을 쉽게 정리해 이해관계자들의 합의를 빠르게 이끌었습니다. 산출물과 설정값을 꼼꼼하게 대조해 배포 전 결함을 여러 건 미리 잡아냈습니다. 변경 이력과 의사결정 배경을 꾸준히 기록해 고객 보고에 큰 도움이 되었습니다. 그 밖에도 기술공유 측면에서 좋은 모습을 보였습니다.,새 기술 도입에 시간이 다소 걸려 초기 일정에 부담이 있었습니다.
R001008,2026H1,X-0088,DP0081,DP0031,2026-06-20,계열사 T 데이터 거버넌스 구축을(를) 진행하는 동안 그룹사(대내) 고객 환경을 잘 이해하고 안정적으로 수행했습니다. 산출물과 설정값을 꼼꼼하게 대조해 배포 전 결함을 여러 건 미리 잡아냈습니다. 개선 아이디어를 적극적으로 제안하고 직접 시범 적용까지 해 보였습니다. 데이터 표준화 중 발생한 복합 장애의 근본 원인을 빠르게 찾아 재발 방지책까지 마련했습니다.,"작업량 추정이 낙관적이어서 일정이 밀린 적이 몇 번 있었습니다. 또한 학습력, 책임감 측면도 보완하면 더 좋겠습니다."
R001009,2026H1,X-0088,DP0045,DP0031,2026-06-20,계열사 T 데이터 거버넌스 구축 수행 기간 동안 팀의 핵심 인력으로 활약했습니다. 직접 겪은 시행착오를 정리해 공유해 다른 팀원들이 같은 실수를 피할 수 있었습니다. 막힌 이슈를 작은 단위로 쪼개 가설을 검증하는 방식으로 해결 시간을 크게 단축했습니다.,새로운 과제에는 먼저 나서기보다 지켜보는 편이라 조금 더 적극적이면 좋겠습니다. 또한 일정관리 측면도 보완하면 더 좋겠습니다.
R001010,2026H1,X-0082,DP0067,DP0031,2026-06-20,금융사 타 데이터 마트 구축 업무에서 함께 일하며 많은 도움을 받았습니다. 막힌 이슈를 작은 단위로 쪼개 가설을 검증하는 방식으로 해결 시간을 크게 단축했습니다. Data Lake & Data Catalog 노하우를 문서와 짧은 세션으로 공유해 팀 전체의 수준을 끌어올렸습니다. 작업량을 현실적으로 추정해 일정 계획의 정확도를 높였습니다. 변경 이력과 의사결정 배경을 꾸준히 기록해 고객 보고에 큰 도움이 되었습니다. 그 밖에도 꼼꼼함 측면에서 좋은 모습을 보였습니다.,고객의 갑작스러운 요청에 방어적으로 대응해 협의가 길어진 적이 있었습니다.
R001011,2026H1,X-0082,DP0064,DP0031,2026-06-20,금융사 타 데이터 마트 구축을(를) 진행하는 동안 금융 고객 환경을 잘 이해하고 안정적으로 수행했습니다. 변경 이력과 의사결정 배경을 꾸준히 기록해 고객 보고에 큰 도움이 되었습니다. 산출물과 설정값을 꼼꼼하게 대조해 배포 전 결함을 여러 건 미리 잡아냈습니다. 직접 겪은 시행착오를 정리해 공유해 다른 팀원들이 같은 실수를 피할 수 있었습니다. 회의 때마다 쟁점을 쉽게 정리해 이해관계자들의 합의를 빠르게 이끌었습니다. 그 밖에도 문제해결 측면에서 좋은 모습을 보였습니다.,작업량 추정이 낙관적이어서 일정이 밀린 적이 몇 번 있었습니다.
R001012,2026H1,X-0055,DP0066,DP0032,2026-06-20,계열사 O 데이터 레이크 고도화 업무에서 함께 일하며 많은 도움을 받았습니다. 코드 리뷰에서 품질 기준을 일관되게 지켜 팀의 결과물 수준을 끌어올렸습니다. 새 도메인 지식을 빠르게 흡수해 투입 초기부터 제 몫을 해냈습니다. 신규 인원에게 업무 맥락을 차근차근 설명해 적응 기간을 크게 줄여 주었습니다.,요구사항을 구조화하기 전에 구현부터 시작하는 경우가 있어 사전 기획을 보완하면 좋겠습니다. 또한 일정관리 측면도 보완하면 더 좋겠습니다.
R001013,2026H1,X-0094,DP0086,DP0032,2026-06-20,계열사 S 데이터 거버넌스 구축 업무에서 함께 일하며 많은 도움을 받았습니다. 맡은 배치 운영 범위를 끝까지 책임지고 마무리해 팀이 일정 걱정 없이 다음 단계로 넘어갈 수 있었습니다. 신규 인원에게 업무 맥락을 차근차근 설명해 적응 기간을 크게 줄여 주었습니다. 메타데이터 관리 관련 이슈가 생길 때마다 정확한 판단으로 해결 방향을 제시해 팀의 기준점이 되었습니다.,요구사항을 구조화하기 전에 구현부터 시작하는 경우가 있어 사전 기획을 보완하면 좋겠습니다.
R001014,2026H1,X-0094,DP0067,DP0032,2026-06-20,계열사 S 데이터 거버넌스 구축 업무에서 함께 일하며 많은 도움을 받았습니다. 고객사와 개발팀 사이에서 요구사항을 명확히 전달해 재작업을 크게 줄였습니다.,고객의 갑작스러운 요청에 방어적으로 대응해 협의가 길어진 적이 있었습니다.
R001015,2026H1,X-0082,DP0022,DP0033,2026-06-20,금융사 타 데이터 마트 구축을(를) 진행하는 동안 금융 고객 환경을 잘 이해하고 안정적으로 수행했습니다. 막힌 이슈를 작은 단위로 쪼개 가설을 검증하는 방식으로 해결 시간을 크게 단축했습니다. 매일 진행 상황을 꾸준히 공유하고 반복 점검 업무도 빠짐없이 챙겨 신뢰가 갔습니다. 새로운 요구가 생기면 먼저 손을 들고 나서서 초기 검토를 맡아 주었습니다. 메타데이터 관리 관련 이슈가 생길 때마다 정확한 판단으로 해결 방향을 제시해 팀의 기준점이 되었습니다.,알고 있는 노하우를 팀에 공유하는 빈도가 낮아 지식이 한 사람에게 몰렸습니다.
R001016,2026H1,X-0006,DP0037,DP0033,2026-06-20,금융사 바2 차세대 데이터 플랫폼 구축을(를) 진행하는 동안 금융 고객 환경을 잘 이해하고 안정적으로 수행했습니다. 개선 아이디어를 적극적으로 제안하고 직접 시범 적용까지 해 보였습니다. 산출물과 설정값을 꼼꼼하게 대조해 배포 전 결함을 여러 건 미리 잡아냈습니다. Text Analysis 관련 이슈가 생길 때마다 정확한 판단으로 해결 방향을 제시해 팀의 기준점이 되었습니다.,새 기술 도입에 시간이 다소 걸려 초기 일정에 부담이 있었습니다.
R001017,2026H1,X-0006,DP0056,DP0033,2026-06-20,금융사 바2 차세대 데이터 플랫폼 구축 수행 기간 동안 팀의 핵심 인력으로 활약했습니다. 검색엔진 분야의 깊은 전문성으로 설계 단계에서 기술적 리스크를 먼저 짚어 냈습니다. 막힌 이슈를 작은 단위로 쪼개 가설을 검증하는 방식으로 해결 시간을 크게 단축했습니다. 산출물과 설정값을 꼼꼼하게 대조해 배포 전 결함을 여러 건 미리 잡아냈습니다.,"변경 사항 문서화가 늦어 인수인계 때 다시 확인해야 하는 일이 있었습니다. 또한 협업, 소통 측면도 보완하면 더 좋겠습니다."
R001018,2026H1,X-0006,DP0027,DP0034,2026-06-20,금융사 바2 차세대 데이터 플랫폼 구축을(를) 진행하는 동안 금융 고객 환경을 잘 이해하고 안정적으로 수행했습니다. 운영 중 긴급 장애가 났을 때 침착하게 상황을 정리하고 복구를 주도했습니다. 테스트 기준을 스스로 높게 잡아 운영 이관 후 장애가 거의 없었습니다.,주니어에게 피드백을 줄 때 이유 설명이 짧아 학습 효과가 제한적이었습니다.
R001019,2026H1,X-0006,DP0037,DP0034,2026-06-20,금융사 바2 차세대 데이터 플랫폼 구축을(를) 진행하는 동안 금융 고객 환경을 잘 이해하고 안정적으로 수행했습니다. 처음 접한 AWS도 짧은 시간에 익혀 바로 실무에 적용했습니다. 핵심 담당자으로서 팀원 각자의 역량을 파악해 일을 배분하고 끝까지 이끄는 리더십이 뛰어났습니다.,"알고 있는 노하우를 팀에 공유하는 빈도가 낮아 지식이 한 사람에게 몰렸습니다. 또한 전문성, 멘토링 측면도 보완하면 더 좋겠습니다."
R001020,2026H1,X-0082,DP0100,DP0034,2026-06-20,금융사 타 데이터 마트 구축 업무에서 함께 일하며 많은 도움을 받았습니다. 핵심 담당자으로서 팀원 각자의 역량을 파악해 일을 배분하고 끝까지 이끄는 리더십이 뛰어났습니다. 고객사와 개발팀 사이에서 요구사항을 명확히 전달해 재작업을 크게 줄였습니다.,알고 있는 노하우를 팀에 공유하는 빈도가 낮아 지식이 한 사람에게 몰렸습니다.
R001021,2026H1,X-0006,DP0049,DP0034,2026-06-20,금융사 바2 차세대 데이터 플랫폼 구축을(를) 진행하는 동안 금융 고객 환경을 잘 이해하고 안정적으로 수행했습니다. 회의 때마다 쟁점을 쉽게 정리해 이해관계자들의 합의를 빠르게 이끌었습니다. 코드 리뷰에서 품질 기준을 일관되게 지켜 팀의 결과물 수준을 끌어올렸습니다.,"주니어에게 피드백을 줄 때 이유 설명이 짧아 학습 효과가 제한적이었습니다. 또한 기술공유, 전문성 측면도 보완하면 더 좋겠습니다."
R001022,2026H1,X-0017,DP0057,DP0035,2026-06-20,계열사 Q 데이터 레이크 고도화 업무에서 함께 일하며 많은 도움을 받았습니다. 직접 겪은 시행착오를 정리해 공유해 다른 팀원들이 같은 실수를 피할 수 있었습니다. 기존 방식에 얽매이지 않는 대안을 제시해 카탈로그 구축의 처리 속도를 크게 개선했습니다.,변경 사항 문서화가 늦어 인수인계 때 다시 확인해야 하는 일이 있었습니다.
R001023,2026H1,X-0087,DP0017,DP0035,2026-06-20,금융사 자 차세대 데이터 플랫폼 구축 업무에서 함께 일하며 많은 도움을 받았습니다. 새 도메인 지식을 빠르게 흡수해 투입 초기부터 제 몫을 해냈습니다. ETL 노하우를 문서와 짧은 세션으로 공유해 팀 전체의 수준을 끌어올렸습니다. ETL 관련 이슈가 생길 때마다 정확한 판단으로 해결 방향을 제시해 팀의 기준점이 되었습니다. 적재 파이프라인 중 발생한 복합 장애의 근본 원인을 빠르게 찾아 재발 방지책까지 마련했습니다. 그 밖에도 소통 측면에서 좋은 모습을 보였습니다.,요구사항을 구조화하기 전에 구현부터 시작하는 경우가 있어 사전 기획을 보완하면 좋겠습니다. 또한 적극성 측면도 보완하면 더 좋겠습니다.
R001024,2026H1,X-0017,DP0071,DP0035,2026-06-20,계열사 Q 데이터 레이크 고도화 업무에서 함께 일하며 많은 도움을 받았습니다. 비정형 문서 처리(OCR) 분야의 깊은 전문성으로 설계 단계에서 기술적 리스크를 먼저 짚어 냈습니다. 고객사와 개발팀 사이에서 요구사항을 명확히 전달해 재작업을 크게 줄였습니다. 직접 겪은 시행착오를 정리해 공유해 다른 팀원들이 같은 실수를 피할 수 있었습니다. 처음 접한 비정형 문서 처리(OCR)도 짧은 시간에 익혀 바로 실무에 적용했습니다.,새로운 과제에는 먼저 나서기보다 지켜보는 편이라 조금 더 적극적이면 좋겠습니다. 또한 문서화 측면도 보완하면 더 좋겠습니다.
R001025,2026H1,X-0017,DP0030,DP0035,2026-06-20,계열사 Q 데이터 레이크 고도화 수행 기간 동안 팀의 핵심 인력으로 활약했습니다. 제약이 많은 상황에서도 새로운 접근을 찾아내 고객의 호평을 받았습니다. 비정형 문서 처리(OCR) 관련 이슈가 생길 때마다 정확한 판단으로 해결 방향을 제시해 팀의 기준점이 되었습니다. 맡은 카탈로그 구축 범위를 끝까지 책임지고 마무리해 팀이 일정 걱정 없이 다음 단계로 넘어갈 수 있었습니다. 고객사와 개발팀 사이에서 요구사항을 명확히 전달해 재작업을 크게 줄였습니다.,요구사항을 구조화하기 전에 구현부터 시작하는 경우가 있어 사전 기획을 보완하면 좋겠습니다. 또한 적극성 측면도 보완하면 더 좋겠습니다.
R001026,2026H1,X-0017,DP0046,DP0035,2026-06-20,계열사 Q 데이터 레이크 고도화 업무에서 함께 일하며 많은 도움을 받았습니다. 기존 방식에 얽매이지 않는 대안을 제시해 카탈로그 구축의 처리 속도를 크게 개선했습니다. 메타데이터 관리 노하우를 문서와 짧은 세션으로 공유해 팀 전체의 수준을 끌어올렸습니다. 고객사와 개발팀 사이에서 요구사항을 명확히 전달해 재작업을 크게 줄였습니다. 처음 접한 메타데이터 관리도 짧은 시간에 익혀 바로 실무에 적용했습니다. 그 밖에도 책임감 측면에서 좋은 모습을 보였습니다.,변경 사항 문서화가 늦어 인수인계 때 다시 확인해야 하는 일이 있었습니다.
R001027,2026H1,X-0001,DP0081,DP0036,2026-06-20,금융사 가2 비정형 문서 메타데이터 전환 업무에서 함께 일하며 많은 도움을 받았습니다. 맡은 메타데이터 설계 범위를 끝까지 책임지고 마무리해 팀이 일정 걱정 없이 다음 단계로 넘어갈 수 있었습니다. 처음 합류한 인원들과도 금방 어울려 팀 분위기를 부드럽게 만들어 주었습니다. 담당자으로서 팀원 각자의 역량을 파악해 일을 배분하고 끝까지 이끄는 리더십이 뛰어났습니다.,요구사항을 구조화하기 전에 구현부터 시작하는 경우가 있어 사전 기획을 보완하면 좋겠습니다. 또한 기술공유 측면도 보완하면 더 좋겠습니다.
R001028,2026H1,X-0030,DP0055,DP0036,2026-06-20,계열사 I 데이터 레이크 고도화을(를) 진행하는 동안 그룹사(대내) 고객 환경을 잘 이해하고 안정적으로 수행했습니다. 맡은 배치 운영 범위를 끝까지 책임지고 마무리해 팀이 일정 걱정 없이 다음 단계로 넘어갈 수 있었습니다. 기존 방식에 얽매이지 않는 대안을 제시해 배치 운영의 처리 속도를 크게 개선했습니다. 처음 합류한 인원들과도 금방 어울려 팀 분위기를 부드럽게 만들어 주었습니다. 코드 리뷰에서 품질 기준을 일관되게 지켜 팀의 결과물 수준을 끌어올렸습니다.,장애 대응 시 임시 조치에 머무는 경우가 있어 근본 원인 분석까지 이어지면 좋겠습니다.
R001029,2026H1,X-0030,DP0029,DP0036,2026-06-20,계열사 I 데이터 레이크 고도화 수행 기간 동안 팀의 핵심 인력으로 활약했습니다. 처음 합류한 인원들과도 금방 어울려 팀 분위기를 부드럽게 만들어 주었습니다. 담당자으로서 팀원 각자의 역량을 파악해 일을 배분하고 끝까지 이끄는 리더십이 뛰어났습니다. 문제가 생겼을 때 남에게 미루지 않고 본인 일처럼 책임지고 원인을 정리해 주었습니다.,요구사항을 구조화하기 전에 구현부터 시작하는 경우가 있어 사전 기획을 보완하면 좋겠습니다.
R001030,2026H1,X-0030,DP0020,DP0036,2026-06-20,계열사 I 데이터 레이크 고도화 업무에서 함께 일하며 많은 도움을 받았습니다. 눈에 잘 띄지 않는 배치 운영 작업도 성실하게 처리해 품질 기반을 다져 주었습니다. 맡은 배치 운영 범위를 끝까지 책임지고 마무리해 팀이 일정 걱정 없이 다음 단계로 넘어갈 수 있었습니다. 운영 중 긴급 장애가 났을 때 침착하게 상황을 정리하고 복구를 주도했습니다. 일정이 흔들릴 때 우선순위를 다시 세우고 팀을 안정적으로 이끌었습니다. 그 밖에도 창의성 측면에서 좋은 모습을 보였습니다.,본인 범위에 집중하다 보니 다른 파트와의 연계가 늦어지는 경우가 있었습니다.
R001031,2026H1,X-0006,DP0069,DP0037,2026-06-20,금융사 바2 차세대 데이터 플랫폼 구축 업무에서 함께 일하며 많은 도움을 받았습니다. 검색엔진 노하우를 문서와 짧은 세션으로 공유해 팀 전체의 수준을 끌어올렸습니다. 테스트 기준을 스스로 높게 잡아 운영 이관 후 장애가 거의 없었습니다. 처음 접한 검색엔진도 짧은 시간에 익혀 바로 실무에 적용했습니다.,"작업량 추정이 낙관적이어서 일정이 밀린 적이 몇 번 있었습니다. 또한 리더십, 기획력 측면도 보완하면 더 좋겠습니다."
R001032,2026H1,X-0006,DP0066,DP0037,2026-06-20,금융사 바2 차세대 데이터 플랫폼 구축 업무에서 함께 일하며 많은 도움을 받았습니다. 새 도메인 지식을 빠르게 흡수해 투입 초기부터 제 몫을 해냈습니다.,"새로 합류한 인원과 거리감이 있어 초기 협업이 다소 더뎠습니다. 또한 협업, 기획력 측면도 보완하면 더 좋겠습니다."
R001033,2026H1,X-0004,DP0073,DP0037,2026-06-20,계열사 N 데이터 거버넌스 구축 수행 기간 동안 팀의 핵심 인력으로 활약했습니다. Text Analysis 노하우를 문서와 짧은 세션으로 공유해 팀 전체의 수준을 끌어올렸습니다.,의견이 엇갈릴 때 방향을 정리해 주는 역할은 조금 더 기대됩니다. 또한 소통 측면도 보완하면 더 좋겠습니다.
R001034,2026H1,X-0004,DP0083,DP0037,2026-06-20,계열사 N 데이터 거버넌스 구축 수행 기간 동안 팀의 핵심 인력으로 활약했습니다. 변경 이력과 의사결정 배경을 꾸준히 기록해 고객 보고에 큰 도움이 되었습니다. 처음 접한 Text Analysis도 짧은 시간에 익혀 바로 실무에 적용했습니다. 일정이 크게 흔들린 시점에 대응 계획을 빠르게 세워 위기를 넘겼습니다.,의견이 엇갈릴 때 방향을 정리해 주는 역할은 조금 더 기대됩니다. 또한 창의성 측면도 보완하면 더 좋겠습니다.
R001035,2026H1,X-0006,DP0046,DP0037,2026-06-20,금융사 바2 차세대 데이터 플랫폼 구축 수행 기간 동안 팀의 핵심 인력으로 활약했습니다. 일정이 크게 흔들린 시점에 대응 계획을 빠르게 세워 위기를 넘겼습니다. 고객의 모호한 요구를 단계별 실행 계획으로 정리해 범위 변경을 줄였습니다. 새 도메인 지식을 빠르게 흡수해 투입 초기부터 제 몫을 해냈습니다.,의견이 엇갈릴 때 방향을 정리해 주는 역할은 조금 더 기대됩니다. 또한 품질의식 측면도 보완하면 더 좋겠습니다.
R001036,2026H1,X-0083,DP0092,DP0038,2026-06-20,금융사 사 차세대 데이터 플랫폼 구축 수행 기간 동안 팀의 핵심 인력으로 활약했습니다. 제약이 많은 상황에서도 새로운 접근을 찾아내 고객의 호평을 받았습니다. 작업량을 현실적으로 추정해 일정 계획의 정확도를 높였습니다. 고객사 담당자와도 편하게 소통하는 친화력 덕분에 협의가 한결 수월했습니다.,고객의 갑작스러운 요청에 방어적으로 대응해 협의가 길어진 적이 있었습니다. 또한 책임감 측면도 보완하면 더 좋겠습니다.
R001037,2026H1,X-0083,DP0074,DP0038,2026-06-20,금융사 사 차세대 데이터 플랫폼 구축 수행 기간 동안 팀의 핵심 인력으로 활약했습니다. 직접 겪은 시행착오를 정리해 공유해 다른 팀원들이 같은 실수를 피할 수 있었습니다. 일정이 크게 흔들린 시점에 대응 계획을 빠르게 세워 위기를 넘겼습니다.,다만 경계가 애매한 업무는 먼저 맡으려 하지 않는 경우가 있어 주인 의식을 조금 더 보여 주면 좋겠습니다.
R001038,2026H1,X-0083,DP0019,DP0038,2026-06-20,금융사 사 차세대 데이터 플랫폼 구축 수행 기간 동안 팀의 핵심 인력으로 활약했습니다. 코드 리뷰에서 품질 기준을 일관되게 지켜 팀의 결과물 수준을 끌어올렸습니다. 운영 중 긴급 장애가 났을 때 침착하게 상황을 정리하고 복구를 주도했습니다.,반복 점검 업무를 마감 직전까지 미루는 경우가 있어 꾸준함이 조금 아쉬웠습니다.
R001039,2026H1,X-0083,DP0070,DP0038,2026-06-20,금융사 사 차세대 데이터 플랫폼 구축 수행 기간 동안 팀의 핵심 인력으로 활약했습니다. 개선 아이디어를 적극적으로 제안하고 직접 시범 적용까지 해 보였습니다. 변경 이력과 의사결정 배경을 꾸준히 기록해 고객 보고에 큰 도움이 되었습니다.,새 기술 도입에 시간이 다소 걸려 초기 일정에 부담이 있었습니다. 또한 고객대응 측면도 보완하면 더 좋겠습니다.
R001040,2026H1,X-0083,DP0068,DP0038,2026-06-20,금융사 사 차세대 데이터 플랫폼 구축 업무에서 함께 일하며 많은 도움을 받았습니다. 작업량을 현실적으로 추정해 일정 계획의 정확도를 높였습니다. 데이터 모델링 분야의 깊은 전문성으로 설계 단계에서 기술적 리스크를 먼저 짚어 냈습니다. 일정이 크게 흔들린 시점에 대응 계획을 빠르게 세워 위기를 넘겼습니다.,요구사항을 구조화하기 전에 구현부터 시작하는 경우가 있어 사전 기획을 보완하면 좋겠습니다. 또한 성실 측면도 보완하면 더 좋겠습니다.
R001041,2026H1,X-0083,DP0089,DP0038,2026-06-20,금융사 사 차세대 데이터 플랫폼 구축을(를) 진행하는 동안 금융 고객 환경을 잘 이해하고 안정적으로 수행했습니다. 운영 중 긴급 장애가 났을 때 침착하게 상황을 정리하고 복구를 주도했습니다. 기존 방식에 얽매이지 않는 대안을 제시해 데이터 이관의 처리 속도를 크게 개선했습니다.,반복 점검 업무를 마감 직전까지 미루는 경우가 있어 꾸준함이 조금 아쉬웠습니다. 또한 문제해결 측면도 보완하면 더 좋겠습니다.
R001042,2026H1,X-0030,DP0010,DP0039,2026-06-20,계열사 I 데이터 레이크 고도화 수행 기간 동안 팀의 핵심 인력으로 활약했습니다. 처음 접한 Data Lake & Data Catalog도 짧은 시간에 익혀 바로 실무에 적용했습니다. 테스트 기준을 스스로 높게 잡아 운영 이관 후 장애가 거의 없었습니다.,"알고 있는 노하우를 팀에 공유하는 빈도가 낮아 지식이 한 사람에게 몰렸습니다. 또한 소통, 일정관리 측면도 보완하면 더 좋겠습니다."
R001043,2026H1,X-0030,DP0023,DP0039,2026-06-20,계열사 I 데이터 레이크 고도화을(를) 진행하는 동안 그룹사(대내) 고객 환경을 잘 이해하고 안정적으로 수행했습니다. 고객의 급한 요청에도 차분하게 대응해 신뢰를 얻었고 추가 요구 협상도 잘 이끌었습니다.,"본인 범위에 집중하다 보니 다른 파트와의 연계가 늦어지는 경우가 있었습니다. 또한 소통, 성실 측면도 보완하면 더 좋겠습니다."
R001044,2026H1,X-0055,DP0052,DP0039,2026-06-20,계열사 O 데이터 레이크 고도화 업무에서 함께 일하며 많은 도움을 받았습니다. 테스트 기준을 스스로 높게 잡아 운영 이관 후 장애가 거의 없었습니다.,진행 상황 공유가 늦어 다른 담당자가 뒤늦게 파악하는 일이 있었습니다.
R001045,2026H1,X-0083,DP0074,DP0040,2026-06-20,금융사 사 차세대 데이터 플랫폼 구축 수행 기간 동안 팀의 핵심 인력으로 활약했습니다. 기존 방식에 얽매이지 않는 대안을 제시해 데이터 이관의 처리 속도를 크게 개선했습니다. 주니어의 코드 리뷰에 이유까지 설명해 주어 팀의 성장에 기여했습니다. 메타데이터 관리 분야의 깊은 전문성으로 설계 단계에서 기술적 리스크를 먼저 짚어 냈습니다.,알고 있는 노하우를 팀에 공유하는 빈도가 낮아 지식이 한 사람에게 몰렸습니다. 또한 소통 측면도 보완하면 더 좋겠습니다.
R001046,2026H1,X-0055,DP0052,DP0040,2026-06-20,계열사 O 데이터 레이크 고도화 업무에서 함께 일하며 많은 도움을 받았습니다. 일정이 흔들릴 때 우선순위를 다시 세우고 팀을 안정적으로 이끌었습니다. 주니어의 코드 리뷰에 이유까지 설명해 주어 팀의 성장에 기여했습니다. 매일 진행 상황을 꾸준히 공유하고 반복 점검 업무도 빠짐없이 챙겨 신뢰가 갔습니다.,"진행 상황 공유가 늦어 다른 담당자가 뒤늦게 파악하는 일이 있었습니다. 또한 기획력, 기술공유 측면도 보완하면 더 좋겠습니다."
R001047,2026H1,X-0055,DP0039,DP0040,2026-06-20,계열사 O 데이터 레이크 고도화 업무에서 함께 일하며 많은 도움을 받았습니다. 일정이 크게 흔들린 시점에 대응 계획을 빠르게 세워 위기를 넘겼습니다. 검색엔진 분야의 깊은 전문성으로 설계 단계에서 기술적 리스크를 먼저 짚어 냈습니다.,진행 상황 공유가 늦어 다른 담당자가 뒤늦게 파악하는 일이 있었습니다. 또한 창의성 측면도 보완하면 더 좋겠습니다.
R001048,2026H1,X-0055,DP0022,DP0041,2026-06-20,계열사 O 데이터 레이크 고도화을(를) 진행하는 동안 그룹사(대내) 고객 환경을 잘 이해하고 안정적으로 수행했습니다. 맡은 데이터 표준화 범위를 끝까지 책임지고 마무리해 팀이 일정 걱정 없이 다음 단계로 넘어갈 수 있었습니다. ETL 노하우를 문서와 짧은 세션으로 공유해 팀 전체의 수준을 끌어올렸습니다. 고객의 모호한 요구를 단계별 실행 계획으로 정리해 범위 변경을 줄였습니다.,본인 범위에 집중하다 보니 다른 파트와의 연계가 늦어지는 경우가 있었습니다. 또한 멘토링 측면도 보완하면 더 좋겠습니다.
R001049,2026H1,X-0088,DP0097,DP0041,2026-06-20,계열사 T 데이터 거버넌스 구축 업무에서 함께 일하며 많은 도움을 받았습니다. 고객사 현업 담당자의 불만을 경청하고 대안을 제시해 관계를 개선했습니다. 직접 겪은 시행착오를 정리해 공유해 다른 팀원들이 같은 실수를 피할 수 있었습니다. 파트 리더으로서 팀원 각자의 역량을 파악해 일을 배분하고 끝까지 이끄는 리더십이 뛰어났습니다.,"본인 범위에 집중하다 보니 다른 파트와의 연계가 늦어지는 경우가 있었습니다. 또한 멘토링, 품질의식 측면도 보완하면 더 좋겠습니다."
R001050,2026H1,X-0088,DP0028,DP0041,2026-06-20,계열사 T 데이터 거버넌스 구축을(를) 진행하는 동안 그룹사(대내) 고객 환경을 잘 이해하고 안정적으로 수행했습니다. 고객의 모호한 요구를 단계별 실행 계획으로 정리해 범위 변경을 줄였습니다.,의견이 엇갈릴 때 방향을 정리해 주는 역할은 조금 더 기대됩니다. 또한 문서화 측면도 보완하면 더 좋겠습니다.
R001051,2026H1,X-0088,DP0044,DP0041,2026-06-20,계열사 T 데이터 거버넌스 구축을(를) 진행하는 동안 그룹사(대내) 고객 환경을 잘 이해하고 안정적으로 수행했습니다. 처음 합류한 인원들과도 금방 어울려 팀 분위기를 부드럽게 만들어 주었습니다. 비정형 문서 처리(OCR) 노하우를 문서와 짧은 세션으로 공유해 팀 전체의 수준을 끌어올렸습니다.,변경 사항 문서화가 늦어 인수인계 때 다시 확인해야 하는 일이 있었습니다. 또한 멘토링 측면도 보완하면 더 좋겠습니다.
R001052,2026H1,X-0087,DP0060,DP0042,2026-06-20,금융사 자 차세대 데이터 플랫폼 구축 업무에서 함께 일하며 많은 도움을 받았습니다. 코드 리뷰에서 품질 기준을 일관되게 지켜 팀의 결과물 수준을 끌어올렸습니다. 맡은 적재 파이프라인 범위를 끝까지 책임지고 마무리해 팀이 일정 걱정 없이 다음 단계로 넘어갈 수 있었습니다. 회의 때마다 쟁점을 쉽게 정리해 이해관계자들의 합의를 빠르게 이끌었습니다. 데이터·개발·운영 담당 사이의 연결고리 역할을 맡아 협업 병목을 풀어 주었습니다.,요구사항을 구조화하기 전에 구현부터 시작하는 경우가 있어 사전 기획을 보완하면 좋겠습니다.
R001053,2026H1,X-0087,DP0017,DP0042,2026-06-20,금융사 자 차세대 데이터 플랫폼 구축을(를) 진행하는 동안 금융 고객 환경을 잘 이해하고 안정적으로 수행했습니다. 테스트 기준을 스스로 높게 잡아 운영 이관 후 장애가 거의 없었습니다. 처음 접한 Scala도 짧은 시간에 익혀 바로 실무에 적용했습니다. 검수 체크리스트를 촘촘하게 운영해 고객 검수에서 지적이 거의 나오지 않았습니다.,장애 대응 시 임시 조치에 머무는 경우가 있어 근본 원인 분석까지 이어지면 좋겠습니다.
R001054,2026H1,X-0087,DP0050,DP0042,2026-06-20,금융사 자 차세대 데이터 플랫폼 구축을(를) 진행하는 동안 금융 고객 환경을 잘 이해하고 안정적으로 수행했습니다. 작업량을 현실적으로 추정해 일정 계획의 정확도를 높였습니다. 코드 리뷰에서 품질 기준을 일관되게 지켜 팀의 결과물 수준을 끌어올렸습니다. 막힌 이슈를 작은 단위로 쪼개 가설을 검증하는 방식으로 해결 시간을 크게 단축했습니다. 산출물과 설정값을 꼼꼼하게 대조해 배포 전 결함을 여러 건 미리 잡아냈습니다. 그 밖에도 학습력 측면에서 좋은 모습을 보였습니다.,변경 사항 문서화가 늦어 인수인계 때 다시 확인해야 하는 일이 있었습니다.
R001055,2026H1,X-0087,DP0013,DP0042,2026-06-20,금융사 자 차세대 데이터 플랫폼 구축 업무에서 함께 일하며 많은 도움을 받았습니다. 산출물과 설정값을 꼼꼼하게 대조해 배포 전 결함을 여러 건 미리 잡아냈습니다. 맡은 적재 파이프라인 범위를 끝까지 책임지고 마무리해 팀이 일정 걱정 없이 다음 단계로 넘어갈 수 있었습니다. 데이터·개발·운영 담당 사이의 연결고리 역할을 맡아 협업 병목을 풀어 주었습니다. 적재 파이프라인 중 발생한 복합 장애의 근본 원인을 빠르게 찾아 재발 방지책까지 마련했습니다.,변경 사항 문서화가 늦어 인수인계 때 다시 확인해야 하는 일이 있었습니다. 또한 기획력 측면도 보완하면 더 좋겠습니다.
R001056,2026H1,X-0087,DP0084,DP0042,2026-06-20,금융사 자 차세대 데이터 플랫폼 구축 업무에서 함께 일하며 많은 도움을 받았습니다. 검수 체크리스트를 촘촘하게 운영해 고객 검수에서 지적이 거의 나오지 않았습니다. 작업량을 현실적으로 추정해 일정 계획의 정확도를 높였습니다. 테스트 기준을 스스로 높게 잡아 운영 이관 후 장애가 거의 없었습니다. 적재 파이프라인 중 발생한 복합 장애의 근본 원인을 빠르게 찾아 재발 방지책까지 마련했습니다. 그 밖에도 학습력 측면에서 좋은 모습을 보였습니다.,요구사항을 구조화하기 전에 구현부터 시작하는 경우가 있어 사전 기획을 보완하면 좋겠습니다.
R001057,2026H1,X-0094,DP0077,DP0043,2026-06-20,계열사 S 데이터 거버넌스 구축 업무에서 함께 일하며 많은 도움을 받았습니다. 변경 이력과 의사결정 배경을 꾸준히 기록해 고객 보고에 큰 도움이 되었습니다. 새 도메인 지식을 빠르게 흡수해 투입 초기부터 제 몫을 해냈습니다.,"긴급 상황에서 우선순위 판단이 늦어 대응이 지연된 적이 있었습니다. 또한 성실, 품질의식 측면도 보완하면 더 좋겠습니다."
R001058,2026H1,X-0094,DP0065,DP0043,2026-06-20,계열사 S 데이터 거버넌스 구축 업무에서 함께 일하며 많은 도움을 받았습니다. 처음 접한 데이터 모델링도 짧은 시간에 익혀 바로 실무에 적용했습니다. 데이터·개발·운영 담당 사이의 연결고리 역할을 맡아 협업 병목을 풀어 주었습니다. 처음 합류한 인원들과도 금방 어울려 팀 분위기를 부드럽게 만들어 주었습니다.,"테스트 범위를 좁게 잡아 회귀 결함이 뒤늦게 발견된 적이 있었습니다. 또한 성실, 위기대응 측면도 보완하면 더 좋겠습니다."
R001059,2026H1,X-0094,DP0049,DP0043,2026-06-20,계열사 S 데이터 거버넌스 구축을(를) 진행하는 동안 그룹사(대내) 고객 환경을 잘 이해하고 안정적으로 수행했습니다. 새 도메인 지식을 빠르게 흡수해 투입 초기부터 제 몫을 해냈습니다.,반복 점검 업무를 마감 직전까지 미루는 경우가 있어 꾸준함이 조금 아쉬웠습니다. 또한 친화력 측면도 보완하면 더 좋겠습니다.
R001060,2026H1,X-0020,DP0081,DP0043,2026-06-20,공공기관 무 공공데이터 개방 플랫폼 구축 수행 기간 동안 팀의 핵심 인력으로 활약했습니다. 기존 방식에 얽매이지 않는 대안을 제시해 데이터 정제의 처리 속도를 크게 개선했습니다.,"새 기술 도입에 시간이 다소 걸려 초기 일정에 부담이 있었습니다. 또한 성실, 품질의식, 위기대응 측면도 보완하면 더 좋겠습니다."
R001061,2026H1,X-0094,DP0025,DP0043,2026-06-20,계열사 S 데이터 거버넌스 구축 업무에서 함께 일하며 많은 도움을 받았습니다. 막힌 이슈를 작은 단위로 쪼개 가설을 검증하는 방식으로 해결 시간을 크게 단축했습니다.,"새로 합류한 인원과 거리감이 있어 초기 협업이 다소 더뎠습니다. 또한 협업, 성실 측면도 보완하면 더 좋겠습니다."
R001062,2026H1,X-0020,DP0070,DP0043,2026-06-20,공공기관 무 공공데이터 개방 플랫폼 구축을(를) 진행하는 동안 공공 고객 환경을 잘 이해하고 안정적으로 수행했습니다. 고객의 모호한 요구를 단계별 실행 계획으로 정리해 범위 변경을 줄였습니다.,"긴급 상황에서 우선순위 판단이 늦어 대응이 지연된 적이 있었습니다. 또한 친화력, 학습력 측면도 보완하면 더 좋겠습니다."
R001063,2026H1,X-0088,DP0065,DP0044,2026-06-20,계열사 T 데이터 거버넌스 구축 수행 기간 동안 팀의 핵심 인력으로 활약했습니다. 직접 겪은 시행착오를 정리해 공유해 다른 팀원들이 같은 실수를 피할 수 있었습니다. 다른 파트의 일정까지 살피며 먼저 도움을 제안해 팀 전체 속도를 끌어올렸습니다. 고객사와 개발팀 사이에서 요구사항을 명확히 전달해 재작업을 크게 줄였습니다. 일정이 크게 흔들린 시점에 대응 계획을 빠르게 세워 위기를 넘겼습니다.,반복 점검 업무를 마감 직전까지 미루는 경우가 있어 꾸준함이 조금 아쉬웠습니다.
R001064,2026H1,X-0088,DP0002,DP0044,2026-06-20,계열사 T 데이터 거버넌스 구축 업무에서 함께 일하며 많은 도움을 받았습니다. 고객의 급한 요청에도 차분하게 대응해 신뢰를 얻었고 추가 요구 협상도 잘 이끌었습니다. 개선 아이디어를 적극적으로 제안하고 직접 시범 적용까지 해 보였습니다. 직접 겪은 시행착오를 정리해 공유해 다른 팀원들이 같은 실수를 피할 수 있었습니다. 일정이 흔들릴 때 우선순위를 다시 세우고 팀을 안정적으로 이끌었습니다. 그 밖에도 협업 측면에서 좋은 모습을 보였습니다.,새로 합류한 인원과 거리감이 있어 초기 협업이 다소 더뎠습니다.
R001065,2026H1,X-0084,DP0017,DP0044,2026-06-20,계열사 X 데이터 레이크 고도화 수행 기간 동안 팀의 핵심 인력으로 활약했습니다. 다른 파트의 일정까지 살피며 먼저 도움을 제안해 팀 전체 속도를 끌어올렸습니다. 회의 때마다 쟁점을 쉽게 정리해 이해관계자들의 합의를 빠르게 이끌었습니다. 고객의 급한 요청에도 차분하게 대응해 신뢰를 얻었고 추가 요구 협상도 잘 이끌었습니다. 직접 겪은 시행착오를 정리해 공유해 다른 팀원들이 같은 실수를 피할 수 있었습니다.,"장애 대응 시 임시 조치에 머무는 경우가 있어 근본 원인 분석까지 이어지면 좋겠습니다. 또한 멘토링, 성실 측면도 보완하면 더 좋겠습니다."
R001066,2026H1,X-0084,DP0083,DP0044,2026-06-20,계열사 X 데이터 레이크 고도화을(를) 진행하는 동안 그룹사(대내) 고객 환경을 잘 이해하고 안정적으로 수행했습니다. 일정이 크게 흔들린 시점에 대응 계획을 빠르게 세워 위기를 넘겼습니다. 고객사와 개발팀 사이에서 요구사항을 명확히 전달해 재작업을 크게 줄였습니다. 막힌 이슈를 작은 단위로 쪼개 가설을 검증하는 방식으로 해결 시간을 크게 단축했습니다. 고객의 급한 요청에도 차분하게 대응해 신뢰를 얻었고 추가 요구 협상도 잘 이끌었습니다.,기존 방식에 익숙해 새로운 대안을 검토하는 데는 소극적이었습니다.
R001067,2026H1,X-0088,DP0028,DP0044,2026-06-20,계열사 T 데이터 거버넌스 구축 업무에서 함께 일하며 많은 도움을 받았습니다. 직접 겪은 시행착오를 정리해 공유해 다른 팀원들이 같은 실수를 피할 수 있었습니다. 일정이 크게 흔들린 시점에 대응 계획을 빠르게 세워 위기를 넘겼습니다.,새로 합류한 인원과 거리감이 있어 초기 협업이 다소 더뎠습니다. 또한 성실 측면도 보완하면 더 좋겠습니다.
R001068,2026H1,X-0088,DP0002,DP0045,2026-06-20,계열사 T 데이터 거버넌스 구축 업무에서 함께 일하며 많은 도움을 받았습니다. 변경 이력과 의사결정 배경을 꾸준히 기록해 고객 보고에 큰 도움이 되었습니다. 데이터 표준화 중 발생한 복합 장애의 근본 원인을 빠르게 찾아 재발 방지책까지 마련했습니다.,메타데이터 관리 심화 영역에서는 판단 근거가 부족한 경우가 있어 추가 학습이 필요해 보입니다.
R001069,2026H1,X-0088,DP0014,DP0045,2026-06-20,계열사 T 데이터 거버넌스 구축을(를) 진행하는 동안 그룹사(대내) 고객 환경을 잘 이해하고 안정적으로 수행했습니다. 마일스톤별 위험 요소를 미리 관리해 데이터 표준화 일정을 한 번도 놓치지 않았습니다.,"세부 설정값 검토가 빠져 배포 후 수정이 생긴 적이 있었습니다. 또한 창의성, 기술공유, 문서화 측면도 보완하면 더 좋겠습니다."
R001070,2026H1,X-0088,DP0088,DP0045,2026-06-20,계열사 T 데이터 거버넌스 구축 수행 기간 동안 팀의 핵심 인력으로 활약했습니다. 설계 의도와 운영 절차를 잘 정리해 두어 인수인계가 매끄러웠습니다.,"기존 방식에 익숙해 새로운 대안을 검토하는 데는 소극적이었습니다. 또한 성실, 꼼꼼함, 품질의식 측면도 보완하면 더 좋겠습니다."
R001071,2026H1,X-0017,DP0057,DP0046,2026-06-20,계열사 Q 데이터 레이크 고도화 업무에서 함께 일하며 많은 도움을 받았습니다. 작업량을 현실적으로 추정해 일정 계획의 정확도를 높였습니다. 데이터·개발·운영 담당 사이의 연결고리 역할을 맡아 협업 병목을 풀어 주었습니다. 운영 중 긴급 장애가 났을 때 침착하게 상황을 정리하고 복구를 주도했습니다.,요구사항을 구조화하기 전에 구현부터 시작하는 경우가 있어 사전 기획을 보완하면 좋겠습니다. 또한 친화력 측면도 보완하면 더 좋겠습니다.
R001072,2026H1,X-0006,DP0069,DP0046,2026-06-20,금융사 바2 차세대 데이터 플랫폼 구축 수행 기간 동안 팀의 핵심 인력으로 활약했습니다. 막힌 이슈를 작은 단위로 쪼개 가설을 검증하는 방식으로 해결 시간을 크게 단축했습니다. 데이터·개발·운영 담당 사이의 연결고리 역할을 맡아 협업 병목을 풀어 주었습니다.,새로 합류한 인원과 거리감이 있어 초기 협업이 다소 더뎠습니다. 또한 품질의식 측면도 보완하면 더 좋겠습니다.
R001073,2026H1,X-0006,DP0037,DP0046,2026-06-20,금융사 바2 차세대 데이터 플랫폼 구축 업무에서 함께 일하며 많은 도움을 받았습니다. 운영 중 긴급 장애가 났을 때 침착하게 상황을 정리하고 복구를 주도했습니다. AWS 분야의 깊은 전문성으로 설계 단계에서 기술적 리스크를 먼저 짚어 냈습니다. 작업량을 현실적으로 추정해 일정 계획의 정확도를 높였습니다. 설계 의도와 운영 절차를 잘 정리해 두어 인수인계가 매끄러웠습니다.,새로 합류한 인원과 거리감이 있어 초기 협업이 다소 더뎠습니다.
R001074,2026H1,X-0094,DP0052,DP0047,2026-06-20,계열사 S 데이터 거버넌스 구축 수행 기간 동안 팀의 핵심 인력으로 활약했습니다. 다른 파트의 일정까지 살피며 먼저 도움을 제안해 팀 전체 속도를 끌어올렸습니다.,"주니어에게 피드백을 줄 때 이유 설명이 짧아 학습 효과가 제한적이었습니다. 또한 기획력, 친화력 측면도 보완하면 더 좋겠습니다."
R001075,2026H1,X-0094,DP0077,DP0047,2026-06-20,계열사 S 데이터 거버넌스 구축 수행 기간 동안 팀의 핵심 인력으로 활약했습니다. 고객의 급한 요청에도 차분하게 대응해 신뢰를 얻었고 추가 요구 협상도 잘 이끌었습니다. 고객사 담당자와도 편하게 소통하는 친화력 덕분에 협의가 한결 수월했습니다.,"요구사항을 구조화하기 전에 구현부터 시작하는 경우가 있어 사전 기획을 보완하면 좋겠습니다. 또한 멘토링, 기술공유 측면도 보완하면 더 좋겠습니다."
R001076,2026H1,X-0094,DP0025,DP0047,2026-06-20,계열사 S 데이터 거버넌스 구축 업무에서 함께 일하며 많은 도움을 받았습니다. 작업량을 현실적으로 추정해 일정 계획의 정확도를 높였습니다. 테스트 기준을 스스로 높게 잡아 운영 이관 후 장애가 거의 없었습니다. 변경 이력과 의사결정 배경을 꾸준히 기록해 고객 보고에 큰 도움이 되었습니다. 처음 접한 ETL도 짧은 시간에 익혀 바로 실무에 적용했습니다.,고객의 갑작스러운 요청에 방어적으로 대응해 협의가 길어진 적이 있었습니다. 또한 멘토링 측면도 보완하면 더 좋겠습니다.
R001077,2026H1,X-0094,DP0072,DP0047,2026-06-20,계열사 S 데이터 거버넌스 구축을(를) 진행하는 동안 그룹사(대내) 고객 환경을 잘 이해하고 안정적으로 수행했습니다. 고객의 모호한 요구를 단계별 실행 계획으로 정리해 범위 변경을 줄였습니다. 설계 의도와 운영 절차를 잘 정리해 두어 인수인계가 매끄러웠습니다.,"새로 합류한 인원과 거리감이 있어 초기 협업이 다소 더뎠습니다. 또한 멘토링, 창의성 측면도 보완하면 더 좋겠습니다."
R001078,2026H1,X-0094,DP0024,DP0047,2026-06-20,계열사 S 데이터 거버넌스 구축 업무에서 함께 일하며 많은 도움을 받았습니다. 막힌 이슈를 작은 단위로 쪼개 가설을 검증하는 방식으로 해결 시간을 크게 단축했습니다. 작업량을 현실적으로 추정해 일정 계획의 정확도를 높였습니다.,새로 합류한 인원과 거리감이 있어 초기 협업이 다소 더뎠습니다.
R001079,2026H1,X-0001,DP0082,DP0048,2026-06-20,금융사 가2 비정형 문서 메타데이터 전환 수행 기간 동안 팀의 핵심 인력으로 활약했습니다. 일정이 크게 흔들린 시점에 대응 계획을 빠르게 세워 위기를 넘겼습니다. 작업량을 현실적으로 추정해 일정 계획의 정확도를 높였습니다. 산출물과 설정값을 꼼꼼하게 대조해 배포 전 결함을 여러 건 미리 잡아냈습니다.,"알고 있는 노하우를 팀에 공유하는 빈도가 낮아 지식이 한 사람에게 몰렸습니다. 또한 친화력, 멘토링 측면도 보완하면 더 좋겠습니다."
R001080,2026H1,X-0001,DP0036,DP0048,2026-06-20,금융사 가2 비정형 문서 메타데이터 전환 업무에서 함께 일하며 많은 도움을 받았습니다. 변경 이력과 의사결정 배경을 꾸준히 기록해 고객 보고에 큰 도움이 되었습니다.,작업량 추정이 낙관적이어서 일정이 밀린 적이 몇 번 있었습니다. 또한 멘토링 측면도 보완하면 더 좋겠습니다.
R001081,2026H1,X-0004,DP0037,DP0048,2026-06-20,계열사 N 데이터 거버넌스 구축 업무에서 함께 일하며 많은 도움을 받았습니다. 새로운 요구가 생기면 먼저 손을 들고 나서서 초기 검토를 맡아 주었습니다. 막힌 이슈를 작은 단위로 쪼개 가설을 검증하는 방식으로 해결 시간을 크게 단축했습니다. 설계 의도와 운영 절차를 잘 정리해 두어 인수인계가 매끄러웠습니다.,테스트 범위를 좁게 잡아 회귀 결함이 뒤늦게 발견된 적이 있었습니다.
R001082,2026H1,X-0004,DP0058,DP0048,2026-06-20,계열사 N 데이터 거버넌스 구축 업무에서 함께 일하며 많은 도움을 받았습니다. Docker 노하우를 문서와 짧은 세션으로 공유해 팀 전체의 수준을 끌어올렸습니다. 개선 아이디어를 적극적으로 제안하고 직접 시범 적용까지 해 보였습니다. 고객사 담당자와도 편하게 소통하는 친화력 덕분에 협의가 한결 수월했습니다.,작업량 추정이 낙관적이어서 일정이 밀린 적이 몇 번 있었습니다. 또한 품질의식 측면도 보완하면 더 좋겠습니다.
R001083,2026H1,X-0006,DP0066,DP0049,2026-06-20,금융사 바2 차세대 데이터 플랫폼 구축을(를) 진행하는 동안 금융 고객 환경을 잘 이해하고 안정적으로 수행했습니다. 다른 파트의 일정까지 살피며 먼저 도움을 제안해 팀 전체 속도를 끌어올렸습니다.,"요구사항을 구조화하기 전에 구현부터 시작하는 경우가 있어 사전 기획을 보완하면 좋겠습니다. 또한 문서화, 기술공유 측면도 보완하면 더 좋겠습니다."
R001084,2026H1,X-0094,DP0068,DP0049,2026-06-20,계열사 S 데이터 거버넌스 구축 업무에서 함께 일하며 많은 도움을 받았습니다. 처음 합류한 인원들과도 금방 어울려 팀 분위기를 부드럽게 만들어 주었습니다. 데이터·개발·운영 담당 사이의 연결고리 역할을 맡아 협업 병목을 풀어 주었습니다. 코드 리뷰에서 품질 기준을 일관되게 지켜 팀의 결과물 수준을 끌어올렸습니다. 배치 운영의 핵심 기능을 직접 설계하며 요구사항을 구조화하는 기획력이 돋보였습니다.,새로운 과제에는 먼저 나서기보다 지켜보는 편이라 조금 더 적극적이면 좋겠습니다. 또한 기술공유 측면도 보완하면 더 좋겠습니다.
R001085,2026H1,X-0094,DP0016,DP0049,2026-06-20,계열사 S 데이터 거버넌스 구축을(를) 진행하는 동안 그룹사(대내) 고객 환경을 잘 이해하고 안정적으로 수행했습니다. 맡은 배치 운영 범위를 끝까지 책임지고 마무리해 팀이 일정 걱정 없이 다음 단계로 넘어갈 수 있었습니다. 회의 때마다 쟁점을 쉽게 정리해 이해관계자들의 합의를 빠르게 이끌었습니다. 검수 체크리스트를 촘촘하게 운영해 고객 검수에서 지적이 거의 나오지 않았습니다.,반복 점검 업무를 마감 직전까지 미루는 경우가 있어 꾸준함이 조금 아쉬웠습니다. 또한 문서화 측면도 보완하면 더 좋겠습니다.
R001086,2026H1,X-0006,DP0028,DP0049,2026-06-20,금융사 바2 차세대 데이터 플랫폼 구축 업무에서 함께 일하며 많은 도움을 받았습니다. 테스트 기준을 스스로 높게 잡아 운영 이관 후 장애가 거의 없었습니다. 작업량을 현실적으로 추정해 일정 계획의 정확도를 높였습니다.,장애 대응 시 임시 조치에 머무는 경우가 있어 근본 원인 분석까지 이어지면 좋겠습니다. 또한 성실 측면도 보완하면 더 좋겠습니다.
R001087,2026H1,X-0006,DP0056,DP0049,2026-06-20,금융사 바2 차세대 데이터 플랫폼 구축 업무에서 함께 일하며 많은 도움을 받았습니다. 메타데이터 설계의 핵심 기능을 직접 설계하며 요구사항을 구조화하는 기획력이 돋보였습니다. BI Reporting 분야의 깊은 전문성으로 설계 단계에서 기술적 리스크를 먼저 짚어 냈습니다. 고객사 담당자와도 편하게 소통하는 친화력 덕분에 협의가 한결 수월했습니다.,반복 점검 업무를 마감 직전까지 미루는 경우가 있어 꾸준함이 조금 아쉬웠습니다. 또한 창의성 측면도 보완하면 더 좋겠습니다.
R001088,2026H1,X-0006,DP0062,DP0049,2026-06-20,금융사 바2 차세대 데이터 플랫폼 구축 수행 기간 동안 팀의 핵심 인력으로 활약했습니다. 검수 체크리스트를 촘촘하게 운영해 고객 검수에서 지적이 거의 나오지 않았습니다. 코드 리뷰에서 품질 기준을 일관되게 지켜 팀의 결과물 수준을 끌어올렸습니다. 고객의 모호한 요구를 단계별 실행 계획으로 정리해 범위 변경을 줄였습니다.,데이터 모델링 심화 영역에서는 판단 근거가 부족한 경우가 있어 추가 학습이 필요해 보입니다. 또한 문서화 측면도 보완하면 더 좋겠습니다.
R001089,2026H1,X-0001,DP0053,DP0050,2026-06-20,금융사 가2 비정형 문서 메타데이터 전환을(를) 진행하는 동안 금융 고객 환경을 잘 이해하고 안정적으로 수행했습니다. 제약이 많은 상황에서도 새로운 접근을 찾아내 고객의 호평을 받았습니다. 개선 아이디어를 적극적으로 제안하고 직접 시범 적용까지 해 보였습니다. 직접 겪은 시행착오를 정리해 공유해 다른 팀원들이 같은 실수를 피할 수 있었습니다. 새 도메인 지식을 빠르게 흡수해 투입 초기부터 제 몫을 해냈습니다.,진행 상황 공유가 늦어 다른 담당자가 뒤늦게 파악하는 일이 있었습니다.
R001090,2026H1,X-0001,DP0090,DP0050,2026-06-20,금융사 가2 비정형 문서 메타데이터 전환을(를) 진행하는 동안 금융 고객 환경을 잘 이해하고 안정적으로 수행했습니다. 일정이 크게 흔들린 시점에 대응 계획을 빠르게 세워 위기를 넘겼습니다. 기존 방식에 얽매이지 않는 대안을 제시해 메타데이터 설계의 처리 속도를 크게 개선했습니다. 문제가 생겼을 때 남에게 미루지 않고 본인 일처럼 책임지고 원인을 정리해 주었습니다. Python 노하우를 문서와 짧은 세션으로 공유해 팀 전체의 수준을 끌어올렸습니다. 그 밖에도 적극성 측면에서 좋은 모습을 보였습니다.,"본인 범위에 집중하다 보니 다른 파트와의 연계가 늦어지는 경우가 있었습니다. 또한 소통, 학습력 측면도 보완하면 더 좋겠습니다."
R001091,2026H1,X-0001,DP0094,DP0050,2026-06-20,금융사 가2 비정형 문서 메타데이터 전환을(를) 진행하는 동안 금융 고객 환경을 잘 이해하고 안정적으로 수행했습니다. 주니어의 코드 리뷰에 이유까지 설명해 주어 팀의 성장에 기여했습니다. 맡은 메타데이터 설계 범위를 끝까지 책임지고 마무리해 팀이 일정 걱정 없이 다음 단계로 넘어갈 수 있었습니다. 기존 방식에 얽매이지 않는 대안을 제시해 메타데이터 설계의 처리 속도를 크게 개선했습니다.,진행 상황 공유가 늦어 다른 담당자가 뒤늦게 파악하는 일이 있었습니다.
R001092,2026H1,X-0001,DP0036,DP0050,2026-06-20,금융사 가2 비정형 문서 메타데이터 전환 수행 기간 동안 팀의 핵심 인력으로 활약했습니다. 문제가 생겼을 때 남에게 미루지 않고 본인 일처럼 책임지고 원인을 정리해 주었습니다. 새로운 요구가 생기면 먼저 손을 들고 나서서 초기 검토를 맡아 주었습니다.,테스트 범위를 좁게 잡아 회귀 결함이 뒤늦게 발견된 적이 있었습니다. 또한 학습력 측면도 보완하면 더 좋겠습니다.
R001093,2026H1,X-0020,DP0081,DP0051,2026-06-20,공공기관 무 공공데이터 개방 플랫폼 구축 수행 기간 동안 팀의 핵심 인력으로 활약했습니다. 직접 겪은 시행착오를 정리해 공유해 다른 팀원들이 같은 실수를 피할 수 있었습니다. 일정이 크게 흔들린 시점에 대응 계획을 빠르게 세워 위기를 넘겼습니다. 고객사 현업 담당자의 불만을 경청하고 대안을 제시해 관계를 개선했습니다. 작업량을 현실적으로 추정해 일정 계획의 정확도를 높였습니다.,"다만 경계가 애매한 업무는 먼저 맡으려 하지 않는 경우가 있어 주인 의식을 조금 더 보여 주면 좋겠습니다. 또한 전문성, 적극성 측면도 보완하면 더 좋겠습니다."
R001094,2026H1,X-0088,DP0076,DP0051,2026-06-20,계열사 T 데이터 거버넌스 구축 수행 기간 동안 팀의 핵심 인력으로 활약했습니다. 테스트 기준을 스스로 높게 잡아 운영 이관 후 장애가 거의 없었습니다. 일정이 크게 흔들린 시점에 대응 계획을 빠르게 세워 위기를 넘겼습니다. 고객의 급한 요청에도 차분하게 대응해 신뢰를 얻었고 추가 요구 협상도 잘 이끌었습니다. 고객의 모호한 요구를 단계별 실행 계획으로 정리해 범위 변경을 줄였습니다. 그 밖에도 적극성 측면에서 좋은 모습을 보였습니다.,다만 경계가 애매한 업무는 먼저 맡으려 하지 않는 경우가 있어 주인 의식을 조금 더 보여 주면 좋겠습니다.
R001095,2026H1,X-0088,DP0044,DP0051,2026-06-20,계열사 T 데이터 거버넌스 구축 업무에서 함께 일하며 많은 도움을 받았습니다. 코드 리뷰에서 품질 기준을 일관되게 지켜 팀의 결과물 수준을 끌어올렸습니다. 개선 아이디어를 적극적으로 제안하고 직접 시범 적용까지 해 보였습니다. 마일스톤별 위험 요소를 미리 관리해 데이터 표준화 일정을 한 번도 놓치지 않았습니다. 일정이 크게 흔들린 시점에 대응 계획을 빠르게 세워 위기를 넘겼습니다.,Airflow 심화 영역에서는 판단 근거가 부족한 경우가 있어 추가 학습이 필요해 보입니다.
R001096,2026H1,X-0088,DP0028,DP0051,2026-06-20,계열사 T 데이터 거버넌스 구축을(를) 진행하는 동안 그룹사(대내) 고객 환경을 잘 이해하고 안정적으로 수행했습니다. 테스트 기준을 스스로 높게 잡아 운영 이관 후 장애가 거의 없었습니다. 새로운 요구가 생기면 먼저 손을 들고 나서서 초기 검토를 맡아 주었습니다. 직접 겪은 시행착오를 정리해 공유해 다른 팀원들이 같은 실수를 피할 수 있었습니다.,기존 방식에 익숙해 새로운 대안을 검토하는 데는 소극적이었습니다. 또한 문제해결 측면도 보완하면 더 좋겠습니다.
R001097,2026H1,X-0055,DP0066,DP0052,2026-06-20,계열사 O 데이터 레이크 고도화을(를) 진행하는 동안 그룹사(대내) 고객 환경을 잘 이해하고 안정적으로 수행했습니다. 눈에 잘 띄지 않는 데이터 표준화 작업도 성실하게 처리해 품질 기반을 다져 주었습니다.,테스트 범위를 좁게 잡아 회귀 결함이 뒤늦게 발견된 적이 있었습니다.
R001098,2026H1,X-0094,DP0049,DP0052,2026-06-20,계열사 S 데이터 거버넌스 구축 수행 기간 동안 팀의 핵심 인력으로 활약했습니다. 신규 인원에게 업무 맥락을 차근차근 설명해 적응 기간을 크게 줄여 주었습니다.,고객의 갑작스러운 요청에 방어적으로 대응해 협의가 길어진 적이 있었습니다. 또한 기획력 측면도 보완하면 더 좋겠습니다.
R001099,2026H1,X-0055,DP0041,DP0052,2026-06-20,계열사 O 데이터 레이크 고도화을(를) 진행하는 동안 그룹사(대내) 고객 환경을 잘 이해하고 안정적으로 수행했습니다. 고객의 급한 요청에도 차분하게 대응해 신뢰를 얻었고 추가 요구 협상도 잘 이끌었습니다. 고객의 모호한 요구를 단계별 실행 계획으로 정리해 범위 변경을 줄였습니다.,테스트 범위를 좁게 잡아 회귀 결함이 뒤늦게 발견된 적이 있었습니다. 또한 책임감 측면도 보완하면 더 좋겠습니다.
R001100,2026H1,X-0094,DP0011,DP0052,2026-06-20,계열사 S 데이터 거버넌스 구축 업무에서 함께 일하며 많은 도움을 받았습니다. 처음 합류한 인원들과도 금방 어울려 팀 분위기를 부드럽게 만들어 주었습니다.,알고 있는 노하우를 팀에 공유하는 빈도가 낮아 지식이 한 사람에게 몰렸습니다.
R001101,2026H1,X-0094,DP0043,DP0052,2026-06-20,계열사 S 데이터 거버넌스 구축을(를) 진행하는 동안 그룹사(대내) 고객 환경을 잘 이해하고 안정적으로 수행했습니다. 고객사 현업 담당자의 불만을 경청하고 대안을 제시해 관계를 개선했습니다. 신규 인원에게 업무 맥락을 차근차근 설명해 적응 기간을 크게 줄여 주었습니다.,요구사항을 구조화하기 전에 구현부터 시작하는 경우가 있어 사전 기획을 보완하면 좋겠습니다.
R001102,2026H1,X-0055,DP0069,DP0052,2026-06-20,계열사 O 데이터 레이크 고도화을(를) 진행하는 동안 그룹사(대내) 고객 환경을 잘 이해하고 안정적으로 수행했습니다. 고객사 담당자와도 편하게 소통하는 친화력 덕분에 협의가 한결 수월했습니다. 매일 진행 상황을 꾸준히 공유하고 반복 점검 업무도 빠짐없이 챙겨 신뢰가 갔습니다.,Private Cloud 심화 영역에서는 판단 근거가 부족한 경우가 있어 추가 학습이 필요해 보입니다. 또한 품질의식 측면도 보완하면 더 좋겠습니다.
R001103,2026H1,X-0001,DP0090,DP0053,2026-06-20,금융사 가2 비정형 문서 메타데이터 전환을(를) 진행하는 동안 금융 고객 환경을 잘 이해하고 안정적으로 수행했습니다. 메타데이터 설계의 핵심 기능을 직접 설계하며 요구사항을 구조화하는 기획력이 돋보였습니다. 신규 인원에게 업무 맥락을 차근차근 설명해 적응 기간을 크게 줄여 주었습니다.,"테스트 범위를 좁게 잡아 회귀 결함이 뒤늦게 발견된 적이 있었습니다. 또한 협업, 책임감 측면도 보완하면 더 좋겠습니다."
R001104,2026H1,X-0001,DP0001,DP0053,2026-06-20,금융사 가2 비정형 문서 메타데이터 전환 업무에서 함께 일하며 많은 도움을 받았습니다. 일정이 크게 흔들린 시점에 대응 계획을 빠르게 세워 위기를 넘겼습니다. 신규 인원에게 업무 맥락을 차근차근 설명해 적응 기간을 크게 줄여 주었습니다. 비정형 문서 처리(OCR) 분야의 깊은 전문성으로 설계 단계에서 기술적 리스크를 먼저 짚어 냈습니다.,"새로 합류한 인원과 거리감이 있어 초기 협업이 다소 더뎠습니다. 또한 책임감, 고객대응 측면도 보완하면 더 좋겠습니다."
R001105,2026H1,X-0001,DP0091,DP0053,2026-06-20,금융사 가2 비정형 문서 메타데이터 전환 수행 기간 동안 팀의 핵심 인력으로 활약했습니다. 고객의 모호한 요구를 단계별 실행 계획으로 정리해 범위 변경을 줄였습니다. 주니어의 코드 리뷰에 이유까지 설명해 주어 팀의 성장에 기여했습니다.,"테스트 범위를 좁게 잡아 회귀 결함이 뒤늦게 발견된 적이 있었습니다. 또한 전문성, 책임감 측면도 보완하면 더 좋겠습니다."
R001106,2026H1,X-0001,DP0057,DP0053,2026-06-20,금융사 가2 비정형 문서 메타데이터 전환을(를) 진행하는 동안 금융 고객 환경을 잘 이해하고 안정적으로 수행했습니다. 일정이 크게 흔들린 시점에 대응 계획을 빠르게 세워 위기를 넘겼습니다.,다만 경계가 애매한 업무는 먼저 맡으려 하지 않는 경우가 있어 주인 의식을 조금 더 보여 주면 좋겠습니다. 또한 친화력 측면도 보완하면 더 좋겠습니다.
R001107,2026H1,X-0088,DP0045,DP0053,2026-06-20,계열사 T 데이터 거버넌스 구축을(를) 진행하는 동안 그룹사(대내) 고객 환경을 잘 이해하고 안정적으로 수행했습니다. 신규 인원에게 업무 맥락을 차근차근 설명해 적응 기간을 크게 줄여 주었습니다. 회의 때마다 쟁점을 쉽게 정리해 이해관계자들의 합의를 빠르게 이끌었습니다. 새로운 요구가 생기면 먼저 손을 들고 나서서 초기 검토를 맡아 주었습니다.,"다만 경계가 애매한 업무는 먼저 맡으려 하지 않는 경우가 있어 주인 의식을 조금 더 보여 주면 좋겠습니다. 또한 품질의식, 꼼꼼함 측면도 보완하면 더 좋겠습니다."
R001108,2026H1,X-0088,DP0041,DP0053,2026-06-20,계열사 T 데이터 거버넌스 구축을(를) 진행하는 동안 그룹사(대내) 고객 환경을 잘 이해하고 안정적으로 수행했습니다. 신규 인원에게 업무 맥락을 차근차근 설명해 적응 기간을 크게 줄여 주었습니다. 일정이 크게 흔들린 시점에 대응 계획을 빠르게 세워 위기를 넘겼습니다.,세부 설정값 검토가 빠져 배포 후 수정이 생긴 적이 있었습니다. 또한 친화력 측면도 보완하면 더 좋겠습니다.
R001109,2026H1,X-0082,DP0021,DP0054,2026-06-20,금융사 타 데이터 마트 구축 수행 기간 동안 팀의 핵심 인력으로 활약했습니다. 맡은 적재 파이프라인 범위를 끝까지 책임지고 마무리해 팀이 일정 걱정 없이 다음 단계로 넘어갈 수 있었습니다. 직접 겪은 시행착오를 정리해 공유해 다른 팀원들이 같은 실수를 피할 수 있었습니다. 고객의 급한 요청에도 차분하게 대응해 신뢰를 얻었고 추가 요구 협상도 잘 이끌었습니다.,기존 방식에 익숙해 새로운 대안을 검토하는 데는 소극적이었습니다. 또한 친화력 측면도 보완하면 더 좋겠습니다.
R001110,2026H1,X-0082,DP0005,DP0054,2026-06-20,금융사 타 데이터 마트 구축 수행 기간 동안 팀의 핵심 인력으로 활약했습니다. 메타데이터 관리 관련 이슈가 생길 때마다 정확한 판단으로 해결 방향을 제시해 팀의 기준점이 되었습니다. 일정이 흔들릴 때 우선순위를 다시 세우고 팀을 안정적으로 이끌었습니다. 막힌 이슈를 작은 단위로 쪼개 가설을 검증하는 방식으로 해결 시간을 크게 단축했습니다.,긴급 상황에서 우선순위 판단이 늦어 대응이 지연된 적이 있었습니다. 또한 적극성 측면도 보완하면 더 좋겠습니다.
R001111,2026H1,X-0082,DP0031,DP0054,2026-06-20,금융사 타 데이터 마트 구축 수행 기간 동안 팀의 핵심 인력으로 활약했습니다. 제약이 많은 상황에서도 새로운 접근을 찾아내 고객의 호평을 받았습니다. 매일 진행 상황을 꾸준히 공유하고 반복 점검 업무도 빠짐없이 챙겨 신뢰가 갔습니다.,주니어에게 피드백을 줄 때 이유 설명이 짧아 학습 효과가 제한적이었습니다. 또한 위기대응 측면도 보완하면 더 좋겠습니다.
R001112,2026H1,X-0082,DP0100,DP0054,2026-06-20,금융사 타 데이터 마트 구축을(를) 진행하는 동안 금융 고객 환경을 잘 이해하고 안정적으로 수행했습니다. 적재 파이프라인 중 발생한 복합 장애의 근본 원인을 빠르게 찾아 재발 방지책까지 마련했습니다. 메타데이터 관리 분야의 깊은 전문성으로 설계 단계에서 기술적 리스크를 먼저 짚어 냈습니다. 문제가 생겼을 때 남에게 미루지 않고 본인 일처럼 책임지고 원인을 정리해 주었습니다.,새로운 과제에는 먼저 나서기보다 지켜보는 편이라 조금 더 적극적이면 좋겠습니다.
R001113,2026H1,X-0030,DP0023,DP0055,2026-06-20,계열사 I 데이터 레이크 고도화 업무에서 함께 일하며 많은 도움을 받았습니다. 회의 때마다 쟁점을 쉽게 정리해 이해관계자들의 합의를 빠르게 이끌었습니다.,"새 기술 도입에 시간이 다소 걸려 초기 일정에 부담이 있었습니다. 또한 멘토링, 협업, 꼼꼼함 측면도 보완하면 더 좋겠습니다."
R001114,2026H1,X-0030,DP0075,DP0055,2026-06-20,계열사 I 데이터 레이크 고도화을(를) 진행하는 동안 그룹사(대내) 고객 환경을 잘 이해하고 안정적으로 수행했습니다. ETL 관련 이슈가 생길 때마다 정확한 판단으로 해결 방향을 제시해 팀의 기준점이 되었습니다. 고객사와 개발팀 사이에서 요구사항을 명확히 전달해 재작업을 크게 줄였습니다.,"알고 있는 노하우를 팀에 공유하는 빈도가 낮아 지식이 한 사람에게 몰렸습니다. 또한 일정관리, 멘토링 측면도 보완하면 더 좋겠습니다."
R001115,2026H1,X-0030,DP0015,DP0055,2026-06-20,계열사 I 데이터 레이크 고도화을(를) 진행하는 동안 그룹사(대내) 고객 환경을 잘 이해하고 안정적으로 수행했습니다. 마일스톤별 위험 요소를 미리 관리해 배치 운영 일정을 한 번도 놓치지 않았습니다.,주니어에게 피드백을 줄 때 이유 설명이 짧아 학습 효과가 제한적이었습니다. 또한 친화력 측면도 보완하면 더 좋겠습니다.
R001116,2026H1,X-0030,DP0036,DP0055,2026-06-20,계열사 I 데이터 레이크 고도화 수행 기간 동안 팀의 핵심 인력으로 활약했습니다. 검수 체크리스트를 촘촘하게 운영해 고객 검수에서 지적이 거의 나오지 않았습니다.,"주니어에게 피드백을 줄 때 이유 설명이 짧아 학습 효과가 제한적이었습니다. 또한 친화력, 책임감 측면도 보완하면 더 좋겠습니다."
R001117,2026H1,X-0055,DP0041,DP0055,2026-06-20,계열사 O 데이터 레이크 고도화을(를) 진행하는 동안 그룹사(대내) 고객 환경을 잘 이해하고 안정적으로 수행했습니다. 검수 체크리스트를 촘촘하게 운영해 고객 검수에서 지적이 거의 나오지 않았습니다.,알고 있는 노하우를 팀에 공유하는 빈도가 낮아 지식이 한 사람에게 몰렸습니다. 또한 협업 측면도 보완하면 더 좋겠습니다.
R001118,2026H1,X-0006,DP0069,DP0056,2026-06-20,금융사 바2 차세대 데이터 플랫폼 구축 수행 기간 동안 팀의 핵심 인력으로 활약했습니다. 처음 접한 AWS도 짧은 시간에 익혀 바로 실무에 적용했습니다. 일정이 크게 흔들린 시점에 대응 계획을 빠르게 세워 위기를 넘겼습니다.,반복 점검 업무를 마감 직전까지 미루는 경우가 있어 꾸준함이 조금 아쉬웠습니다. 또한 멘토링 측면도 보완하면 더 좋겠습니다.
R001119,2026H1,X-0019,DP0025,DP0056,2026-06-20,금융사 카 데이터 마트 구축 수행 기간 동안 팀의 핵심 인력으로 활약했습니다. 고객사 현업 담당자의 불만을 경청하고 대안을 제시해 관계를 개선했습니다. 직접 겪은 시행착오를 정리해 공유해 다른 팀원들이 같은 실수를 피할 수 있었습니다. 개선 아이디어를 적극적으로 제안하고 직접 시범 적용까지 해 보였습니다.,"Spark 심화 영역에서는 판단 근거가 부족한 경우가 있어 추가 학습이 필요해 보입니다. 또한 성실, 품질의식 측면도 보완하면 더 좋겠습니다."
R001120,2026H1,X-0006,DP0066,DP0056,2026-06-20,금융사 바2 차세대 데이터 플랫폼 구축 수행 기간 동안 팀의 핵심 인력으로 활약했습니다. 메타데이터 설계의 핵심 기능을 직접 설계하며 요구사항을 구조화하는 기획력이 돋보였습니다. 다른 파트의 일정까지 살피며 먼저 도움을 제안해 팀 전체 속도를 끌어올렸습니다.,Kafka 심화 영역에서는 판단 근거가 부족한 경우가 있어 추가 학습이 필요해 보입니다. 또한 학습력 측면도 보완하면 더 좋겠습니다.
R001121,2026H1,X-0006,DP0012,DP0056,2026-06-20,금융사 바2 차세대 데이터 플랫폼 구축을(를) 진행하는 동안 금융 고객 환경을 잘 이해하고 안정적으로 수행했습니다. 변경 이력과 의사결정 배경을 꾸준히 기록해 고객 보고에 큰 도움이 되었습니다. 처음 접한 Kafka도 짧은 시간에 익혀 바로 실무에 적용했습니다. 메타데이터 설계의 핵심 기능을 직접 설계하며 요구사항을 구조화하는 기획력이 돋보였습니다.,Kafka 심화 영역에서는 판단 근거가 부족한 경우가 있어 추가 학습이 필요해 보입니다. 또한 품질의식 측면도 보완하면 더 좋겠습니다.
R001122,2026H1,X-0001,DP0082,DP0057,2026-06-20,금융사 가2 비정형 문서 메타데이터 전환 수행 기간 동안 팀의 핵심 인력으로 활약했습니다. 코드 리뷰에서 품질 기준을 일관되게 지켜 팀의 결과물 수준을 끌어올렸습니다. 문제가 생겼을 때 남에게 미루지 않고 본인 일처럼 책임지고 원인을 정리해 주었습니다.,긴급 상황에서 우선순위 판단이 늦어 대응이 지연된 적이 있었습니다. 또한 기획력 측면도 보완하면 더 좋겠습니다.
R001123,2026H1,X-0001,DP0094,DP0057,2026-06-20,금융사 가2 비정형 문서 메타데이터 전환 업무에서 함께 일하며 많은 도움을 받았습니다. 직접 겪은 시행착오를 정리해 공유해 다른 팀원들이 같은 실수를 피할 수 있었습니다. 신규 인원에게 업무 맥락을 차근차근 설명해 적응 기간을 크게 줄여 주었습니다.,"요구사항을 구조화하기 전에 구현부터 시작하는 경우가 있어 사전 기획을 보완하면 좋겠습니다. 또한 리더십, 문제해결 측면도 보완하면 더 좋겠습니다."
R001124,2026H1,X-0001,DP0036,DP0057,2026-06-20,금융사 가2 비정형 문서 메타데이터 전환 업무에서 함께 일하며 많은 도움을 받았습니다. 주니어의 코드 리뷰에 이유까지 설명해 주어 팀의 성장에 기여했습니다.,"반복 점검 업무를 마감 직전까지 미루는 경우가 있어 꾸준함이 조금 아쉬웠습니다. 또한 기획력, 고객대응 측면도 보완하면 더 좋겠습니다."
R001125,2026H1,X-0001,DP0081,DP0057,2026-06-20,금융사 가2 비정형 문서 메타데이터 전환 수행 기간 동안 팀의 핵심 인력으로 활약했습니다. 핵심 담당자으로서 팀원 각자의 역량을 파악해 일을 배분하고 끝까지 이끄는 리더십이 뛰어났습니다. 코드 리뷰에서 품질 기준을 일관되게 지켜 팀의 결과물 수준을 끌어올렸습니다.,"요구사항을 구조화하기 전에 구현부터 시작하는 경우가 있어 사전 기획을 보완하면 좋겠습니다. 또한 협업, 문제해결 측면도 보완하면 더 좋겠습니다."
R001126,2026H1,X-0084,DP0044,DP0058,2026-06-20,계열사 X 데이터 레이크 고도화 수행 기간 동안 팀의 핵심 인력으로 활약했습니다. 일정이 크게 흔들린 시점에 대응 계획을 빠르게 세워 위기를 넘겼습니다. 데이터·개발·운영 담당 사이의 연결고리 역할을 맡아 협업 병목을 풀어 주었습니다. 주니어의 코드 리뷰에 이유까지 설명해 주어 팀의 성장에 기여했습니다.,요구사항을 구조화하기 전에 구현부터 시작하는 경우가 있어 사전 기획을 보완하면 좋겠습니다. 또한 성실 측면도 보완하면 더 좋겠습니다.
R001127,2026H1,X-0084,DP0089,DP0058,2026-06-20,계열사 X 데이터 레이크 고도화을(를) 진행하는 동안 그룹사(대내) 고객 환경을 잘 이해하고 안정적으로 수행했습니다. 메타데이터 관리 분야의 깊은 전문성으로 설계 단계에서 기술적 리스크를 먼저 짚어 냈습니다. 운영 중 긴급 장애가 났을 때 침착하게 상황을 정리하고 복구를 주도했습니다. 다른 파트의 일정까지 살피며 먼저 도움을 제안해 팀 전체 속도를 끌어올렸습니다. 신규 인원에게 업무 맥락을 차근차근 설명해 적응 기간을 크게 줄여 주었습니다.,기존 방식에 익숙해 새로운 대안을 검토하는 데는 소극적이었습니다.
R001128,2026H1,X-0004,DP0080,DP0058,2026-06-20,계열사 N 데이터 거버넌스 구축 수행 기간 동안 팀의 핵심 인력으로 활약했습니다. 새로운 요구가 생기면 먼저 손을 들고 나서서 초기 검토를 맡아 주었습니다. 데이터·개발·운영 담당 사이의 연결고리 역할을 맡아 협업 병목을 풀어 주었습니다. 코드 리뷰에서 품질 기준을 일관되게 지켜 팀의 결과물 수준을 끌어올렸습니다. ETL 관련 이슈가 생길 때마다 정확한 판단으로 해결 방향을 제시해 팀의 기준점이 되었습니다. 그 밖에도 소통 측면에서 좋은 모습을 보였습니다.,다만 경계가 애매한 업무는 먼저 맡으려 하지 않는 경우가 있어 주인 의식을 조금 더 보여 주면 좋겠습니다.
R001129,2026H1,X-0004,DP0048,DP0058,2026-06-20,계열사 N 데이터 거버넌스 구축 업무에서 함께 일하며 많은 도움을 받았습니다. 신규 인원에게 업무 맥락을 차근차근 설명해 적응 기간을 크게 줄여 주었습니다. 처음 접한 Python도 짧은 시간에 익혀 바로 실무에 적용했습니다. 고객사와 개발팀 사이에서 요구사항을 명확히 전달해 재작업을 크게 줄였습니다.,고객의 갑작스러운 요청에 방어적으로 대응해 협의가 길어진 적이 있었습니다.
R001130,2026H1,X-0004,DP0063,DP0058,2026-06-20,계열사 N 데이터 거버넌스 구축을(를) 진행하는 동안 그룹사(대내) 고객 환경을 잘 이해하고 안정적으로 수행했습니다. 주니어의 코드 리뷰에 이유까지 설명해 주어 팀의 성장에 기여했습니다. 눈에 잘 띄지 않는 데이터 표준화 작업도 성실하게 처리해 품질 기반을 다져 주었습니다. 코드 리뷰에서 품질 기준을 일관되게 지켜 팀의 결과물 수준을 끌어올렸습니다.,요구사항을 구조화하기 전에 구현부터 시작하는 경우가 있어 사전 기획을 보완하면 좋겠습니다. 또한 꼼꼼함 측면도 보완하면 더 좋겠습니다.
R001131,2026H1,X-0004,DP0073,DP0058,2026-06-20,계열사 N 데이터 거버넌스 구축을(를) 진행하는 동안 그룹사(대내) 고객 환경을 잘 이해하고 안정적으로 수행했습니다. 제약이 많은 상황에서도 새로운 접근을 찾아내 고객의 호평을 받았습니다. 주니어의 코드 리뷰에 이유까지 설명해 주어 팀의 성장에 기여했습니다. 메타데이터 관리 관련 이슈가 생길 때마다 정확한 판단으로 해결 방향을 제시해 팀의 기준점이 되었습니다.,테스트 범위를 좁게 잡아 회귀 결함이 뒤늦게 발견된 적이 있었습니다.
R001132,2026H1,X-0060,DP0087,DP0059,2026-06-20,공공기관 기 공공데이터 개방 플랫폼 구축을(를) 진행하는 동안 공공 고객 환경을 잘 이해하고 안정적으로 수행했습니다. 눈에 잘 띄지 않는 데이터 정제 작업도 성실하게 처리해 품질 기반을 다져 주었습니다. 다른 파트의 일정까지 살피며 먼저 도움을 제안해 팀 전체 속도를 끌어올렸습니다. 기술 리더으로서 팀원 각자의 역량을 파악해 일을 배분하고 끝까지 이끄는 리더십이 뛰어났습니다. 데이터 정제 중 발생한 복합 장애의 근본 원인을 빠르게 찾아 재발 방지책까지 마련했습니다.,긴급 상황에서 우선순위 판단이 늦어 대응이 지연된 적이 있었습니다.
R001133,2026H1,X-0060,DP0096,DP0059,2026-06-20,공공기관 기 공공데이터 개방 플랫폼 구축 업무에서 함께 일하며 많은 도움을 받았습니다. 눈에 잘 띄지 않는 데이터 정제 작업도 성실하게 처리해 품질 기반을 다져 주었습니다. Python 분야의 깊은 전문성으로 설계 단계에서 기술적 리스크를 먼저 짚어 냈습니다. 막힌 이슈를 작은 단위로 쪼개 가설을 검증하는 방식으로 해결 시간을 크게 단축했습니다.,세부 설정값 검토가 빠져 배포 후 수정이 생긴 적이 있었습니다.
R001134,2026H1,X-0060,DP0012,DP0059,2026-06-20,공공기관 기 공공데이터 개방 플랫폼 구축 업무에서 함께 일하며 많은 도움을 받았습니다. Airflow 분야의 깊은 전문성으로 설계 단계에서 기술적 리스크를 먼저 짚어 냈습니다. 코드 리뷰에서 품질 기준을 일관되게 지켜 팀의 결과물 수준을 끌어올렸습니다. 일정이 흔들릴 때 우선순위를 다시 세우고 팀을 안정적으로 이끌었습니다.,세부 설정값 검토가 빠져 배포 후 수정이 생긴 적이 있었습니다. 또한 소통 측면도 보완하면 더 좋겠습니다.
R001135,2026H1,X-0060,DP0061,DP0059,2026-06-20,공공기관 기 공공데이터 개방 플랫폼 구축을(를) 진행하는 동안 공공 고객 환경을 잘 이해하고 안정적으로 수행했습니다. ETL 관련 이슈가 생길 때마다 정확한 판단으로 해결 방향을 제시해 팀의 기준점이 되었습니다. 운영 중 긴급 장애가 났을 때 침착하게 상황을 정리하고 복구를 주도했습니다. 눈에 잘 띄지 않는 데이터 정제 작업도 성실하게 처리해 품질 기반을 다져 주었습니다.,"진행 상황 공유가 늦어 다른 담당자가 뒤늦게 파악하는 일이 있었습니다. 또한 꼼꼼함, 일정관리 측면도 보완하면 더 좋겠습니다."
R001136,2026H1,X-0087,DP0072,DP0060,2026-06-20,금융사 자 차세대 데이터 플랫폼 구축을(를) 진행하는 동안 금융 고객 환경을 잘 이해하고 안정적으로 수행했습니다. BI Reporting 노하우를 문서와 짧은 세션으로 공유해 팀 전체의 수준을 끌어올렸습니다. 검수 체크리스트를 촘촘하게 운영해 고객 검수에서 지적이 거의 나오지 않았습니다.,고객의 갑작스러운 요청에 방어적으로 대응해 협의가 길어진 적이 있었습니다. 또한 리더십 측면도 보완하면 더 좋겠습니다.
R001137,2026H1,X-0087,DP0084,DP0060,2026-06-20,금융사 자 차세대 데이터 플랫폼 구축을(를) 진행하는 동안 금융 고객 환경을 잘 이해하고 안정적으로 수행했습니다. 새로운 요구가 생기면 먼저 손을 들고 나서서 초기 검토를 맡아 주었습니다. 코드 리뷰에서 품질 기준을 일관되게 지켜 팀의 결과물 수준을 끌어올렸습니다. 메타데이터 관리 관련 이슈가 생길 때마다 정확한 판단으로 해결 방향을 제시해 팀의 기준점이 되었습니다. 변경 이력과 의사결정 배경을 꾸준히 기록해 고객 보고에 큰 도움이 되었습니다. 그 밖에도 기술공유 측면에서 좋은 모습을 보였습니다.,본인 범위에 집중하다 보니 다른 파트와의 연계가 늦어지는 경우가 있었습니다.
R001138,2026H1,X-0087,DP0011,DP0060,2026-06-20,금융사 자 차세대 데이터 플랫폼 구축 업무에서 함께 일하며 많은 도움을 받았습니다. 메타데이터 관리 노하우를 문서와 짧은 세션으로 공유해 팀 전체의 수준을 끌어올렸습니다. 메타데이터 관리 관련 이슈가 생길 때마다 정확한 판단으로 해결 방향을 제시해 팀의 기준점이 되었습니다.,"장애 대응 시 임시 조치에 머무는 경우가 있어 근본 원인 분석까지 이어지면 좋겠습니다. 또한 소통, 리더십 측면도 보완하면 더 좋겠습니다."
R001139,2026H1,X-0087,DP0035,DP0060,2026-06-20,금융사 자 차세대 데이터 플랫폼 구축 수행 기간 동안 팀의 핵심 인력으로 활약했습니다. 작업량을 현실적으로 추정해 일정 계획의 정확도를 높였습니다. 문제가 생겼을 때 남에게 미루지 않고 본인 일처럼 책임지고 원인을 정리해 주었습니다. BI Reporting 노하우를 문서와 짧은 세션으로 공유해 팀 전체의 수준을 끌어올렸습니다. 산출물과 설정값을 꼼꼼하게 대조해 배포 전 결함을 여러 건 미리 잡아냈습니다. 그 밖에도 적극성 측면에서 좋은 모습을 보였습니다.,새 기술 도입에 시간이 다소 걸려 초기 일정에 부담이 있었습니다.
R001140,2026H1,X-0087,DP0017,DP0060,2026-06-20,금융사 자 차세대 데이터 플랫폼 구축을(를) 진행하는 동안 금융 고객 환경을 잘 이해하고 안정적으로 수행했습니다. 회의 때마다 쟁점을 쉽게 정리해 이해관계자들의 합의를 빠르게 이끌었습니다. 맡은 적재 파이프라인 범위를 끝까지 책임지고 마무리해 팀이 일정 걱정 없이 다음 단계로 넘어갈 수 있었습니다. 직접 겪은 시행착오를 정리해 공유해 다른 팀원들이 같은 실수를 피할 수 있었습니다. 코드 리뷰에서 품질 기준을 일관되게 지켜 팀의 결과물 수준을 끌어올렸습니다.,요구사항을 구조화하기 전에 구현부터 시작하는 경우가 있어 사전 기획을 보완하면 좋겠습니다.
R001141,2026H1,X-0087,DP0042,DP0060,2026-06-20,금융사 자 차세대 데이터 플랫폼 구축 수행 기간 동안 팀의 핵심 인력으로 활약했습니다. 새로운 요구가 생기면 먼저 손을 들고 나서서 초기 검토를 맡아 주었습니다. SQL 관련 이슈가 생길 때마다 정확한 판단으로 해결 방향을 제시해 팀의 기준점이 되었습니다. 맡은 적재 파이프라인 범위를 끝까지 책임지고 마무리해 팀이 일정 걱정 없이 다음 단계로 넘어갈 수 있었습니다. 테스트 기준을 스스로 높게 잡아 운영 이관 후 장애가 거의 없었습니다. 그 밖에도 기술공유 측면에서 좋은 모습을 보였습니다.,"작업량 추정이 낙관적이어서 일정이 밀린 적이 몇 번 있었습니다. 또한 문제해결, 소통 측면도 보완하면 더 좋겠습니다."
R001142,2026H1,X-0060,DP0096,DP0061,2026-06-20,공공기관 기 공공데이터 개방 플랫폼 구축을(를) 진행하는 동안 공공 고객 환경을 잘 이해하고 안정적으로 수행했습니다. 데이터 정제의 핵심 기능을 직접 설계하며 요구사항을 구조화하는 기획력이 돋보였습니다. 일정이 크게 흔들린 시점에 대응 계획을 빠르게 세워 위기를 넘겼습니다. 회의 때마다 쟁점을 쉽게 정리해 이해관계자들의 합의를 빠르게 이끌었습니다. 코드 리뷰에서 품질 기준을 일관되게 지켜 팀의 결과물 수준을 끌어올렸습니다.,반복 점검 업무를 마감 직전까지 미루는 경우가 있어 꾸준함이 조금 아쉬웠습니다. 또한 협업 측면도 보완하면 더 좋겠습니다.
R001143,2026H1,X-0060,DP0087,DP0061,2026-06-20,공공기관 기 공공데이터 개방 플랫폼 구축을(를) 진행하는 동안 공공 고객 환경을 잘 이해하고 안정적으로 수행했습니다. 운영 중 긴급 장애가 났을 때 침착하게 상황을 정리하고 복구를 주도했습니다. 코드 리뷰에서 품질 기준을 일관되게 지켜 팀의 결과물 수준을 끌어올렸습니다. 회의 때마다 쟁점을 쉽게 정리해 이해관계자들의 합의를 빠르게 이끌었습니다.,본인 범위에 집중하다 보니 다른 파트와의 연계가 늦어지는 경우가 있었습니다. 또한 학습력 측면도 보완하면 더 좋겠습니다.
R001144,2026H1,X-0060,DP0059,DP0061,2026-06-20,공공기관 기 공공데이터 개방 플랫폼 구축 업무에서 함께 일하며 많은 도움을 받았습니다. 마일스톤별 위험 요소를 미리 관리해 데이터 정제 일정을 한 번도 놓치지 않았습니다. 테스트 기준을 스스로 높게 잡아 운영 이관 후 장애가 거의 없었습니다. 고객의 모호한 요구를 단계별 실행 계획으로 정리해 범위 변경을 줄였습니다. 고객사와 개발팀 사이에서 요구사항을 명확히 전달해 재작업을 크게 줄였습니다. 그 밖에도 고객대응 측면에서 좋은 모습을 보였습니다.,본인 범위에 집중하다 보니 다른 파트와의 연계가 늦어지는 경우가 있었습니다. 또한 문서화 측면도 보완하면 더 좋겠습니다.
R001145,2026H1,X-0060,DP0066,DP0061,2026-06-20,공공기관 기 공공데이터 개방 플랫폼 구축 업무에서 함께 일하며 많은 도움을 받았습니다. 고객의 급한 요청에도 차분하게 대응해 신뢰를 얻었고 추가 요구 협상도 잘 이끌었습니다.,"새 기술 도입에 시간이 다소 걸려 초기 일정에 부담이 있었습니다. 또한 창의성, 문제해결 측면도 보완하면 더 좋겠습니다."
R001146,2026H1,X-0006,DP0075,DP0062,2026-06-20,금융사 바2 차세대 데이터 플랫폼 구축 업무에서 함께 일하며 많은 도움을 받았습니다. 설계 의도와 운영 절차를 잘 정리해 두어 인수인계가 매끄러웠습니다. 기존 방식에 얽매이지 않는 대안을 제시해 메타데이터 설계의 처리 속도를 크게 개선했습니다.,긴급 상황에서 우선순위 판단이 늦어 대응이 지연된 적이 있었습니다. 또한 책임감 측면도 보완하면 더 좋겠습니다.
R001147,2026H1,X-0006,DP0046,DP0062,2026-06-20,금융사 바2 차세대 데이터 플랫폼 구축을(를) 진행하는 동안 금융 고객 환경을 잘 이해하고 안정적으로 수행했습니다. 데이터·개발·운영 담당 사이의 연결고리 역할을 맡아 협업 병목을 풀어 주었습니다. 기존 방식에 얽매이지 않는 대안을 제시해 메타데이터 설계의 처리 속도를 크게 개선했습니다. 고객의 모호한 요구를 단계별 실행 계획으로 정리해 범위 변경을 줄였습니다.,"긴급 상황에서 우선순위 판단이 늦어 대응이 지연된 적이 있었습니다. 또한 책임감, 성실 측면도 보완하면 더 좋겠습니다."
R001148,2026H1,X-0006,DP0012,DP0062,2026-06-20,금융사 바2 차세대 데이터 플랫폼 구축 업무에서 함께 일하며 많은 도움을 받았습니다. 새로운 요구가 생기면 먼저 손을 들고 나서서 초기 검토를 맡아 주었습니다.,반복 점검 업무를 마감 직전까지 미루는 경우가 있어 꾸준함이 조금 아쉬웠습니다. 또한 책임감 측면도 보완하면 더 좋겠습니다.
R001149,2026H1,X-0004,DP0037,DP0063,2026-06-20,계열사 N 데이터 거버넌스 구축 수행 기간 동안 팀의 핵심 인력으로 활약했습니다. 검수 체크리스트를 촘촘하게 운영해 고객 검수에서 지적이 거의 나오지 않았습니다. 눈에 잘 띄지 않는 데이터 표준화 작업도 성실하게 처리해 품질 기반을 다져 주었습니다.,"의견이 엇갈릴 때 방향을 정리해 주는 역할은 조금 더 기대됩니다. 또한 기획력, 창의성 측면도 보완하면 더 좋겠습니다."
R001150,2026H1,X-0020,DP0021,DP0063,2026-06-20,공공기관 무 공공데이터 개방 플랫폼 구축을(를) 진행하는 동안 공공 고객 환경을 잘 이해하고 안정적으로 수행했습니다. Data Lake & Data Catalog 분야의 깊은 전문성으로 설계 단계에서 기술적 리스크를 먼저 짚어 냈습니다.,새 기술 도입에 시간이 다소 걸려 초기 일정에 부담이 있었습니다. 또한 적극성 측면도 보완하면 더 좋겠습니다.
R001151,2026H1,X-0020,DP0088,DP0063,2026-06-20,공공기관 무 공공데이터 개방 플랫폼 구축 업무에서 함께 일하며 많은 도움을 받았습니다. 산출물과 설정값을 꼼꼼하게 대조해 배포 전 결함을 여러 건 미리 잡아냈습니다. 눈에 잘 띄지 않는 데이터 정제 작업도 성실하게 처리해 품질 기반을 다져 주었습니다. 주니어의 코드 리뷰에 이유까지 설명해 주어 팀의 성장에 기여했습니다.,"변경 사항 문서화가 늦어 인수인계 때 다시 확인해야 하는 일이 있었습니다. 또한 기획력, 창의성, 적극성 측면도 보완하면 더 좋겠습니다."
R001152,2026H1,X-0020,DP0002,DP0063,2026-06-20,공공기관 무 공공데이터 개방 플랫폼 구축 수행 기간 동안 팀의 핵심 인력으로 활약했습니다. 고객의 모호한 요구를 단계별 실행 계획으로 정리해 범위 변경을 줄였습니다. 매일 진행 상황을 꾸준히 공유하고 반복 점검 업무도 빠짐없이 챙겨 신뢰가 갔습니다.,"변경 사항 문서화가 늦어 인수인계 때 다시 확인해야 하는 일이 있었습니다. 또한 창의성, 꼼꼼함 측면도 보완하면 더 좋겠습니다."
R001153,2026H1,X-0020,DP0003,DP0063,2026-06-20,공공기관 무 공공데이터 개방 플랫폼 구축을(를) 진행하는 동안 공공 고객 환경을 잘 이해하고 안정적으로 수행했습니다. Kubernetes 관련 이슈가 생길 때마다 정확한 판단으로 해결 방향을 제시해 팀의 기준점이 되었습니다.,작업량 추정이 낙관적이어서 일정이 밀린 적이 몇 번 있었습니다.
R001154,2026H1,X-0004,DP0001,DP0063,2026-06-20,계열사 N 데이터 거버넌스 구축 업무에서 함께 일하며 많은 도움을 받았습니다. 검수 체크리스트를 촘촘하게 운영해 고객 검수에서 지적이 거의 나오지 않았습니다. 일정이 크게 흔들린 시점에 대응 계획을 빠르게 세워 위기를 넘겼습니다.,새로 합류한 인원과 거리감이 있어 초기 협업이 다소 더뎠습니다. 또한 창의성 측면도 보완하면 더 좋겠습니다.
R001155,2026H1,X-0082,DP0027,DP0064,2026-06-20,금융사 타 데이터 마트 구축 수행 기간 동안 팀의 핵심 인력으로 활약했습니다. 일정이 흔들릴 때 우선순위를 다시 세우고 팀을 안정적으로 이끌었습니다. 일정이 크게 흔들린 시점에 대응 계획을 빠르게 세워 위기를 넘겼습니다. 고객의 급한 요청에도 차분하게 대응해 신뢰를 얻었고 추가 요구 협상도 잘 이끌었습니다.,새 기술 도입에 시간이 다소 걸려 초기 일정에 부담이 있었습니다. 또한 적극성 측면도 보완하면 더 좋겠습니다.
R001156,2026H1,X-0082,DP0034,DP0064,2026-06-20,금융사 타 데이터 마트 구축 업무에서 함께 일하며 많은 도움을 받았습니다. 회의 때마다 쟁점을 쉽게 정리해 이해관계자들의 합의를 빠르게 이끌었습니다. 고객사 담당자와도 편하게 소통하는 친화력 덕분에 협의가 한결 수월했습니다.,요구사항을 구조화하기 전에 구현부터 시작하는 경우가 있어 사전 기획을 보완하면 좋겠습니다. 또한 꼼꼼함 측면도 보완하면 더 좋겠습니다.
R001157,2026H1,X-0082,DP0031,DP0064,2026-06-20,금융사 타 데이터 마트 구축을(를) 진행하는 동안 금융 고객 환경을 잘 이해하고 안정적으로 수행했습니다. 문제가 생겼을 때 남에게 미루지 않고 본인 일처럼 책임지고 원인을 정리해 주었습니다. 처음 합류한 인원들과도 금방 어울려 팀 분위기를 부드럽게 만들어 주었습니다. 회의 때마다 쟁점을 쉽게 정리해 이해관계자들의 합의를 빠르게 이끌었습니다.,기존 방식에 익숙해 새로운 대안을 검토하는 데는 소극적이었습니다. 또한 품질의식 측면도 보완하면 더 좋겠습니다.
R001158,2026H1,X-0082,DP0077,DP0064,2026-06-20,금융사 타 데이터 마트 구축 업무에서 함께 일하며 많은 도움을 받았습니다. 고객의 모호한 요구를 단계별 실행 계획으로 정리해 범위 변경을 줄였습니다. 고객사와 개발팀 사이에서 요구사항을 명확히 전달해 재작업을 크게 줄였습니다. 메타데이터 관리 노하우를 문서와 짧은 세션으로 공유해 팀 전체의 수준을 끌어올렸습니다. 맡은 적재 파이프라인 범위를 끝까지 책임지고 마무리해 팀이 일정 걱정 없이 다음 단계로 넘어갈 수 있었습니다.,주니어에게 피드백을 줄 때 이유 설명이 짧아 학습 효과가 제한적이었습니다. 또한 전문성 측면도 보완하면 더 좋겠습니다.
R001159,2026H1,X-0082,DP0005,DP0064,2026-06-20,금융사 타 데이터 마트 구축 수행 기간 동안 팀의 핵심 인력으로 활약했습니다. 적재 파이프라인 중 발생한 복합 장애의 근본 원인을 빠르게 찾아 재발 방지책까지 마련했습니다. 고객사와 개발팀 사이에서 요구사항을 명확히 전달해 재작업을 크게 줄였습니다.,데이터 모델링 심화 영역에서는 판단 근거가 부족한 경우가 있어 추가 학습이 필요해 보입니다.
R001160,2026H1,X-0094,DP0018,DP0065,2026-06-20,계열사 S 데이터 거버넌스 구축 업무에서 함께 일하며 많은 도움을 받았습니다. 마일스톤별 위험 요소를 미리 관리해 배치 운영 일정을 한 번도 놓치지 않았습니다. 눈에 잘 띄지 않는 배치 운영 작업도 성실하게 처리해 품질 기반을 다져 주었습니다.,의견이 엇갈릴 때 방향을 정리해 주는 역할은 조금 더 기대됩니다. 또한 창의성 측면도 보완하면 더 좋겠습니다.
R001161,2026H1,X-0094,DP0025,DP0065,2026-06-20,계열사 S 데이터 거버넌스 구축 수행 기간 동안 팀의 핵심 인력으로 활약했습니다. 회의 때마다 쟁점을 쉽게 정리해 이해관계자들의 합의를 빠르게 이끌었습니다. 작업량을 현실적으로 추정해 일정 계획의 정확도를 높였습니다.,"의견이 엇갈릴 때 방향을 정리해 주는 역할은 조금 더 기대됩니다. 또한 전문성, 성실 측면도 보완하면 더 좋겠습니다."
R001162,2026H1,X-0088,DP0028,DP0065,2026-06-20,계열사 T 데이터 거버넌스 구축 수행 기간 동안 팀의 핵심 인력으로 활약했습니다. 테스트 기준을 스스로 높게 잡아 운영 이관 후 장애가 거의 없었습니다. 문제가 생겼을 때 남에게 미루지 않고 본인 일처럼 책임지고 원인을 정리해 주었습니다. 고객사 담당자와도 편하게 소통하는 친화력 덕분에 협의가 한결 수월했습니다.,새 기술 도입에 시간이 다소 걸려 초기 일정에 부담이 있었습니다. 또한 리더십 측면도 보완하면 더 좋겠습니다.
R001163,2026H1,X-0094,DP0052,DP0065,2026-06-20,계열사 S 데이터 거버넌스 구축 수행 기간 동안 팀의 핵심 인력으로 활약했습니다. 테스트 기준을 스스로 높게 잡아 운영 이관 후 장애가 거의 없었습니다. 배치 운영 중 발생한 복합 장애의 근본 원인을 빠르게 찾아 재발 방지책까지 마련했습니다.,의견이 엇갈릴 때 방향을 정리해 주는 역할은 조금 더 기대됩니다.
R001164,2026H1,X-0094,DP0043,DP0065,2026-06-20,계열사 S 데이터 거버넌스 구축을(를) 진행하는 동안 그룹사(대내) 고객 환경을 잘 이해하고 안정적으로 수행했습니다. 마일스톤별 위험 요소를 미리 관리해 배치 운영 일정을 한 번도 놓치지 않았습니다. Airflow 분야의 깊은 전문성으로 설계 단계에서 기술적 리스크를 먼저 짚어 냈습니다.,"다만 경계가 애매한 업무는 먼저 맡으려 하지 않는 경우가 있어 주인 의식을 조금 더 보여 주면 좋겠습니다. 또한 성실, 리더십 측면도 보완하면 더 좋겠습니다."
R001165,2026H1,X-0006,DP0037,DP0066,2026-06-20,금융사 바2 차세대 데이터 플랫폼 구축 수행 기간 동안 팀의 핵심 인력으로 활약했습니다. 주니어의 코드 리뷰에 이유까지 설명해 주어 팀의 성장에 기여했습니다. 메타데이터 관리 관련 이슈가 생길 때마다 정확한 판단으로 해결 방향을 제시해 팀의 기준점이 되었습니다. 회의 때마다 쟁점을 쉽게 정리해 이해관계자들의 합의를 빠르게 이끌었습니다. 새로운 요구가 생기면 먼저 손을 들고 나서서 초기 검토를 맡아 주었습니다.,새로 합류한 인원과 거리감이 있어 초기 협업이 다소 더뎠습니다. 또한 기획력 측면도 보완하면 더 좋겠습니다.
R001166,2026H1,X-0006,DP0075,DP0066,2026-06-20,금융사 바2 차세대 데이터 플랫폼 구축을(를) 진행하는 동안 금융 고객 환경을 잘 이해하고 안정적으로 수행했습니다. 눈에 잘 띄지 않는 메타데이터 설계 작업도 성실하게 처리해 품질 기반을 다져 주었습니다. 설계 의도와 운영 절차를 잘 정리해 두어 인수인계가 매끄러웠습니다.,진행 상황 공유가 늦어 다른 담당자가 뒤늦게 파악하는 일이 있었습니다. 또한 꼼꼼함 측면도 보완하면 더 좋겠습니다.
R001167,2026H1,X-0006,DP0012,DP0066,2026-06-20,금융사 바2 차세대 데이터 플랫폼 구축 업무에서 함께 일하며 많은 도움을 받았습니다. 주니어의 코드 리뷰에 이유까지 설명해 주어 팀의 성장에 기여했습니다. 새 도메인 지식을 빠르게 흡수해 투입 초기부터 제 몫을 해냈습니다.,진행 상황 공유가 늦어 다른 담당자가 뒤늦게 파악하는 일이 있었습니다. 또한 책임감 측면도 보완하면 더 좋겠습니다.
R001168,2026H1,X-0060,DP0071,DP0066,2026-06-20,공공기관 기 공공데이터 개방 플랫폼 구축 업무에서 함께 일하며 많은 도움을 받았습니다. 고객사 담당자와도 편하게 소통하는 친화력 덕분에 협의가 한결 수월했습니다. 변경 이력과 의사결정 배경을 꾸준히 기록해 고객 보고에 큰 도움이 되었습니다. 개선 아이디어를 적극적으로 제안하고 직접 시범 적용까지 해 보였습니다.,"작업량 추정이 낙관적이어서 일정이 밀린 적이 몇 번 있었습니다. 또한 기획력, 꼼꼼함 측면도 보완하면 더 좋겠습니다."
R001169,2026H1,X-0006,DP0056,DP0066,2026-06-20,금융사 바2 차세대 데이터 플랫폼 구축을(를) 진행하는 동안 금융 고객 환경을 잘 이해하고 안정적으로 수행했습니다. 신규 인원에게 업무 맥락을 차근차근 설명해 적응 기간을 크게 줄여 주었습니다. 처음 합류한 인원들과도 금방 어울려 팀 분위기를 부드럽게 만들어 주었습니다. 새로운 요구가 생기면 먼저 손을 들고 나서서 초기 검토를 맡아 주었습니다.,세부 설정값 검토가 빠져 배포 후 수정이 생긴 적이 있었습니다. 또한 기획력 측면도 보완하면 더 좋겠습니다.
R001170,2026H1,X-0055,DP0018,DP0066,2026-06-20,계열사 O 데이터 레이크 고도화 수행 기간 동안 팀의 핵심 인력으로 활약했습니다. 고객사 담당자와도 편하게 소통하는 친화력 덕분에 협의가 한결 수월했습니다. 신규 인원에게 업무 맥락을 차근차근 설명해 적응 기간을 크게 줄여 주었습니다.,진행 상황 공유가 늦어 다른 담당자가 뒤늦게 파악하는 일이 있었습니다. 또한 리더십 측면도 보완하면 더 좋겠습니다.
R001171,2026H1,X-0094,DP0052,DP0067,2026-06-20,계열사 S 데이터 거버넌스 구축 업무에서 함께 일하며 많은 도움을 받았습니다. 매일 진행 상황을 꾸준히 공유하고 반복 점검 업무도 빠짐없이 챙겨 신뢰가 갔습니다. 데이터·개발·운영 담당 사이의 연결고리 역할을 맡아 협업 병목을 풀어 주었습니다. 제약이 많은 상황에서도 새로운 접근을 찾아내 고객의 호평을 받았습니다. 코드 리뷰에서 품질 기준을 일관되게 지켜 팀의 결과물 수준을 끌어올렸습니다.,긴급 상황에서 우선순위 판단이 늦어 대응이 지연된 적이 있었습니다.
R001172,2026H1,X-0082,DP0005,DP0067,2026-06-20,금융사 타 데이터 마트 구축을(를) 진행하는 동안 금융 고객 환경을 잘 이해하고 안정적으로 수행했습니다. 다른 파트의 일정까지 살피며 먼저 도움을 제안해 팀 전체 속도를 끌어올렸습니다. SQL 분야의 깊은 전문성으로 설계 단계에서 기술적 리스크를 먼저 짚어 냈습니다. 고객사와 개발팀 사이에서 요구사항을 명확히 전달해 재작업을 크게 줄였습니다. 검수 체크리스트를 촘촘하게 운영해 고객 검수에서 지적이 거의 나오지 않았습니다.,새로운 과제에는 먼저 나서기보다 지켜보는 편이라 조금 더 적극적이면 좋겠습니다.
R001173,2026H1,X-0082,DP0054,DP0067,2026-06-20,금융사 타 데이터 마트 구축 수행 기간 동안 팀의 핵심 인력으로 활약했습니다. 마일스톤별 위험 요소를 미리 관리해 적재 파이프라인 일정을 한 번도 놓치지 않았습니다. 테스트 기준을 스스로 높게 잡아 운영 이관 후 장애가 거의 없었습니다. 설계 의도와 운영 절차를 잘 정리해 두어 인수인계가 매끄러웠습니다.,다만 경계가 애매한 업무는 먼저 맡으려 하지 않는 경우가 있어 주인 의식을 조금 더 보여 주면 좋겠습니다. 또한 위기대응 측면도 보완하면 더 좋겠습니다.
R001174,2026H1,X-0094,DP0007,DP0067,2026-06-20,계열사 S 데이터 거버넌스 구축 업무에서 함께 일하며 많은 도움을 받았습니다. 코드 리뷰에서 품질 기준을 일관되게 지켜 팀의 결과물 수준을 끌어올렸습니다. 고객사와 개발팀 사이에서 요구사항을 명확히 전달해 재작업을 크게 줄였습니다. 고객의 급한 요청에도 차분하게 대응해 신뢰를 얻었고 추가 요구 협상도 잘 이끌었습니다. 작업량을 현실적으로 추정해 일정 계획의 정확도를 높였습니다.,다만 경계가 애매한 업무는 먼저 맡으려 하지 않는 경우가 있어 주인 의식을 조금 더 보여 주면 좋겠습니다.
R001175,2026H1,X-0083,DP0079,DP0068,2026-06-20,금융사 사 차세대 데이터 플랫폼 구축을(를) 진행하는 동안 금융 고객 환경을 잘 이해하고 안정적으로 수행했습니다. 마일스톤별 위험 요소를 미리 관리해 데이터 이관 일정을 한 번도 놓치지 않았습니다.,긴급 상황에서 우선순위 판단이 늦어 대응이 지연된 적이 있었습니다.
R001176,2026H1,X-0083,DP0038,DP0068,2026-06-20,금융사 사 차세대 데이터 플랫폼 구축 수행 기간 동안 팀의 핵심 인력으로 활약했습니다. SQL 분야의 깊은 전문성으로 설계 단계에서 기술적 리스크를 먼저 짚어 냈습니다. 기존 방식에 얽매이지 않는 대안을 제시해 데이터 이관의 처리 속도를 크게 개선했습니다.,"요구사항을 구조화하기 전에 구현부터 시작하는 경우가 있어 사전 기획을 보완하면 좋겠습니다. 또한 품질의식, 고객대응 측면도 보완하면 더 좋겠습니다."
R001177,2026H1,X-0094,DP0052,DP0068,2026-06-20,계열사 S 데이터 거버넌스 구축 업무에서 함께 일하며 많은 도움을 받았습니다. Data Lake & Data Catalog 관련 이슈가 생길 때마다 정확한 판단으로 해결 방향을 제시해 팀의 기준점이 되었습니다.,"요구사항을 구조화하기 전에 구현부터 시작하는 경우가 있어 사전 기획을 보완하면 좋겠습니다. 또한 학습력, 책임감 측면도 보완하면 더 좋겠습니다."
R001178,2026H1,X-0094,DP0032,DP0068,2026-06-20,계열사 S 데이터 거버넌스 구축 수행 기간 동안 팀의 핵심 인력으로 활약했습니다. 다른 파트의 일정까지 살피며 먼저 도움을 제안해 팀 전체 속도를 끌어올렸습니다.,"긴급 상황에서 우선순위 판단이 늦어 대응이 지연된 적이 있었습니다. 또한 꼼꼼함, 품질의식, 고객대응 측면도 보완하면 더 좋겠습니다."
R001179,2026H1,X-0083,DP0040,DP0068,2026-06-20,금융사 사 차세대 데이터 플랫폼 구축 업무에서 함께 일하며 많은 도움을 받았습니다. 검수 체크리스트를 촘촘하게 운영해 고객 검수에서 지적이 거의 나오지 않았습니다.,"의견이 엇갈릴 때 방향을 정리해 주는 역할은 조금 더 기대됩니다. 또한 기획력, 고객대응 측면도 보완하면 더 좋겠습니다."
R001180,2026H1,X-0094,DP0043,DP0068,2026-06-20,계열사 S 데이터 거버넌스 구축 업무에서 함께 일하며 많은 도움을 받았습니다. 매일 진행 상황을 꾸준히 공유하고 반복 점검 업무도 빠짐없이 챙겨 신뢰가 갔습니다.,"새로 합류한 인원과 거리감이 있어 초기 협업이 다소 더뎠습니다. 또한 기획력, 위기대응 측면도 보완하면 더 좋겠습니다."
R001181,2026H1,X-0006,DP0033,DP0069,2026-06-20,금융사 바2 차세대 데이터 플랫폼 구축을(를) 진행하는 동안 금융 고객 환경을 잘 이해하고 안정적으로 수행했습니다. 신규 인원에게 업무 맥락을 차근차근 설명해 적응 기간을 크게 줄여 주었습니다. 고객의 모호한 요구를 단계별 실행 계획으로 정리해 범위 변경을 줄였습니다. 고객사와 개발팀 사이에서 요구사항을 명확히 전달해 재작업을 크게 줄였습니다. 테스트 기준을 스스로 높게 잡아 운영 이관 후 장애가 거의 없었습니다.,긴급 상황에서 우선순위 판단이 늦어 대응이 지연된 적이 있었습니다. 또한 고객대응 측면도 보완하면 더 좋겠습니다.
R001182,2026H1,X-0006,DP0075,DP0069,2026-06-20,금융사 바2 차세대 데이터 플랫폼 구축 업무에서 함께 일하며 많은 도움을 받았습니다. Python 분야의 깊은 전문성으로 설계 단계에서 기술적 리스크를 먼저 짚어 냈습니다. 메타데이터 설계 중 발생한 복합 장애의 근본 원인을 빠르게 찾아 재발 방지책까지 마련했습니다. 직접 겪은 시행착오를 정리해 공유해 다른 팀원들이 같은 실수를 피할 수 있었습니다. 새로운 요구가 생기면 먼저 손을 들고 나서서 초기 검토를 맡아 주었습니다.,고객의 갑작스러운 요청에 방어적으로 대응해 협의가 길어진 적이 있었습니다. 또한 꼼꼼함 측면도 보완하면 더 좋겠습니다.
R001183,2026H1,X-0030,DP0055,DP0069,2026-06-20,계열사 I 데이터 레이크 고도화 수행 기간 동안 팀의 핵심 인력으로 활약했습니다. 다른 파트의 일정까지 살피며 먼저 도움을 제안해 팀 전체 속도를 끌어올렸습니다. 맡은 배치 운영 범위를 끝까지 책임지고 마무리해 팀이 일정 걱정 없이 다음 단계로 넘어갈 수 있었습니다. 운영 중 긴급 장애가 났을 때 침착하게 상황을 정리하고 복구를 주도했습니다. 코드 리뷰에서 품질 기준을 일관되게 지켜 팀의 결과물 수준을 끌어올렸습니다. 그 밖에도 소통 측면에서 좋은 모습을 보였습니다.,알고 있는 노하우를 팀에 공유하는 빈도가 낮아 지식이 한 사람에게 몰렸습니다.
R001184,2026H1,X-0020,DP0051,DP0070,2026-06-20,공공기관 무 공공데이터 개방 플랫폼 구축 수행 기간 동안 팀의 핵심 인력으로 활약했습니다. 일정이 흔들릴 때 우선순위를 다시 세우고 팀을 안정적으로 이끌었습니다. 운영 중 긴급 장애가 났을 때 침착하게 상황을 정리하고 복구를 주도했습니다. 직접 겪은 시행착오를 정리해 공유해 다른 팀원들이 같은 실수를 피할 수 있었습니다. 데이터 정제 중 발생한 복합 장애의 근본 원인을 빠르게 찾아 재발 방지책까지 마련했습니다.,요구사항을 구조화하기 전에 구현부터 시작하는 경우가 있어 사전 기획을 보완하면 좋겠습니다. 또한 전문성 측면도 보완하면 더 좋겠습니다.
R001185,2026H1,X-0083,DP0004,DP0070,2026-06-20,금융사 사 차세대 데이터 플랫폼 구축 업무에서 함께 일하며 많은 도움을 받았습니다. 산출물과 설정값을 꼼꼼하게 대조해 배포 전 결함을 여러 건 미리 잡아냈습니다. 개선 아이디어를 적극적으로 제안하고 직접 시범 적용까지 해 보였습니다. 직접 겪은 시행착오를 정리해 공유해 다른 팀원들이 같은 실수를 피할 수 있었습니다. 문제가 생겼을 때 남에게 미루지 않고 본인 일처럼 책임지고 원인을 정리해 주었습니다.,메타데이터 관리 심화 영역에서는 판단 근거가 부족한 경우가 있어 추가 학습이 필요해 보입니다. 또한 위기대응 측면도 보완하면 더 좋겠습니다.
R001186,2026H1,X-0083,DP0038,DP0070,2026-06-20,금융사 사 차세대 데이터 플랫폼 구축 업무에서 함께 일하며 많은 도움을 받았습니다. 맡은 데이터 이관 범위를 끝까지 책임지고 마무리해 팀이 일정 걱정 없이 다음 단계로 넘어갈 수 있었습니다. 개선 아이디어를 적극적으로 제안하고 직접 시범 적용까지 해 보였습니다. 직접 겪은 시행착오를 정리해 공유해 다른 팀원들이 같은 실수를 피할 수 있었습니다. 담당자으로서 팀원 각자의 역량을 파악해 일을 배분하고 끝까지 이끄는 리더십이 뛰어났습니다.,SQL 심화 영역에서는 판단 근거가 부족한 경우가 있어 추가 학습이 필요해 보입니다. 또한 위기대응 측면도 보완하면 더 좋겠습니다.
R001187,2026H1,X-0020,DP0021,DP0070,2026-06-20,공공기관 무 공공데이터 개방 플랫폼 구축 업무에서 함께 일하며 많은 도움을 받았습니다. 데이터 정제의 핵심 기능을 직접 설계하며 요구사항을 구조화하는 기획력이 돋보였습니다.,"데이터 모델링 심화 영역에서는 판단 근거가 부족한 경우가 있어 추가 학습이 필요해 보입니다. 또한 위기대응, 꼼꼼함 측면도 보완하면 더 좋겠습니다."
R001188,2026H1,X-0083,DP0092,DP0070,2026-06-20,금융사 사 차세대 데이터 플랫폼 구축을(를) 진행하는 동안 금융 고객 환경을 잘 이해하고 안정적으로 수행했습니다. SQL 노하우를 문서와 짧은 세션으로 공유해 팀 전체의 수준을 끌어올렸습니다.,새로 합류한 인원과 거리감이 있어 초기 협업이 다소 더뎠습니다. 또한 전문성 측면도 보완하면 더 좋겠습니다.
R001189,2026H1,X-0017,DP0046,DP0071,2026-06-20,계열사 Q 데이터 레이크 고도화 업무에서 함께 일하며 많은 도움을 받았습니다. 고객의 급한 요청에도 차분하게 대응해 신뢰를 얻었고 추가 요구 협상도 잘 이끌었습니다. 운영 중 긴급 장애가 났을 때 침착하게 상황을 정리하고 복구를 주도했습니다. 카탈로그 구축의 핵심 기능을 직접 설계하며 요구사항을 구조화하는 기획력이 돋보였습니다.,의견이 엇갈릴 때 방향을 정리해 주는 역할은 조금 더 기대됩니다. 또한 소통 측면도 보완하면 더 좋겠습니다.
R001190,2026H1,X-0060,DP0059,DP0071,2026-06-20,공공기관 기 공공데이터 개방 플랫폼 구축 수행 기간 동안 팀의 핵심 인력으로 활약했습니다. 운영 중 긴급 장애가 났을 때 침착하게 상황을 정리하고 복구를 주도했습니다. 고객의 모호한 요구를 단계별 실행 계획으로 정리해 범위 변경을 줄였습니다. 산출물과 설정값을 꼼꼼하게 대조해 배포 전 결함을 여러 건 미리 잡아냈습니다. 마일스톤별 위험 요소를 미리 관리해 데이터 정제 일정을 한 번도 놓치지 않았습니다.,주니어에게 피드백을 줄 때 이유 설명이 짧아 학습 효과가 제한적이었습니다.
R001191,2026H1,X-0017,DP0057,DP0071,2026-06-20,계열사 Q 데이터 레이크 고도화 수행 기간 동안 팀의 핵심 인력으로 활약했습니다. 고객사 담당자와도 편하게 소통하는 친화력 덕분에 협의가 한결 수월했습니다. 일정이 크게 흔들린 시점에 대응 계획을 빠르게 세워 위기를 넘겼습니다. 문제가 생겼을 때 남에게 미루지 않고 본인 일처럼 책임지고 원인을 정리해 주었습니다.,"알고 있는 노하우를 팀에 공유하는 빈도가 낮아 지식이 한 사람에게 몰렸습니다. 또한 리더십, 적극성 측면도 보완하면 더 좋겠습니다."
R001192,2026H1,X-0084,DP0012,DP0071,2026-06-20,계열사 X 데이터 레이크 고도화을(를) 진행하는 동안 그룹사(대내) 고객 환경을 잘 이해하고 안정적으로 수행했습니다. 산출물과 설정값을 꼼꼼하게 대조해 배포 전 결함을 여러 건 미리 잡아냈습니다. 카탈로그 구축의 핵심 기능을 직접 설계하며 요구사항을 구조화하는 기획력이 돋보였습니다. 카탈로그 구축 중 발생한 복합 장애의 근본 원인을 빠르게 찾아 재발 방지책까지 마련했습니다.,테스트 범위를 좁게 잡아 회귀 결함이 뒤늦게 발견된 적이 있었습니다. 또한 소통 측면도 보완하면 더 좋겠습니다.
R001193,2026H1,X-0060,DP0096,DP0071,2026-06-20,공공기관 기 공공데이터 개방 플랫폼 구축을(를) 진행하는 동안 공공 고객 환경을 잘 이해하고 안정적으로 수행했습니다. 운영 중 긴급 장애가 났을 때 침착하게 상황을 정리하고 복구를 주도했습니다. 고객의 모호한 요구를 단계별 실행 계획으로 정리해 범위 변경을 줄였습니다. 마일스톤별 위험 요소를 미리 관리해 데이터 정제 일정을 한 번도 놓치지 않았습니다.,반복 점검 업무를 마감 직전까지 미루는 경우가 있어 꾸준함이 조금 아쉬웠습니다.
R001194,2026H1,X-0084,DP0083,DP0071,2026-06-20,계열사 X 데이터 레이크 고도화 수행 기간 동안 팀의 핵심 인력으로 활약했습니다. 새로운 요구가 생기면 먼저 손을 들고 나서서 초기 검토를 맡아 주었습니다.,알고 있는 노하우를 팀에 공유하는 빈도가 낮아 지식이 한 사람에게 몰렸습니다. 또한 문서화 측면도 보완하면 더 좋겠습니다.
R001195,2026H1,X-0033,DP0021,DP0072,2026-06-20,공공기관 경 공공데이터 개방 플랫폼 구축을(를) 진행하는 동안 공공 고객 환경을 잘 이해하고 안정적으로 수행했습니다. 마일스톤별 위험 요소를 미리 관리해 개방 API 일정을 한 번도 놓치지 않았습니다.,"새로 합류한 인원과 거리감이 있어 초기 협업이 다소 더뎠습니다. 또한 성실, 품질의식 측면도 보완하면 더 좋겠습니다."
R001196,2026H1,X-0087,DP0060,DP0072,2026-06-20,금융사 자 차세대 데이터 플랫폼 구축 수행 기간 동안 팀의 핵심 인력으로 활약했습니다. 마일스톤별 위험 요소를 미리 관리해 적재 파이프라인 일정을 한 번도 놓치지 않았습니다. 운영 중 긴급 장애가 났을 때 침착하게 상황을 정리하고 복구를 주도했습니다. 담당자으로서 팀원 각자의 역량을 파악해 일을 배분하고 끝까지 이끄는 리더십이 뛰어났습니다. 데이터·개발·운영 담당 사이의 연결고리 역할을 맡아 협업 병목을 풀어 주었습니다.,새로 합류한 인원과 거리감이 있어 초기 협업이 다소 더뎠습니다. 또한 책임감 측면도 보완하면 더 좋겠습니다.
R001197,2026H1,X-0087,DP0017,DP0072,2026-06-20,금융사 자 차세대 데이터 플랫폼 구축 업무에서 함께 일하며 많은 도움을 받았습니다. 일정이 크게 흔들린 시점에 대응 계획을 빠르게 세워 위기를 넘겼습니다. 눈에 잘 띄지 않는 적재 파이프라인 작업도 성실하게 처리해 품질 기반을 다져 주었습니다. 고객사 현업 담당자의 불만을 경청하고 대안을 제시해 관계를 개선했습니다. 담당자으로서 팀원 각자의 역량을 파악해 일을 배분하고 끝까지 이끄는 리더십이 뛰어났습니다.,"다만 경계가 애매한 업무는 먼저 맡으려 하지 않는 경우가 있어 주인 의식을 조금 더 보여 주면 좋겠습니다. 또한 친화력, 품질의식, 기술공유 측면도 보완하면 더 좋겠습니다."
R001198,2026H1,X-0033,DP0045,DP0072,2026-06-20,공공기관 경 공공데이터 개방 플랫폼 구축을(를) 진행하는 동안 공공 고객 환경을 잘 이해하고 안정적으로 수행했습니다. 개방 API 중 발생한 복합 장애의 근본 원인을 빠르게 찾아 재발 방지책까지 마련했습니다. 일정이 흔들릴 때 우선순위를 다시 세우고 팀을 안정적으로 이끌었습니다.,반복 점검 업무를 마감 직전까지 미루는 경우가 있어 꾸준함이 조금 아쉬웠습니다. 또한 적극성 측면도 보완하면 더 좋겠습니다.
R001199,2026H1,X-0094,DP0016,DP0072,2026-06-20,계열사 S 데이터 거버넌스 구축 수행 기간 동안 팀의 핵심 인력으로 활약했습니다. 일정이 크게 흔들린 시점에 대응 계획을 빠르게 세워 위기를 넘겼습니다. 고객사와 개발팀 사이에서 요구사항을 명확히 전달해 재작업을 크게 줄였습니다. 고객사 담당자와도 편하게 소통하는 친화력 덕분에 협의가 한결 수월했습니다. 다른 파트의 일정까지 살피며 먼저 도움을 제안해 팀 전체 속도를 끌어올렸습니다.,테스트 범위를 좁게 잡아 회귀 결함이 뒤늦게 발견된 적이 있었습니다. 또한 성실 측면도 보완하면 더 좋겠습니다.
R001200,2026H1,X-0087,DP0013,DP0072,2026-06-20,금융사 자 차세대 데이터 플랫폼 구축 업무에서 함께 일하며 많은 도움을 받았습니다. 막힌 이슈를 작은 단위로 쪼개 가설을 검증하는 방식으로 해결 시간을 크게 단축했습니다. 작업량을 현실적으로 추정해 일정 계획의 정확도를 높였습니다.,테스트 범위를 좁게 잡아 회귀 결함이 뒤늦게 발견된 적이 있었습니다. 또한 책임감 측면도 보완하면 더 좋겠습니다.
R001201,2026H1,X-0006,DP0056,DP0073,2026-06-20,금융사 바2 차세대 데이터 플랫폼 구축 업무에서 함께 일하며 많은 도움을 받았습니다. 맡은 메타데이터 설계 범위를 끝까지 책임지고 마무리해 팀이 일정 걱정 없이 다음 단계로 넘어갈 수 있었습니다. 기존 방식에 얽매이지 않는 대안을 제시해 메타데이터 설계의 처리 속도를 크게 개선했습니다.,"긴급 상황에서 우선순위 판단이 늦어 대응이 지연된 적이 있었습니다. 또한 적극성, 리더십 측면도 보완하면 더 좋겠습니다."
R001202,2026H1,X-0006,DP0066,DP0073,2026-06-20,금융사 바2 차세대 데이터 플랫폼 구축 업무에서 함께 일하며 많은 도움을 받았습니다. 신규 인원에게 업무 맥락을 차근차근 설명해 적응 기간을 크게 줄여 주었습니다.,테스트 범위를 좁게 잡아 회귀 결함이 뒤늦게 발견된 적이 있었습니다. 또한 위기대응 측면도 보완하면 더 좋겠습니다.
R001203,2026H1,X-0006,DP0028,DP0073,2026-06-20,금융사 바2 차세대 데이터 플랫폼 구축 수행 기간 동안 팀의 핵심 인력으로 활약했습니다. 변경 이력과 의사결정 배경을 꾸준히 기록해 고객 보고에 큰 도움이 되었습니다. AWS 노하우를 문서와 짧은 세션으로 공유해 팀 전체의 수준을 끌어올렸습니다.,"의견이 엇갈릴 때 방향을 정리해 주는 역할은 조금 더 기대됩니다. 또한 적극성, 위기대응 측면도 보완하면 더 좋겠습니다."
R001204,2026H1,X-0083,DP0009,DP0074,2026-06-20,금융사 사 차세대 데이터 플랫폼 구축 업무에서 함께 일하며 많은 도움을 받았습니다. 고객사와 개발팀 사이에서 요구사항을 명확히 전달해 재작업을 크게 줄였습니다.,"반복 점검 업무를 마감 직전까지 미루는 경우가 있어 꾸준함이 조금 아쉬웠습니다. 또한 리더십, 일정관리 측면도 보완하면 더 좋겠습니다."
R001205,2026H1,X-0055,DP0018,DP0074,2026-06-20,계열사 O 데이터 레이크 고도화 업무에서 함께 일하며 많은 도움을 받았습니다. 회의 때마다 쟁점을 쉽게 정리해 이해관계자들의 합의를 빠르게 이끌었습니다.,"긴급 상황에서 우선순위 판단이 늦어 대응이 지연된 적이 있었습니다. 또한 품질의식, 멘토링, 일정관리 측면도 보완하면 더 좋겠습니다."
R001206,2026H1,X-0055,DP0055,DP0074,2026-06-20,계열사 O 데이터 레이크 고도화 수행 기간 동안 팀의 핵심 인력으로 활약했습니다. 코드 리뷰에서 품질 기준을 일관되게 지켜 팀의 결과물 수준을 끌어올렸습니다. 회의 때마다 쟁점을 쉽게 정리해 이해관계자들의 합의를 빠르게 이끌었습니다. 고객의 모호한 요구를 단계별 실행 계획으로 정리해 범위 변경을 줄였습니다.,"기존 방식에 익숙해 새로운 대안을 검토하는 데는 소극적이었습니다. 또한 적극성, 멘토링 측면도 보완하면 더 좋겠습니다."
R001207,2026H1,X-0055,DP0075,DP0074,2026-06-20,계열사 O 데이터 레이크 고도화 업무에서 함께 일하며 많은 도움을 받았습니다. 검색엔진 노하우를 문서와 짧은 세션으로 공유해 팀 전체의 수준을 끌어올렸습니다. 운영 중 긴급 장애가 났을 때 침착하게 상황을 정리하고 복구를 주도했습니다. 고객사와 개발팀 사이에서 요구사항을 명확히 전달해 재작업을 크게 줄였습니다. 제약이 많은 상황에서도 새로운 접근을 찾아내 고객의 호평을 받았습니다.,테스트 범위를 좁게 잡아 회귀 결함이 뒤늦게 발견된 적이 있었습니다. 또한 일정관리 측면도 보완하면 더 좋겠습니다.
R001208,2026H1,X-0083,DP0079,DP0074,2026-06-20,금융사 사 차세대 데이터 플랫폼 구축을(를) 진행하는 동안 금융 고객 환경을 잘 이해하고 안정적으로 수행했습니다. 데이터·개발·운영 담당 사이의 연결고리 역할을 맡아 협업 병목을 풀어 주었습니다. 눈에 잘 띄지 않는 데이터 이관 작업도 성실하게 처리해 품질 기반을 다져 주었습니다.,주니어에게 피드백을 줄 때 이유 설명이 짧아 학습 효과가 제한적이었습니다. 또한 일정관리 측면도 보완하면 더 좋겠습니다.
R001209,2026H1,X-0055,DP0032,DP0075,2026-06-20,계열사 O 데이터 레이크 고도화 수행 기간 동안 팀의 핵심 인력으로 활약했습니다. 고객사와 개발팀 사이에서 요구사항을 명확히 전달해 재작업을 크게 줄였습니다. Private Cloud 분야의 깊은 전문성으로 설계 단계에서 기술적 리스크를 먼저 짚어 냈습니다.,장애 대응 시 임시 조치에 머무는 경우가 있어 근본 원인 분석까지 이어지면 좋겠습니다. 또한 멘토링 측면도 보완하면 더 좋겠습니다.
R001210,2026H1,X-0006,DP0046,DP0075,2026-06-20,금융사 바2 차세대 데이터 플랫폼 구축 수행 기간 동안 팀의 핵심 인력으로 활약했습니다. 처음 접한 Kubernetes도 짧은 시간에 익혀 바로 실무에 적용했습니다. 데이터·개발·운영 담당 사이의 연결고리 역할을 맡아 협업 병목을 풀어 주었습니다. 테스트 기준을 스스로 높게 잡아 운영 이관 후 장애가 거의 없었습니다.,반복 점검 업무를 마감 직전까지 미루는 경우가 있어 꾸준함이 조금 아쉬웠습니다.
R001211,2026H1,X-0030,DP0029,DP0075,2026-06-20,계열사 I 데이터 레이크 고도화을(를) 진행하는 동안 그룹사(대내) 고객 환경을 잘 이해하고 안정적으로 수행했습니다. 개선 아이디어를 적극적으로 제안하고 직접 시범 적용까지 해 보였습니다. 회의 때마다 쟁점을 쉽게 정리해 이해관계자들의 합의를 빠르게 이끌었습니다. 변경 이력과 의사결정 배경을 꾸준히 기록해 고객 보고에 큰 도움이 되었습니다. 제약이 많은 상황에서도 새로운 접근을 찾아내 고객의 호평을 받았습니다.,반복 점검 업무를 마감 직전까지 미루는 경우가 있어 꾸준함이 조금 아쉬웠습니다.
R001212,2026H1,X-0055,DP0074,DP0075,2026-06-20,계열사 O 데이터 레이크 고도화을(를) 진행하는 동안 그룹사(대내) 고객 환경을 잘 이해하고 안정적으로 수행했습니다. 코드 리뷰에서 품질 기준을 일관되게 지켜 팀의 결과물 수준을 끌어올렸습니다. 개선 아이디어를 적극적으로 제안하고 직접 시범 적용까지 해 보였습니다. Kubernetes 분야의 깊은 전문성으로 설계 단계에서 기술적 리스크를 먼저 짚어 냈습니다. 데이터·개발·운영 담당 사이의 연결고리 역할을 맡아 협업 병목을 풀어 주었습니다.,진행 상황 공유가 늦어 다른 담당자가 뒤늦게 파악하는 일이 있었습니다.
R001213,2026H1,X-0006,DP0049,DP0075,2026-06-20,금융사 바2 차세대 데이터 플랫폼 구축을(를) 진행하는 동안 금융 고객 환경을 잘 이해하고 안정적으로 수행했습니다. 새로운 요구가 생기면 먼저 손을 들고 나서서 초기 검토를 맡아 주었습니다. 테스트 기준을 스스로 높게 잡아 운영 이관 후 장애가 거의 없었습니다.,"반복 점검 업무를 마감 직전까지 미루는 경우가 있어 꾸준함이 조금 아쉬웠습니다. 또한 문제해결, 꼼꼼함 측면도 보완하면 더 좋겠습니다."
R001214,2026H1,X-0030,DP0085,DP0075,2026-06-20,계열사 I 데이터 레이크 고도화을(를) 진행하는 동안 그룹사(대내) 고객 환경을 잘 이해하고 안정적으로 수행했습니다. Data Lake & Data Catalog 분야의 깊은 전문성으로 설계 단계에서 기술적 리스크를 먼저 짚어 냈습니다. 테스트 기준을 스스로 높게 잡아 운영 이관 후 장애가 거의 없었습니다. 마일스톤별 위험 요소를 미리 관리해 배치 운영 일정을 한 번도 놓치지 않았습니다. 개선 아이디어를 적극적으로 제안하고 직접 시범 적용까지 해 보였습니다.,"진행 상황 공유가 늦어 다른 담당자가 뒤늦게 파악하는 일이 있었습니다. 또한 문제해결, 문서화 측면도 보완하면 더 좋겠습니다."
R001215,2026H1,X-0088,DP0044,DP0076,2026-06-20,계열사 T 데이터 거버넌스 구축 업무에서 함께 일하며 많은 도움을 받았습니다. 다른 파트의 일정까지 살피며 먼저 도움을 제안해 팀 전체 속도를 끌어올렸습니다. Spark 분야의 깊은 전문성으로 설계 단계에서 기술적 리스크를 먼저 짚어 냈습니다. 직접 겪은 시행착오를 정리해 공유해 다른 팀원들이 같은 실수를 피할 수 있었습니다.,새로운 과제에는 먼저 나서기보다 지켜보는 편이라 조금 더 적극적이면 좋겠습니다. 또한 고객대응 측면도 보완하면 더 좋겠습니다.
R001216,2026H1,X-0088,DP0041,DP0076,2026-06-20,계열사 T 데이터 거버넌스 구축을(를) 진행하는 동안 그룹사(대내) 고객 환경을 잘 이해하고 안정적으로 수행했습니다. 신규 인원에게 업무 맥락을 차근차근 설명해 적응 기간을 크게 줄여 주었습니다. 제약이 많은 상황에서도 새로운 접근을 찾아내 고객의 호평을 받았습니다. 새로운 요구가 생기면 먼저 손을 들고 나서서 초기 검토를 맡아 주었습니다.,알고 있는 노하우를 팀에 공유하는 빈도가 낮아 지식이 한 사람에게 몰렸습니다. 또한 일정관리 측면도 보완하면 더 좋겠습니다.
R001217,2026H1,X-0088,DP0031,DP0076,2026-06-20,계열사 T 데이터 거버넌스 구축 업무에서 함께 일하며 많은 도움을 받았습니다. 일정이 흔들릴 때 우선순위를 다시 세우고 팀을 안정적으로 이끌었습니다. 제약이 많은 상황에서도 새로운 접근을 찾아내 고객의 호평을 받았습니다. 다른 파트의 일정까지 살피며 먼저 도움을 제안해 팀 전체 속도를 끌어올렸습니다. 신규 인원에게 업무 맥락을 차근차근 설명해 적응 기간을 크게 줄여 주었습니다. 그 밖에도 적극성 측면에서 좋은 모습을 보였습니다.,다만 경계가 애매한 업무는 먼저 맡으려 하지 않는 경우가 있어 주인 의식을 조금 더 보여 주면 좋겠습니다.
R001218,2026H1,X-0082,DP0054,DP0077,2026-06-20,금융사 타 데이터 마트 구축 수행 기간 동안 팀의 핵심 인력으로 활약했습니다. 일정이 흔들릴 때 우선순위를 다시 세우고 팀을 안정적으로 이끌었습니다. 고객사와 개발팀 사이에서 요구사항을 명확히 전달해 재작업을 크게 줄였습니다. 문제가 생겼을 때 남에게 미루지 않고 본인 일처럼 책임지고 원인을 정리해 주었습니다.,"새로 합류한 인원과 거리감이 있어 초기 협업이 다소 더뎠습니다. 또한 멘토링, 품질의식 측면도 보완하면 더 좋겠습니다."
R001219,2026H1,X-0094,DP0032,DP0077,2026-06-20,계열사 S 데이터 거버넌스 구축 업무에서 함께 일하며 많은 도움을 받았습니다. 일정이 흔들릴 때 우선순위를 다시 세우고 팀을 안정적으로 이끌었습니다.,새로 합류한 인원과 거리감이 있어 초기 협업이 다소 더뎠습니다. 또한 기획력 측면도 보완하면 더 좋겠습니다.
R001220,2026H1,X-0094,DP0007,DP0077,2026-06-20,계열사 S 데이터 거버넌스 구축을(를) 진행하는 동안 그룹사(대내) 고객 환경을 잘 이해하고 안정적으로 수행했습니다. 배치 운영의 핵심 기능을 직접 설계하며 요구사항을 구조화하는 기획력이 돋보였습니다. 작업량을 현실적으로 추정해 일정 계획의 정확도를 높였습니다. 설계 의도와 운영 절차를 잘 정리해 두어 인수인계가 매끄러웠습니다. 데이터·개발·운영 담당 사이의 연결고리 역할을 맡아 협업 병목을 풀어 주었습니다.,주니어에게 피드백을 줄 때 이유 설명이 짧아 학습 효과가 제한적이었습니다. 또한 위기대응 측면도 보완하면 더 좋겠습니다.
R001221,2026H1,X-0001,DP0090,DP0078,2026-06-20,금융사 가2 비정형 문서 메타데이터 전환 수행 기간 동안 팀의 핵심 인력으로 활약했습니다. 일정이 크게 흔들린 시점에 대응 계획을 빠르게 세워 위기를 넘겼습니다. 기존 방식에 얽매이지 않는 대안을 제시해 메타데이터 설계의 처리 속도를 크게 개선했습니다.,요구사항을 구조화하기 전에 구현부터 시작하는 경우가 있어 사전 기획을 보완하면 좋겠습니다. 또한 적극성 측면도 보완하면 더 좋겠습니다.
R001222,2026H1,X-0017,DP0046,DP0078,2026-06-20,계열사 Q 데이터 레이크 고도화 수행 기간 동안 팀의 핵심 인력으로 활약했습니다. 처음 접한 Python도 짧은 시간에 익혀 바로 실무에 적용했습니다. 설계 의도와 운영 절차를 잘 정리해 두어 인수인계가 매끄러웠습니다. 일정이 크게 흔들린 시점에 대응 계획을 빠르게 세워 위기를 넘겼습니다.,"반복 점검 업무를 마감 직전까지 미루는 경우가 있어 꾸준함이 조금 아쉬웠습니다. 또한 고객대응, 꼼꼼함 측면도 보완하면 더 좋겠습니다."
R001223,2026H1,X-0017,DP0035,DP0078,2026-06-20,계열사 Q 데이터 레이크 고도화 수행 기간 동안 팀의 핵심 인력으로 활약했습니다. 막힌 이슈를 작은 단위로 쪼개 가설을 검증하는 방식으로 해결 시간을 크게 단축했습니다. 기존 방식에 얽매이지 않는 대안을 제시해 카탈로그 구축의 처리 속도를 크게 개선했습니다. 운영 중 긴급 장애가 났을 때 침착하게 상황을 정리하고 복구를 주도했습니다.,세부 설정값 검토가 빠져 배포 후 수정이 생긴 적이 있었습니다.
R001224,2026H1,X-0060,DP0012,DP0078,2026-06-20,공공기관 기 공공데이터 개방 플랫폼 구축 업무에서 함께 일하며 많은 도움을 받았습니다. 일정이 크게 흔들린 시점에 대응 계획을 빠르게 세워 위기를 넘겼습니다.,"고객의 갑작스러운 요청에 방어적으로 대응해 협의가 길어진 적이 있었습니다. 또한 친화력, 성실, 꼼꼼함 측면도 보완하면 더 좋겠습니다."
R001225,2026H1,X-0017,DP0030,DP0078,2026-06-20,계열사 Q 데이터 레이크 고도화 수행 기간 동안 팀의 핵심 인력으로 활약했습니다. 신규 인원에게 업무 맥락을 차근차근 설명해 적응 기간을 크게 줄여 주었습니다. 고객의 급한 요청에도 차분하게 대응해 신뢰를 얻었고 추가 요구 협상도 잘 이끌었습니다.,"새로운 과제에는 먼저 나서기보다 지켜보는 편이라 조금 더 적극적이면 좋겠습니다. 또한 성실, 꼼꼼함 측면도 보완하면 더 좋겠습니다."
R001226,2026H1,X-0083,DP0012,DP0079,2026-06-20,금융사 사 차세대 데이터 플랫폼 구축 업무에서 함께 일하며 많은 도움을 받았습니다. 마일스톤별 위험 요소를 미리 관리해 데이터 이관 일정을 한 번도 놓치지 않았습니다. 다른 파트의 일정까지 살피며 먼저 도움을 제안해 팀 전체 속도를 끌어올렸습니다. 새 도메인 지식을 빠르게 흡수해 투입 초기부터 제 몫을 해냈습니다.,테스트 범위를 좁게 잡아 회귀 결함이 뒤늦게 발견된 적이 있었습니다. 또한 친화력 측면도 보완하면 더 좋겠습니다.
R001227,2026H1,X-0083,DP0014,DP0079,2026-06-20,금융사 사 차세대 데이터 플랫폼 구축 업무에서 함께 일하며 많은 도움을 받았습니다. 설계 의도와 운영 절차를 잘 정리해 두어 인수인계가 매끄러웠습니다. 주니어의 코드 리뷰에 이유까지 설명해 주어 팀의 성장에 기여했습니다.,"장애 대응 시 임시 조치에 머무는 경우가 있어 근본 원인 분석까지 이어지면 좋겠습니다. 또한 위기대응, 일정관리 측면도 보완하면 더 좋겠습니다."
R001228,2026H1,X-0083,DP0068,DP0079,2026-06-20,금융사 사 차세대 데이터 플랫폼 구축 수행 기간 동안 팀의 핵심 인력으로 활약했습니다. 설계 의도와 운영 절차를 잘 정리해 두어 인수인계가 매끄러웠습니다. 처음 접한 Text Analysis도 짧은 시간에 익혀 바로 실무에 적용했습니다. 작업량을 현실적으로 추정해 일정 계획의 정확도를 높였습니다.,장애 대응 시 임시 조치에 머무는 경우가 있어 근본 원인 분석까지 이어지면 좋겠습니다.
R001229,2026H1,X-0001,DP0057,DP0080,2026-06-20,금융사 가2 비정형 문서 메타데이터 전환 수행 기간 동안 팀의 핵심 인력으로 활약했습니다. 새로운 요구가 생기면 먼저 손을 들고 나서서 초기 검토를 맡아 주었습니다.,"진행 상황 공유가 늦어 다른 담당자가 뒤늦게 파악하는 일이 있었습니다. 또한 기술공유, 책임감, 기획력 측면도 보완하면 더 좋겠습니다."
R001230,2026H1,X-0001,DP0094,DP0080,2026-06-20,금융사 가2 비정형 문서 메타데이터 전환 수행 기간 동안 팀의 핵심 인력으로 활약했습니다. 일정이 흔들릴 때 우선순위를 다시 세우고 팀을 안정적으로 이끌었습니다.,요구사항을 구조화하기 전에 구현부터 시작하는 경우가 있어 사전 기획을 보완하면 좋겠습니다. 또한 멘토링 측면도 보완하면 더 좋겠습니다.
R001231,2026H1,X-0001,DP0001,DP0080,2026-06-20,금융사 가2 비정형 문서 메타데이터 전환 업무에서 함께 일하며 많은 도움을 받았습니다. 핵심 담당자으로서 팀원 각자의 역량을 파악해 일을 배분하고 끝까지 이끄는 리더십이 뛰어났습니다. 일정이 크게 흔들린 시점에 대응 계획을 빠르게 세워 위기를 넘겼습니다.,"장애 대응 시 임시 조치에 머무는 경우가 있어 근본 원인 분석까지 이어지면 좋겠습니다. 또한 기획력, 책임감 측면도 보완하면 더 좋겠습니다."
R001232,2026H1,X-0001,DP0057,DP0081,2026-06-20,금융사 가2 비정형 문서 메타데이터 전환 수행 기간 동안 팀의 핵심 인력으로 활약했습니다. 검수 체크리스트를 촘촘하게 운영해 고객 검수에서 지적이 거의 나오지 않았습니다.,"요구사항을 구조화하기 전에 구현부터 시작하는 경우가 있어 사전 기획을 보완하면 좋겠습니다. 또한 일정관리, 협업, 적극성 측면도 보완하면 더 좋겠습니다."
R001233,2026H1,X-0001,DP0053,DP0081,2026-06-20,금융사 가2 비정형 문서 메타데이터 전환 업무에서 함께 일하며 많은 도움을 받았습니다. 메타데이터 설계 중 발생한 복합 장애의 근본 원인을 빠르게 찾아 재발 방지책까지 마련했습니다. 테스트 기준을 스스로 높게 잡아 운영 이관 후 장애가 거의 없었습니다.,"Text Analysis 심화 영역에서는 판단 근거가 부족한 경우가 있어 추가 학습이 필요해 보입니다. 또한 학습력, 기획력, 협업 측면도 보완하면 더 좋겠습니다."
R001234,2026H1,X-0001,DP0014,DP0081,2026-06-20,금융사 가2 비정형 문서 메타데이터 전환 수행 기간 동안 팀의 핵심 인력으로 활약했습니다. 운영 중 긴급 장애가 났을 때 침착하게 상황을 정리하고 복구를 주도했습니다. 검수 체크리스트를 촘촘하게 운영해 고객 검수에서 지적이 거의 나오지 않았습니다.,작업량 추정이 낙관적이어서 일정이 밀린 적이 몇 번 있었습니다. 또한 기획력 측면도 보완하면 더 좋겠습니다.
R001235,2026H1,X-0001,DP0081,DP0082,2026-06-20,금융사 가2 비정형 문서 메타데이터 전환을(를) 진행하는 동안 금융 고객 환경을 잘 이해하고 안정적으로 수행했습니다. 고객의 급한 요청에도 차분하게 대응해 신뢰를 얻었고 추가 요구 협상도 잘 이끌었습니다.,"새 기술 도입에 시간이 다소 걸려 초기 일정에 부담이 있었습니다. 또한 문제해결, 리더십, 창의성, 멘토링 측면도 보완하면 더 좋겠습니다."
R001236,2026H1,X-0001,DP0091,DP0082,2026-06-20,금융사 가2 비정형 문서 메타데이터 전환 업무에서 함께 일하며 많은 도움을 받았습니다. 직접 겪은 시행착오를 정리해 공유해 다른 팀원들이 같은 실수를 피할 수 있었습니다. 문제가 생겼을 때 남에게 미루지 않고 본인 일처럼 책임지고 원인을 정리해 주었습니다.,Python 심화 영역에서는 판단 근거가 부족한 경우가 있어 추가 학습이 필요해 보입니다. 또한 꼼꼼함 측면도 보완하면 더 좋겠습니다.
R001237,2026H1,X-0001,DP0080,DP0082,2026-06-20,금융사 가2 비정형 문서 메타데이터 전환 수행 기간 동안 팀의 핵심 인력으로 활약했습니다. 문제가 생겼을 때 남에게 미루지 않고 본인 일처럼 책임지고 원인을 정리해 주었습니다. 고객의 급한 요청에도 차분하게 대응해 신뢰를 얻었고 추가 요구 협상도 잘 이끌었습니다. 코드 리뷰에서 품질 기준을 일관되게 지켜 팀의 결과물 수준을 끌어올렸습니다. 고객사와 개발팀 사이에서 요구사항을 명확히 전달해 재작업을 크게 줄였습니다.,ETL 심화 영역에서는 판단 근거가 부족한 경우가 있어 추가 학습이 필요해 보입니다. 또한 학습력 측면도 보완하면 더 좋겠습니다.
R001238,2026H1,X-0084,DP0044,DP0083,2026-06-20,계열사 X 데이터 레이크 고도화 업무에서 함께 일하며 많은 도움을 받았습니다. 테스트 기준을 스스로 높게 잡아 운영 이관 후 장애가 거의 없었습니다. 메타데이터 관리 분야의 깊은 전문성으로 설계 단계에서 기술적 리스크를 먼저 짚어 냈습니다.,알고 있는 노하우를 팀에 공유하는 빈도가 낮아 지식이 한 사람에게 몰렸습니다. 또한 친화력 측면도 보완하면 더 좋겠습니다.
R001239,2026H1,X-0004,DP0073,DP0083,2026-06-20,계열사 N 데이터 거버넌스 구축 업무에서 함께 일하며 많은 도움을 받았습니다. 작업량을 현실적으로 추정해 일정 계획의 정확도를 높였습니다.,세부 설정값 검토가 빠져 배포 후 수정이 생긴 적이 있었습니다. 또한 기획력 측면도 보완하면 더 좋겠습니다.
R001240,2026H1,X-0084,DP0017,DP0083,2026-06-20,계열사 X 데이터 레이크 고도화을(를) 진행하는 동안 그룹사(대내) 고객 환경을 잘 이해하고 안정적으로 수행했습니다. 메타데이터 관리 노하우를 문서와 짧은 세션으로 공유해 팀 전체의 수준을 끌어올렸습니다. 주니어의 코드 리뷰에 이유까지 설명해 주어 팀의 성장에 기여했습니다.,테스트 범위를 좁게 잡아 회귀 결함이 뒤늦게 발견된 적이 있었습니다. 또한 기획력 측면도 보완하면 더 좋겠습니다.
R001241,2026H1,X-0084,DP0012,DP0083,2026-06-20,계열사 X 데이터 레이크 고도화을(를) 진행하는 동안 그룹사(대내) 고객 환경을 잘 이해하고 안정적으로 수행했습니다. 처음 합류한 인원들과도 금방 어울려 팀 분위기를 부드럽게 만들어 주었습니다.,요구사항을 구조화하기 전에 구현부터 시작하는 경우가 있어 사전 기획을 보완하면 좋겠습니다.
R001242,2026H1,X-0087,DP0093,DP0084,2026-06-20,금융사 자 차세대 데이터 플랫폼 구축 업무에서 함께 일하며 많은 도움을 받았습니다. 코드 리뷰에서 품질 기준을 일관되게 지켜 팀의 결과물 수준을 끌어올렸습니다. 기존 방식에 얽매이지 않는 대안을 제시해 적재 파이프라인의 처리 속도를 크게 개선했습니다. 적재 파이프라인의 핵심 기능을 직접 설계하며 요구사항을 구조화하는 기획력이 돋보였습니다.,새로운 과제에는 먼저 나서기보다 지켜보는 편이라 조금 더 적극적이면 좋겠습니다. 또한 친화력 측면도 보완하면 더 좋겠습니다.
R001243,2026H1,X-0088,DP0028,DP0084,2026-06-20,계열사 T 데이터 거버넌스 구축 수행 기간 동안 팀의 핵심 인력으로 활약했습니다. 눈에 잘 띄지 않는 데이터 표준화 작업도 성실하게 처리해 품질 기반을 다져 주었습니다. 데이터·개발·운영 담당 사이의 연결고리 역할을 맡아 협업 병목을 풀어 주었습니다.,작업량 추정이 낙관적이어서 일정이 밀린 적이 몇 번 있었습니다. 또한 책임감 측면도 보완하면 더 좋겠습니다.
R001244,2026H1,X-0088,DP0076,DP0084,2026-06-20,계열사 T 데이터 거버넌스 구축 수행 기간 동안 팀의 핵심 인력으로 활약했습니다. 제약이 많은 상황에서도 새로운 접근을 찾아내 고객의 호평을 받았습니다. 마일스톤별 위험 요소를 미리 관리해 데이터 표준화 일정을 한 번도 놓치지 않았습니다. 코드 리뷰에서 품질 기준을 일관되게 지켜 팀의 결과물 수준을 끌어올렸습니다. 눈에 잘 띄지 않는 데이터 표준화 작업도 성실하게 처리해 품질 기반을 다져 주었습니다.,새로 합류한 인원과 거리감이 있어 초기 협업이 다소 더뎠습니다.
R001245,2026H1,X-0088,DP0002,DP0084,2026-06-20,계열사 T 데이터 거버넌스 구축을(를) 진행하는 동안 그룹사(대내) 고객 환경을 잘 이해하고 안정적으로 수행했습니다. 변경 이력과 의사결정 배경을 꾸준히 기록해 고객 보고에 큰 도움이 되었습니다.,새 기술 도입에 시간이 다소 걸려 초기 일정에 부담이 있었습니다.
R001246,2026H1,X-0088,DP0097,DP0084,2026-06-20,계열사 T 데이터 거버넌스 구축 수행 기간 동안 팀의 핵심 인력으로 활약했습니다. 변경 이력과 의사결정 배경을 꾸준히 기록해 고객 보고에 큰 도움이 되었습니다. 새 도메인 지식을 빠르게 흡수해 투입 초기부터 제 몫을 해냈습니다.,"작업량 추정이 낙관적이어서 일정이 밀린 적이 몇 번 있었습니다. 또한 꼼꼼함, 적극성 측면도 보완하면 더 좋겠습니다."
R001247,2026H1,X-0030,DP0039,DP0085,2026-06-20,계열사 I 데이터 레이크 고도화을(를) 진행하는 동안 그룹사(대내) 고객 환경을 잘 이해하고 안정적으로 수행했습니다. 코드 리뷰에서 품질 기준을 일관되게 지켜 팀의 결과물 수준을 끌어올렸습니다. 작업량을 현실적으로 추정해 일정 계획의 정확도를 높였습니다.,알고 있는 노하우를 팀에 공유하는 빈도가 낮아 지식이 한 사람에게 몰렸습니다.
R001248,2026H1,X-0030,DP0075,DP0085,2026-06-20,계열사 I 데이터 레이크 고도화 수행 기간 동안 팀의 핵심 인력으로 활약했습니다. Python 분야의 깊은 전문성으로 설계 단계에서 기술적 리스크를 먼저 짚어 냈습니다. 주니어의 코드 리뷰에 이유까지 설명해 주어 팀의 성장에 기여했습니다.,반복 점검 업무를 마감 직전까지 미루는 경우가 있어 꾸준함이 조금 아쉬웠습니다. 또한 품질의식 측면도 보완하면 더 좋겠습니다.
R001249,2026H1,X-0017,DP0035,DP0085,2026-06-20,계열사 Q 데이터 레이크 고도화 수행 기간 동안 팀의 핵심 인력으로 활약했습니다. 제약이 많은 상황에서도 새로운 접근을 찾아내 고객의 호평을 받았습니다. 카탈로그 구축 중 발생한 복합 장애의 근본 원인을 빠르게 찾아 재발 방지책까지 마련했습니다. 변경 이력과 의사결정 배경을 꾸준히 기록해 고객 보고에 큰 도움이 되었습니다. 주니어의 코드 리뷰에 이유까지 설명해 주어 팀의 성장에 기여했습니다. 그 밖에도 고객대응 측면에서 좋은 모습을 보였습니다.,테스트 범위를 좁게 잡아 회귀 결함이 뒤늦게 발견된 적이 있었습니다. 또한 성실 측면도 보완하면 더 좋겠습니다.
R001250,2026H1,X-0030,DP0055,DP0085,2026-06-20,계열사 I 데이터 레이크 고도화 수행 기간 동안 팀의 핵심 인력으로 활약했습니다. 제약이 많은 상황에서도 새로운 접근을 찾아내 고객의 호평을 받았습니다. 고객의 급한 요청에도 차분하게 대응해 신뢰를 얻었고 추가 요구 협상도 잘 이끌었습니다. 변경 이력과 의사결정 배경을 꾸준히 기록해 고객 보고에 큰 도움이 되었습니다.,알고 있는 노하우를 팀에 공유하는 빈도가 낮아 지식이 한 사람에게 몰렸습니다.
R001251,2026H1,X-0017,DP0078,DP0085,2026-06-20,계열사 Q 데이터 레이크 고도화을(를) 진행하는 동안 그룹사(대내) 고객 환경을 잘 이해하고 안정적으로 수행했습니다. 설계 의도와 운영 절차를 잘 정리해 두어 인수인계가 매끄러웠습니다. 고객사 현업 담당자의 불만을 경청하고 대안을 제시해 관계를 개선했습니다.,테스트 범위를 좁게 잡아 회귀 결함이 뒤늦게 발견된 적이 있었습니다. 또한 소통 측면도 보완하면 더 좋겠습니다.
R001252,2026H1,X-0094,DP0016,DP0086,2026-06-20,계열사 S 데이터 거버넌스 구축 수행 기간 동안 팀의 핵심 인력으로 활약했습니다. 데이터·개발·운영 담당 사이의 연결고리 역할을 맡아 협업 병목을 풀어 주었습니다. 테스트 기준을 스스로 높게 잡아 운영 이관 후 장애가 거의 없었습니다. 메타데이터 관리 분야의 깊은 전문성으로 설계 단계에서 기술적 리스크를 먼저 짚어 냈습니다.,새로 합류한 인원과 거리감이 있어 초기 협업이 다소 더뎠습니다. 또한 고객대응 측면도 보완하면 더 좋겠습니다.
R001253,2026H1,X-0094,DP0047,DP0086,2026-06-20,계열사 S 데이터 거버넌스 구축 업무에서 함께 일하며 많은 도움을 받았습니다. 코드 리뷰에서 품질 기준을 일관되게 지켜 팀의 결과물 수준을 끌어올렸습니다. 개선 아이디어를 적극적으로 제안하고 직접 시범 적용까지 해 보였습니다.,세부 설정값 검토가 빠져 배포 후 수정이 생긴 적이 있었습니다. 또한 리더십 측면도 보완하면 더 좋겠습니다.
R001254,2026H1,X-0094,DP0026,DP0086,2026-06-20,계열사 S 데이터 거버넌스 구축을(를) 진행하는 동안 그룹사(대내) 고객 환경을 잘 이해하고 안정적으로 수행했습니다. Python 관련 이슈가 생길 때마다 정확한 판단으로 해결 방향을 제시해 팀의 기준점이 되었습니다. 설계 의도와 운영 절차를 잘 정리해 두어 인수인계가 매끄러웠습니다. 테스트 기준을 스스로 높게 잡아 운영 이관 후 장애가 거의 없었습니다.,새로 합류한 인원과 거리감이 있어 초기 협업이 다소 더뎠습니다.
R001255,2026H1,X-0094,DP0072,DP0086,2026-06-20,계열사 S 데이터 거버넌스 구축 업무에서 함께 일하며 많은 도움을 받았습니다. 개선 아이디어를 적극적으로 제안하고 직접 시범 적용까지 해 보였습니다. 신규 인원에게 업무 맥락을 차근차근 설명해 적응 기간을 크게 줄여 주었습니다.,"고객의 갑작스러운 요청에 방어적으로 대응해 협의가 길어진 적이 있었습니다. 또한 리더십, 위기대응 측면도 보완하면 더 좋겠습니다."
R001256,2026H1,X-0004,DP0080,DP0087,2026-06-20,계열사 N 데이터 거버넌스 구축을(를) 진행하는 동안 그룹사(대내) 고객 환경을 잘 이해하고 안정적으로 수행했습니다. 주니어의 코드 리뷰에 이유까지 설명해 주어 팀의 성장에 기여했습니다. 기존 방식에 얽매이지 않는 대안을 제시해 데이터 표준화의 처리 속도를 크게 개선했습니다. 처음 접한 데이터 모델링도 짧은 시간에 익혀 바로 실무에 적용했습니다. 회의 때마다 쟁점을 쉽게 정리해 이해관계자들의 합의를 빠르게 이끌었습니다. 그 밖에도 기술공유 측면에서 좋은 모습을 보였습니다.,요구사항을 구조화하기 전에 구현부터 시작하는 경우가 있어 사전 기획을 보완하면 좋겠습니다.
R001257,2026H1,X-0004,DP0001,DP0087,2026-06-20,계열사 N 데이터 거버넌스 구축 수행 기간 동안 팀의 핵심 인력으로 활약했습니다. 데이터·개발·운영 담당 사이의 연결고리 역할을 맡아 협업 병목을 풀어 주었습니다. 고객의 급한 요청에도 차분하게 대응해 신뢰를 얻었고 추가 요구 협상도 잘 이끌었습니다. 새 도메인 지식을 빠르게 흡수해 투입 초기부터 제 몫을 해냈습니다. 제약이 많은 상황에서도 새로운 접근을 찾아내 고객의 호평을 받았습니다. 그 밖에도 기술공유 측면에서 좋은 모습을 보였습니다.,반복 점검 업무를 마감 직전까지 미루는 경우가 있어 꾸준함이 조금 아쉬웠습니다.
R001258,2026H1,X-0004,DP0073,DP0087,2026-06-20,계열사 N 데이터 거버넌스 구축 수행 기간 동안 팀의 핵심 인력으로 활약했습니다. 막힌 이슈를 작은 단위로 쪼개 가설을 검증하는 방식으로 해결 시간을 크게 단축했습니다. 기존 방식에 얽매이지 않는 대안을 제시해 데이터 표준화의 처리 속도를 크게 개선했습니다. 눈에 잘 띄지 않는 데이터 표준화 작업도 성실하게 처리해 품질 기반을 다져 주었습니다.,"긴급 상황에서 우선순위 판단이 늦어 대응이 지연된 적이 있었습니다. 또한 고객대응, 기획력 측면도 보완하면 더 좋겠습니다."
R001259,2026H1,X-0020,DP0081,DP0088,2026-06-20,공공기관 무 공공데이터 개방 플랫폼 구축 수행 기간 동안 팀의 핵심 인력으로 활약했습니다. 작업량을 현실적으로 추정해 일정 계획의 정확도를 높였습니다.,"새로운 과제에는 먼저 나서기보다 지켜보는 편이라 조금 더 적극적이면 좋겠습니다. 또한 전문성, 꼼꼼함, 문제해결 측면도 보완하면 더 좋겠습니다."
R001260,2026H1,X-0020,DP0043,DP0088,2026-06-20,공공기관 무 공공데이터 개방 플랫폼 구축 업무에서 함께 일하며 많은 도움을 받았습니다. 테스트 기준을 스스로 높게 잡아 운영 이관 후 장애가 거의 없었습니다. 맡은 데이터 정제 범위를 끝까지 책임지고 마무리해 팀이 일정 걱정 없이 다음 단계로 넘어갈 수 있었습니다.,진행 상황 공유가 늦어 다른 담당자가 뒤늦게 파악하는 일이 있었습니다. 또한 기획력 측면도 보완하면 더 좋겠습니다.
R001261,2026H1,X-0088,DP0097,DP0088,2026-06-20,계열사 T 데이터 거버넌스 구축을(를) 진행하는 동안 그룹사(대내) 고객 환경을 잘 이해하고 안정적으로 수행했습니다. 주니어의 코드 리뷰에 이유까지 설명해 주어 팀의 성장에 기여했습니다. 코드 리뷰에서 품질 기준을 일관되게 지켜 팀의 결과물 수준을 끌어올렸습니다.,진행 상황 공유가 늦어 다른 담당자가 뒤늦게 파악하는 일이 있었습니다.
R001262,2026H1,X-0088,DP0028,DP0088,2026-06-20,계열사 T 데이터 거버넌스 구축 업무에서 함께 일하며 많은 도움을 받았습니다. 작업량을 현실적으로 추정해 일정 계획의 정확도를 높였습니다.,새로운 과제에는 먼저 나서기보다 지켜보는 편이라 조금 더 적극적이면 좋겠습니다.
R001263,2026H1,X-0020,DP0019,DP0088,2026-06-20,공공기관 무 공공데이터 개방 플랫폼 구축 업무에서 함께 일하며 많은 도움을 받았습니다. 직접 겪은 시행착오를 정리해 공유해 다른 팀원들이 같은 실수를 피할 수 있었습니다. 주니어의 코드 리뷰에 이유까지 설명해 주어 팀의 성장에 기여했습니다. 코드 리뷰에서 품질 기준을 일관되게 지켜 팀의 결과물 수준을 끌어올렸습니다. 작업량을 현실적으로 추정해 일정 계획의 정확도를 높였습니다.,새로운 과제에는 먼저 나서기보다 지켜보는 편이라 조금 더 적극적이면 좋겠습니다. 또한 리더십 측면도 보완하면 더 좋겠습니다.
R001264,2026H1,X-0020,DP0070,DP0088,2026-06-20,공공기관 무 공공데이터 개방 플랫폼 구축 수행 기간 동안 팀의 핵심 인력으로 활약했습니다. 문제가 생겼을 때 남에게 미루지 않고 본인 일처럼 책임지고 원인을 정리해 주었습니다. 고객사와 개발팀 사이에서 요구사항을 명확히 전달해 재작업을 크게 줄였습니다. 직접 겪은 시행착오를 정리해 공유해 다른 팀원들이 같은 실수를 피할 수 있었습니다.,"새 기술 도입에 시간이 다소 걸려 초기 일정에 부담이 있었습니다. 또한 문제해결, 협업 측면도 보완하면 더 좋겠습니다."
R001265,2026H1,X-0084,DP0083,DP0089,2026-06-20,계열사 X 데이터 레이크 고도화을(를) 진행하는 동안 그룹사(대내) 고객 환경을 잘 이해하고 안정적으로 수행했습니다. 변경 이력과 의사결정 배경을 꾸준히 기록해 고객 보고에 큰 도움이 되었습니다. 막힌 이슈를 작은 단위로 쪼개 가설을 검증하는 방식으로 해결 시간을 크게 단축했습니다. 직접 겪은 시행착오를 정리해 공유해 다른 팀원들이 같은 실수를 피할 수 있었습니다. 일정이 흔들릴 때 우선순위를 다시 세우고 팀을 안정적으로 이끌었습니다.,고객의 갑작스러운 요청에 방어적으로 대응해 협의가 길어진 적이 있었습니다. 또한 학습력 측면도 보완하면 더 좋겠습니다.
R001266,2026H1,X-0083,DP0009,DP0089,2026-06-20,금융사 사 차세대 데이터 플랫폼 구축을(를) 진행하는 동안 금융 고객 환경을 잘 이해하고 안정적으로 수행했습니다. 직접 겪은 시행착오를 정리해 공유해 다른 팀원들이 같은 실수를 피할 수 있었습니다. 운영 중 긴급 장애가 났을 때 침착하게 상황을 정리하고 복구를 주도했습니다. 제약이 많은 상황에서도 새로운 접근을 찾아내 고객의 호평을 받았습니다. 고객의 모호한 요구를 단계별 실행 계획으로 정리해 범위 변경을 줄였습니다.,"고객의 갑작스러운 요청에 방어적으로 대응해 협의가 길어진 적이 있었습니다. 또한 꼼꼼함, 소통 측면도 보완하면 더 좋겠습니다."
R001267,2026H1,X-0083,DP0015,DP0089,2026-06-20,금융사 사 차세대 데이터 플랫폼 구축을(를) 진행하는 동안 금융 고객 환경을 잘 이해하고 안정적으로 수행했습니다. 제약이 많은 상황에서도 새로운 접근을 찾아내 고객의 호평을 받았습니다. 직접 겪은 시행착오를 정리해 공유해 다른 팀원들이 같은 실수를 피할 수 있었습니다. 막힌 이슈를 작은 단위로 쪼개 가설을 검증하는 방식으로 해결 시간을 크게 단축했습니다.,새로 합류한 인원과 거리감이 있어 초기 협업이 다소 더뎠습니다. 또한 리더십 측면도 보완하면 더 좋겠습니다.
R001268,2026H1,X-0083,DP0040,DP0089,2026-06-20,금융사 사 차세대 데이터 플랫폼 구축을(를) 진행하는 동안 금융 고객 환경을 잘 이해하고 안정적으로 수행했습니다. 고객의 모호한 요구를 단계별 실행 계획으로 정리해 범위 변경을 줄였습니다. 메타데이터 관리 노하우를 문서와 짧은 세션으로 공유해 팀 전체의 수준을 끌어올렸습니다.,새 기술 도입에 시간이 다소 걸려 초기 일정에 부담이 있었습니다. 또한 친화력 측면도 보완하면 더 좋겠습니다.
R001269,2026H1,X-0083,DP0094,DP0089,2026-06-20,금융사 사 차세대 데이터 플랫폼 구축 수행 기간 동안 팀의 핵심 인력으로 활약했습니다. 고객의 모호한 요구를 단계별 실행 계획으로 정리해 범위 변경을 줄였습니다. 운영 중 긴급 장애가 났을 때 침착하게 상황을 정리하고 복구를 주도했습니다. 데이터 이관 중 발생한 복합 장애의 근본 원인을 빠르게 찾아 재발 방지책까지 마련했습니다. 데이터 모델링 노하우를 문서와 짧은 세션으로 공유해 팀 전체의 수준을 끌어올렸습니다.,고객의 갑작스러운 요청에 방어적으로 대응해 협의가 길어진 적이 있었습니다.
R001270,2026H1,X-0083,DP0091,DP0089,2026-06-20,금융사 사 차세대 데이터 플랫폼 구축 업무에서 함께 일하며 많은 도움을 받았습니다. 일정이 크게 흔들린 시점에 대응 계획을 빠르게 세워 위기를 넘겼습니다. 메타데이터 관리 노하우를 문서와 짧은 세션으로 공유해 팀 전체의 수준을 끌어올렸습니다. 데이터 이관 중 발생한 복합 장애의 근본 원인을 빠르게 찾아 재발 방지책까지 마련했습니다.,"세부 설정값 검토가 빠져 배포 후 수정이 생긴 적이 있었습니다. 또한 친화력, 멘토링 측면도 보완하면 더 좋겠습니다."
R001271,2026H1,X-0001,DP0014,DP0090,2026-06-20,금융사 가2 비정형 문서 메타데이터 전환을(를) 진행하는 동안 금융 고객 환경을 잘 이해하고 안정적으로 수행했습니다. 주니어의 코드 리뷰에 이유까지 설명해 주어 팀의 성장에 기여했습니다.,반복 점검 업무를 마감 직전까지 미루는 경우가 있어 꾸준함이 조금 아쉬웠습니다. 또한 적극성 측면도 보완하면 더 좋겠습니다.
R001272,2026H1,X-0001,DP0036,DP0090,2026-06-20,금융사 가2 비정형 문서 메타데이터 전환 수행 기간 동안 팀의 핵심 인력으로 활약했습니다. 마일스톤별 위험 요소를 미리 관리해 메타데이터 설계 일정을 한 번도 놓치지 않았습니다.,반복 점검 업무를 마감 직전까지 미루는 경우가 있어 꾸준함이 조금 아쉬웠습니다. 또한 문제해결 측면도 보완하면 더 좋겠습니다.
R001273,2026H1,X-0001,DP0057,DP0090,2026-06-20,금융사 가2 비정형 문서 메타데이터 전환 수행 기간 동안 팀의 핵심 인력으로 활약했습니다. 데이터·개발·운영 담당 사이의 연결고리 역할을 맡아 협업 병목을 풀어 주었습니다. 주니어의 코드 리뷰에 이유까지 설명해 주어 팀의 성장에 기여했습니다.,"긴급 상황에서 우선순위 판단이 늦어 대응이 지연된 적이 있었습니다. 또한 소통, 문제해결 측면도 보완하면 더 좋겠습니다."
R001274,2026H1,X-0083,DP0040,DP0090,2026-06-20,금융사 사 차세대 데이터 플랫폼 구축 수행 기간 동안 팀의 핵심 인력으로 활약했습니다. 새로운 요구가 생기면 먼저 손을 들고 나서서 초기 검토를 맡아 주었습니다.,세부 설정값 검토가 빠져 배포 후 수정이 생긴 적이 있었습니다. 또한 고객대응 측면도 보완하면 더 좋겠습니다.
R001275,2026H1,X-0001,DP0001,DP0090,2026-06-20,금융사 가2 비정형 문서 메타데이터 전환을(를) 진행하는 동안 금융 고객 환경을 잘 이해하고 안정적으로 수행했습니다. 데이터·개발·운영 담당 사이의 연결고리 역할을 맡아 협업 병목을 풀어 주었습니다. 주니어의 코드 리뷰에 이유까지 설명해 주어 팀의 성장에 기여했습니다.,고객의 갑작스러운 요청에 방어적으로 대응해 협의가 길어진 적이 있었습니다.
R001276,2026H1,X-0083,DP0009,DP0090,2026-06-20,금융사 사 차세대 데이터 플랫폼 구축을(를) 진행하는 동안 금융 고객 환경을 잘 이해하고 안정적으로 수행했습니다. 막힌 이슈를 작은 단위로 쪼개 가설을 검증하는 방식으로 해결 시간을 크게 단축했습니다.,다만 경계가 애매한 업무는 먼저 맡으려 하지 않는 경우가 있어 주인 의식을 조금 더 보여 주면 좋겠습니다. 또한 멘토링 측면도 보완하면 더 좋겠습니다.
R001277,2026H1,X-0001,DP0050,DP0091,2026-06-20,금융사 가2 비정형 문서 메타데이터 전환을(를) 진행하는 동안 금융 고객 환경을 잘 이해하고 안정적으로 수행했습니다. 고객사 담당자와도 편하게 소통하는 친화력 덕분에 협의가 한결 수월했습니다. 일정이 흔들릴 때 우선순위를 다시 세우고 팀을 안정적으로 이끌었습니다.,긴급 상황에서 우선순위 판단이 늦어 대응이 지연된 적이 있었습니다.
R001278,2026H1,X-0083,DP0089,DP0091,2026-06-20,금융사 사 차세대 데이터 플랫폼 구축 수행 기간 동안 팀의 핵심 인력으로 활약했습니다. 데이터 이관 중 발생한 복합 장애의 근본 원인을 빠르게 찾아 재발 방지책까지 마련했습니다. 코드 리뷰에서 품질 기준을 일관되게 지켜 팀의 결과물 수준을 끌어올렸습니다. 새 도메인 지식을 빠르게 흡수해 투입 초기부터 제 몫을 해냈습니다. 회의 때마다 쟁점을 쉽게 정리해 이해관계자들의 합의를 빠르게 이끌었습니다.,Python 심화 영역에서는 판단 근거가 부족한 경우가 있어 추가 학습이 필요해 보입니다. 또한 멘토링 측면도 보완하면 더 좋겠습니다.
R001279,2026H1,X-0083,DP0015,DP0091,2026-06-20,금융사 사 차세대 데이터 플랫폼 구축 수행 기간 동안 팀의 핵심 인력으로 활약했습니다. 고객사 현업 담당자의 불만을 경청하고 대안을 제시해 관계를 개선했습니다. 일정이 흔들릴 때 우선순위를 다시 세우고 팀을 안정적으로 이끌었습니다. 처음 접한 메타데이터 관리도 짧은 시간에 익혀 바로 실무에 적용했습니다. 데이터·개발·운영 담당 사이의 연결고리 역할을 맡아 협업 병목을 풀어 주었습니다.,반복 점검 업무를 마감 직전까지 미루는 경우가 있어 꾸준함이 조금 아쉬웠습니다. 또한 품질의식 측면도 보완하면 더 좋겠습니다.
R001280,2026H1,X-0083,DP0079,DP0091,2026-06-20,금융사 사 차세대 데이터 플랫폼 구축 업무에서 함께 일하며 많은 도움을 받았습니다. 개선 아이디어를 적극적으로 제안하고 직접 시범 적용까지 해 보였습니다. 새 도메인 지식을 빠르게 흡수해 투입 초기부터 제 몫을 해냈습니다. 데이터·개발·운영 담당 사이의 연결고리 역할을 맡아 협업 병목을 풀어 주었습니다.,작업량 추정이 낙관적이어서 일정이 밀린 적이 몇 번 있었습니다. 또한 전문성 측면도 보완하면 더 좋겠습니다.
R001281,2026H1,X-0083,DP0068,DP0092,2026-06-20,금융사 사 차세대 데이터 플랫폼 구축 업무에서 함께 일하며 많은 도움을 받았습니다. 산출물과 설정값을 꼼꼼하게 대조해 배포 전 결함을 여러 건 미리 잡아냈습니다. 고객의 모호한 요구를 단계별 실행 계획으로 정리해 범위 변경을 줄였습니다. 신규 인원에게 업무 맥락을 차근차근 설명해 적응 기간을 크게 줄여 주었습니다. 기존 방식에 얽매이지 않는 대안을 제시해 데이터 이관의 처리 속도를 크게 개선했습니다. 그 밖에도 품질의식 측면에서 좋은 모습을 보였습니다.,반복 점검 업무를 마감 직전까지 미루는 경우가 있어 꾸준함이 조금 아쉬웠습니다.
R001282,2026H1,X-0083,DP0074,DP0092,2026-06-20,금융사 사 차세대 데이터 플랫폼 구축 수행 기간 동안 팀의 핵심 인력으로 활약했습니다. 산출물과 설정값을 꼼꼼하게 대조해 배포 전 결함을 여러 건 미리 잡아냈습니다. 신규 인원에게 업무 맥락을 차근차근 설명해 적응 기간을 크게 줄여 주었습니다. 고객의 모호한 요구를 단계별 실행 계획으로 정리해 범위 변경을 줄였습니다.,긴급 상황에서 우선순위 판단이 늦어 대응이 지연된 적이 있었습니다.
R001283,2026H1,X-0083,DP0004,DP0092,2026-06-20,금융사 사 차세대 데이터 플랫폼 구축 업무에서 함께 일하며 많은 도움을 받았습니다. 제약이 많은 상황에서도 새로운 접근을 찾아내 고객의 호평을 받았습니다. 주니어의 코드 리뷰에 이유까지 설명해 주어 팀의 성장에 기여했습니다. 고객의 모호한 요구를 단계별 실행 계획으로 정리해 범위 변경을 줄였습니다. 코드 리뷰에서 품질 기준을 일관되게 지켜 팀의 결과물 수준을 끌어올렸습니다.,변경 사항 문서화가 늦어 인수인계 때 다시 확인해야 하는 일이 있었습니다.
R001284,2026H1,X-0087,DP0035,DP0093,2026-06-20,금융사 자 차세대 데이터 플랫폼 구축 수행 기간 동안 팀의 핵심 인력으로 활약했습니다. 처음 합류한 인원들과도 금방 어울려 팀 분위기를 부드럽게 만들어 주었습니다. 설계 의도와 운영 절차를 잘 정리해 두어 인수인계가 매끄러웠습니다. 고객사와 개발팀 사이에서 요구사항을 명확히 전달해 재작업을 크게 줄였습니다. 막힌 이슈를 작은 단위로 쪼개 가설을 검증하는 방식으로 해결 시간을 크게 단축했습니다.,알고 있는 노하우를 팀에 공유하는 빈도가 낮아 지식이 한 사람에게 몰렸습니다.
R001285,2026H1,X-0087,DP0011,DP0093,2026-06-20,금융사 자 차세대 데이터 플랫폼 구축을(를) 진행하는 동안 금융 고객 환경을 잘 이해하고 안정적으로 수행했습니다. AWS 노하우를 문서와 짧은 세션으로 공유해 팀 전체의 수준을 끌어올렸습니다. 제약이 많은 상황에서도 새로운 접근을 찾아내 고객의 호평을 받았습니다. 변경 이력과 의사결정 배경을 꾸준히 기록해 고객 보고에 큰 도움이 되었습니다.,진행 상황 공유가 늦어 다른 담당자가 뒤늦게 파악하는 일이 있었습니다. 또한 기획력 측면도 보완하면 더 좋겠습니다.
R001286,2026H1,X-0087,DP0017,DP0093,2026-06-20,금융사 자 차세대 데이터 플랫폼 구축을(를) 진행하는 동안 금융 고객 환경을 잘 이해하고 안정적으로 수행했습니다. 눈에 잘 띄지 않는 적재 파이프라인 작업도 성실하게 처리해 품질 기반을 다져 주었습니다. 테스트 기준을 스스로 높게 잡아 운영 이관 후 장애가 거의 없었습니다. 산출물과 설정값을 꼼꼼하게 대조해 배포 전 결함을 여러 건 미리 잡아냈습니다. 막힌 이슈를 작은 단위로 쪼개 가설을 검증하는 방식으로 해결 시간을 크게 단축했습니다. 그 밖에도 위기대응 측면에서 좋은 모습을 보였습니다.,기존 방식에 익숙해 새로운 대안을 검토하는 데는 소극적이었습니다.
R001287,2026H1,X-0001,DP0048,DP0094,2026-06-20,금융사 가2 비정형 문서 메타데이터 전환 수행 기간 동안 팀의 핵심 인력으로 활약했습니다. 코드 리뷰에서 품질 기준을 일관되게 지켜 팀의 결과물 수준을 끌어올렸습니다. 검수 체크리스트를 촘촘하게 운영해 고객 검수에서 지적이 거의 나오지 않았습니다. 작업량을 현실적으로 추정해 일정 계획의 정확도를 높였습니다.,"변경 사항 문서화가 늦어 인수인계 때 다시 확인해야 하는 일이 있었습니다. 또한 협업, 소통 측면도 보완하면 더 좋겠습니다."
R001288,2026H1,X-0083,DP0092,DP0094,2026-06-20,금융사 사 차세대 데이터 플랫폼 구축 수행 기간 동안 팀의 핵심 인력으로 활약했습니다. 마일스톤별 위험 요소를 미리 관리해 데이터 이관 일정을 한 번도 놓치지 않았습니다. 데이터 이관 중 발생한 복합 장애의 근본 원인을 빠르게 찾아 재발 방지책까지 마련했습니다.,요구사항을 구조화하기 전에 구현부터 시작하는 경우가 있어 사전 기획을 보완하면 좋겠습니다.
R001289,2026H1,X-0083,DP0074,DP0094,2026-06-20,금융사 사 차세대 데이터 플랫폼 구축 수행 기간 동안 팀의 핵심 인력으로 활약했습니다. 데이터 이관 중 발생한 복합 장애의 근본 원인을 빠르게 찾아 재발 방지책까지 마련했습니다. 산출물과 설정값을 꼼꼼하게 대조해 배포 전 결함을 여러 건 미리 잡아냈습니다.,"요구사항을 구조화하기 전에 구현부터 시작하는 경우가 있어 사전 기획을 보완하면 좋겠습니다. 또한 성실, 고객대응 측면도 보완하면 더 좋겠습니다."
R001290,2026H1,X-0001,DP0078,DP0094,2026-06-20,금융사 가2 비정형 문서 메타데이터 전환 수행 기간 동안 팀의 핵심 인력으로 활약했습니다. 테스트 기준을 스스로 높게 잡아 운영 이관 후 장애가 거의 없었습니다. 메타데이터 설계 중 발생한 복합 장애의 근본 원인을 빠르게 찾아 재발 방지책까지 마련했습니다.,고객의 갑작스러운 요청에 방어적으로 대응해 협의가 길어진 적이 있었습니다.
R001291,2026H1,X-0001,DP0057,DP0094,2026-06-20,금융사 가2 비정형 문서 메타데이터 전환 수행 기간 동안 팀의 핵심 인력으로 활약했습니다. 매일 진행 상황을 꾸준히 공유하고 반복 점검 업무도 빠짐없이 챙겨 신뢰가 갔습니다. 개선 아이디어를 적극적으로 제안하고 직접 시범 적용까지 해 보였습니다.,고객의 갑작스러운 요청에 방어적으로 대응해 협의가 길어진 적이 있었습니다. 또한 리더십 측면도 보완하면 더 좋겠습니다.
R001292,2026H1,X-0001,DP0082,DP0094,2026-06-20,금융사 가2 비정형 문서 메타데이터 전환 수행 기간 동안 팀의 핵심 인력으로 활약했습니다. 산출물과 설정값을 꼼꼼하게 대조해 배포 전 결함을 여러 건 미리 잡아냈습니다. 마일스톤별 위험 요소를 미리 관리해 메타데이터 설계 일정을 한 번도 놓치지 않았습니다.,"테스트 범위를 좁게 잡아 회귀 결함이 뒤늦게 발견된 적이 있었습니다. 또한 적극성, 협업 측면도 보완하면 더 좋겠습니다."
R001293,2026H1,X-0055,DP0032,DP0095,2026-06-20,계열사 O 데이터 레이크 고도화 업무에서 함께 일하며 많은 도움을 받았습니다. 일정이 크게 흔들린 시점에 대응 계획을 빠르게 세워 위기를 넘겼습니다.,"변경 사항 문서화가 늦어 인수인계 때 다시 확인해야 하는 일이 있었습니다. 또한 창의성, 문제해결, 기획력, 고객대응 측면도 보완하면 더 좋겠습니다."
R001294,2026H1,X-0055,DP0052,DP0095,2026-06-20,계열사 O 데이터 레이크 고도화 업무에서 함께 일하며 많은 도움을 받았습니다. 마일스톤별 위험 요소를 미리 관리해 데이터 표준화 일정을 한 번도 놓치지 않았습니다.,"요구사항을 구조화하기 전에 구현부터 시작하는 경우가 있어 사전 기획을 보완하면 좋겠습니다. 또한 창의성, 문서화, 문제해결 측면도 보완하면 더 좋겠습니다."
R001295,2026H1,X-0088,DP0031,DP0095,2026-06-20,계열사 T 데이터 거버넌스 구축을(를) 진행하는 동안 그룹사(대내) 고객 환경을 잘 이해하고 안정적으로 수행했습니다. 막힌 이슈를 작은 단위로 쪼개 가설을 검증하는 방식으로 해결 시간을 크게 단축했습니다. 신규 인원에게 업무 맥락을 차근차근 설명해 적응 기간을 크게 줄여 주었습니다.,"변경 사항 문서화가 늦어 인수인계 때 다시 확인해야 하는 일이 있었습니다. 또한 고객대응, 창의성 측면도 보완하면 더 좋겠습니다."
R001296,2026H1,X-0088,DP0088,DP0095,2026-06-20,계열사 T 데이터 거버넌스 구축 업무에서 함께 일하며 많은 도움을 받았습니다. 주니어의 코드 리뷰에 이유까지 설명해 주어 팀의 성장에 기여했습니다. 일정이 크게 흔들린 시점에 대응 계획을 빠르게 세워 위기를 넘겼습니다.,"기존 방식에 익숙해 새로운 대안을 검토하는 데는 소극적이었습니다. 또한 문제해결, 친화력 측면도 보완하면 더 좋겠습니다."
R001297,2026H1,X-0060,DP0061,DP0096,2026-06-20,공공기관 기 공공데이터 개방 플랫폼 구축 업무에서 함께 일하며 많은 도움을 받았습니다. 신규 인원에게 업무 맥락을 차근차근 설명해 적응 기간을 크게 줄여 주었습니다. 산출물과 설정값을 꼼꼼하게 대조해 배포 전 결함을 여러 건 미리 잡아냈습니다. 테스트 기준을 스스로 높게 잡아 운영 이관 후 장애가 거의 없었습니다.,알고 있는 노하우를 팀에 공유하는 빈도가 낮아 지식이 한 사람에게 몰렸습니다. 또한 학습력 측면도 보완하면 더 좋겠습니다.
R001298,2026H1,X-0060,DP0078,DP0096,2026-06-20,공공기관 기 공공데이터 개방 플랫폼 구축 업무에서 함께 일하며 많은 도움을 받았습니다. 새로운 요구가 생기면 먼저 손을 들고 나서서 초기 검토를 맡아 주었습니다. 고객의 급한 요청에도 차분하게 대응해 신뢰를 얻었고 추가 요구 협상도 잘 이끌었습니다. 제약이 많은 상황에서도 새로운 접근을 찾아내 고객의 호평을 받았습니다.,의견이 엇갈릴 때 방향을 정리해 주는 역할은 조금 더 기대됩니다.
R001299,2026H1,X-0060,DP0066,DP0096,2026-06-20,공공기관 기 공공데이터 개방 플랫폼 구축 업무에서 함께 일하며 많은 도움을 받았습니다. 데이터·개발·운영 담당 사이의 연결고리 역할을 맡아 협업 병목을 풀어 주었습니다. 회의 때마다 쟁점을 쉽게 정리해 이해관계자들의 합의를 빠르게 이끌었습니다. Python 관련 이슈가 생길 때마다 정확한 판단으로 해결 방향을 제시해 팀의 기준점이 되었습니다.,"새로 합류한 인원과 거리감이 있어 초기 협업이 다소 더뎠습니다. 또한 품질의식, 문서화 측면도 보완하면 더 좋겠습니다."
R001300,2026H1,X-0088,DP0031,DP0097,2026-06-20,계열사 T 데이터 거버넌스 구축 수행 기간 동안 팀의 핵심 인력으로 활약했습니다. 막힌 이슈를 작은 단위로 쪼개 가설을 검증하는 방식으로 해결 시간을 크게 단축했습니다.,"변경 사항 문서화가 늦어 인수인계 때 다시 확인해야 하는 일이 있었습니다. 또한 성실, 위기대응 측면도 보완하면 더 좋겠습니다."
R001301,2026H1,X-0088,DP0003,DP0097,2026-06-20,계열사 T 데이터 거버넌스 구축을(를) 진행하는 동안 그룹사(대내) 고객 환경을 잘 이해하고 안정적으로 수행했습니다. 데이터 표준화의 핵심 기능을 직접 설계하며 요구사항을 구조화하는 기획력이 돋보였습니다. 산출물과 설정값을 꼼꼼하게 대조해 배포 전 결함을 여러 건 미리 잡아냈습니다. 데이터 표준화 중 발생한 복합 장애의 근본 원인을 빠르게 찾아 재발 방지책까지 마련했습니다.,변경 사항 문서화가 늦어 인수인계 때 다시 확인해야 하는 일이 있었습니다. 또한 책임감 측면도 보완하면 더 좋겠습니다.
R001302,2026H1,X-0088,DP0045,DP0097,2026-06-20,계열사 T 데이터 거버넌스 구축을(를) 진행하는 동안 그룹사(대내) 고객 환경을 잘 이해하고 안정적으로 수행했습니다. 고객의 모호한 요구를 단계별 실행 계획으로 정리해 범위 변경을 줄였습니다. 직접 겪은 시행착오를 정리해 공유해 다른 팀원들이 같은 실수를 피할 수 있었습니다.,"긴급 상황에서 우선순위 판단이 늦어 대응이 지연된 적이 있었습니다. 또한 문제해결, 성실 측면도 보완하면 더 좋겠습니다."
R001303,2026H1,X-0094,DP0025,DP0098,2026-06-20,계열사 S 데이터 거버넌스 구축을(를) 진행하는 동안 그룹사(대내) 고객 환경을 잘 이해하고 안정적으로 수행했습니다. 고객의 모호한 요구를 단계별 실행 계획으로 정리해 범위 변경을 줄였습니다. 고객사와 개발팀 사이에서 요구사항을 명확히 전달해 재작업을 크게 줄였습니다. 새 도메인 지식을 빠르게 흡수해 투입 초기부터 제 몫을 해냈습니다.,"검색엔진 심화 영역에서는 판단 근거가 부족한 경우가 있어 추가 학습이 필요해 보입니다. 또한 위기대응, 고객대응 측면도 보완하면 더 좋겠습니다."
R001304,2026H1,X-0030,DP0020,DP0098,2026-06-20,계열사 I 데이터 레이크 고도화을(를) 진행하는 동안 그룹사(대내) 고객 환경을 잘 이해하고 안정적으로 수행했습니다. 회의 때마다 쟁점을 쉽게 정리해 이해관계자들의 합의를 빠르게 이끌었습니다. 신규 인원에게 업무 맥락을 차근차근 설명해 적응 기간을 크게 줄여 주었습니다.,고객의 갑작스러운 요청에 방어적으로 대응해 협의가 길어진 적이 있었습니다. 또한 위기대응 측면도 보완하면 더 좋겠습니다.
R001305,2026H1,X-0094,DP0016,DP0098,2026-06-20,계열사 S 데이터 거버넌스 구축 업무에서 함께 일하며 많은 도움을 받았습니다. 고객사와 개발팀 사이에서 요구사항을 명확히 전달해 재작업을 크게 줄였습니다. 배치 운영의 핵심 기능을 직접 설계하며 요구사항을 구조화하는 기획력이 돋보였습니다.,"작업량 추정이 낙관적이어서 일정이 밀린 적이 몇 번 있었습니다. 또한 기술공유, 고객대응 측면도 보완하면 더 좋겠습니다."
R001306,2026H1,X-0030,DP0085,DP0099,2026-06-20,계열사 I 데이터 레이크 고도화 수행 기간 동안 팀의 핵심 인력으로 활약했습니다. 파트 리더으로서 팀원 각자의 역량을 파악해 일을 배분하고 끝까지 이끄는 리더십이 뛰어났습니다. 매일 진행 상황을 꾸준히 공유하고 반복 점검 업무도 빠짐없이 챙겨 신뢰가 갔습니다. 데이터·개발·운영 담당 사이의 연결고리 역할을 맡아 협업 병목을 풀어 주었습니다. 운영 중 긴급 장애가 났을 때 침착하게 상황을 정리하고 복구를 주도했습니다.,알고 있는 노하우를 팀에 공유하는 빈도가 낮아 지식이 한 사람에게 몰렸습니다. 또한 전문성 측면도 보완하면 더 좋겠습니다.
R001307,2026H1,X-0030,DP0006,DP0099,2026-06-20,계열사 I 데이터 레이크 고도화 업무에서 함께 일하며 많은 도움을 받았습니다. 테스트 기준을 스스로 높게 잡아 운영 이관 후 장애가 거의 없었습니다. 배치 운영 중 발생한 복합 장애의 근본 원인을 빠르게 찾아 재발 방지책까지 마련했습니다. 눈에 잘 띄지 않는 배치 운영 작업도 성실하게 처리해 품질 기반을 다져 주었습니다.,알고 있는 노하우를 팀에 공유하는 빈도가 낮아 지식이 한 사람에게 몰렸습니다. 또한 친화력 측면도 보완하면 더 좋겠습니다.
R001308,2026H1,X-0030,DP0039,DP0099,2026-06-20,계열사 I 데이터 레이크 고도화 업무에서 함께 일하며 많은 도움을 받았습니다. 막힌 이슈를 작은 단위로 쪼개 가설을 검증하는 방식으로 해결 시간을 크게 단축했습니다. 매일 진행 상황을 꾸준히 공유하고 반복 점검 업무도 빠짐없이 챙겨 신뢰가 갔습니다.,"진행 상황 공유가 늦어 다른 담당자가 뒤늦게 파악하는 일이 있었습니다. 또한 멘토링, 일정관리 측면도 보완하면 더 좋겠습니다."
R001309,2026H1,X-0030,DP0015,DP0099,2026-06-20,계열사 I 데이터 레이크 고도화을(를) 진행하는 동안 그룹사(대내) 고객 환경을 잘 이해하고 안정적으로 수행했습니다. 마일스톤별 위험 요소를 미리 관리해 배치 운영 일정을 한 번도 놓치지 않았습니다. 다른 파트의 일정까지 살피며 먼저 도움을 제안해 팀 전체 속도를 끌어올렸습니다. 개선 아이디어를 적극적으로 제안하고 직접 시범 적용까지 해 보였습니다. 매일 진행 상황을 꾸준히 공유하고 반복 점검 업무도 빠짐없이 챙겨 신뢰가 갔습니다.,"진행 상황 공유가 늦어 다른 담당자가 뒤늦게 파악하는 일이 있었습니다. 또한 품질의식, 리더십 측면도 보완하면 더 좋겠습니다."
R001310,2026H1,X-0082,DP0008,DP0100,2026-06-20,금융사 타 데이터 마트 구축 수행 기간 동안 팀의 핵심 인력으로 활약했습니다. 맡은 적재 파이프라인 범위를 끝까지 책임지고 마무리해 팀이 일정 걱정 없이 다음 단계로 넘어갈 수 있었습니다. 적재 파이프라인 중 발생한 복합 장애의 근본 원인을 빠르게 찾아 재발 방지책까지 마련했습니다. 직접 겪은 시행착오를 정리해 공유해 다른 팀원들이 같은 실수를 피할 수 있었습니다.,테스트 범위를 좁게 잡아 회귀 결함이 뒤늦게 발견된 적이 있었습니다.
R001311,2026H1,X-0082,DP0033,DP0100,2026-06-20,금융사 타 데이터 마트 구축 업무에서 함께 일하며 많은 도움을 받았습니다. 직접 겪은 시행착오를 정리해 공유해 다른 팀원들이 같은 실수를 피할 수 있었습니다. 검수 체크리스트를 촘촘하게 운영해 고객 검수에서 지적이 거의 나오지 않았습니다. 문제가 생겼을 때 남에게 미루지 않고 본인 일처럼 책임지고 원인을 정리해 주었습니다.,새로운 과제에는 먼저 나서기보다 지켜보는 편이라 조금 더 적극적이면 좋겠습니다.
R001312,2026H1,X-0033,DP0045,DP0100,2026-06-20,공공기관 경 공공데이터 개방 플랫폼 구축 업무에서 함께 일하며 많은 도움을 받았습니다. 검수 체크리스트를 촘촘하게 운영해 고객 검수에서 지적이 거의 나오지 않았습니다. 고객의 급한 요청에도 차분하게 대응해 신뢰를 얻었고 추가 요구 협상도 잘 이끌었습니다. 문제가 생겼을 때 남에게 미루지 않고 본인 일처럼 책임지고 원인을 정리해 주었습니다. 개방 API 중 발생한 복합 장애의 근본 원인을 빠르게 찾아 재발 방지책까지 마련했습니다.,변경 사항 문서화가 늦어 인수인계 때 다시 확인해야 하는 일이 있었습니다.
R001313,2026H1,X-0082,DP0021,DP0100,2026-06-20,금융사 타 데이터 마트 구축을(를) 진행하는 동안 금융 고객 환경을 잘 이해하고 안정적으로 수행했습니다. 테스트 기준을 스스로 높게 잡아 운영 이관 후 장애가 거의 없었습니다. 산출물과 설정값을 꼼꼼하게 대조해 배포 전 결함을 여러 건 미리 잡아냈습니다. 문제가 생겼을 때 남에게 미루지 않고 본인 일처럼 책임지고 원인을 정리해 주었습니다.,진행 상황 공유가 늦어 다른 담당자가 뒤늦게 파악하는 일이 있었습니다. 또한 문제해결 측면도 보완하면 더 좋겠습니다.
