review_id,polarity,item
R000001,positive,소통
R000001,positive,책임감
R000001,positive,창의성
R000001,negative,고객대응
R000002,positive,책임감
R000002,positive,문서화
R000002,negative,성실
R000002,negative,전문성
R000003,positive,기술공유
R000003,positive,문제해결
R000003,negative,품질의식
R000003,negative,성실
R000004,positive,품질의식
R000004,negative,책임감
R000004,negative,성실
R000004,negative,꼼꼼함
R000005,positive,소통
R000005,negative,꼼꼼함
R000006,positive,기술공유
R000006,positive,기획력
R000006,positive,소통
R000006,positive,창의성
R000006,negative,일정관리
R000007,positive,성실
R000007,positive,문서화
R000007,positive,기술공유
R000007,positive,품질의식
R000007,negative,소통
R000007,negative,책임감
R000008,positive,일정관리
R000008,positive,기술공유
R000008,positive,품질의식
R000008,positive,성실
R000008,negative,문제해결
R000008,negative,소통
R000009,positive,꼼꼼함
R000009,positive,적극성
R000009,positive,일정관리
R000009,positive,성실
R000009,negative,위기대응
R000010,positive,고객대응
R000010,positive,품질의식
R000010,negative,친화력
R000010,negative,멘토링
R000010,negative,일정관리
R000011,positive,꼼꼼함
R000011,positive,학습력
R000011,negative,기술공유
R000011,negative,문서화
R000012,positive,고객대응
R000012,negative,친화력
R000012,negative,기술공유
R000013,positive,적극성
R000013,positive,문서화
R000013,negative,꼼꼼함
R000013,negative,멘토링
R000014,positive,품질의식
R000014,positive,전문성
R000014,negative,협업
R000014,negative,기획력
R000015,positive,적극성
R000015,positive,전문성
R000015,positive,문서화
R000015,positive,리더십
R000015,negative,기술공유
R000016,positive,적극성
R000016,positive,전문성
R000016,positive,문서화
R000016,positive,리더십
R000016,negative,위기대응
R000017,positive,리더십
R000017,positive,적극성
R000017,positive,문서화
R000017,negative,위기대응
R000017,negative,협업
R000018,positive,고객대응
R000018,positive,위기대응
R000018,positive,전문성
R000018,negative,책임감
R000019,positive,학습력
R000019,positive,협업
R000019,positive,적극성
R000019,negative,기술공유
R000020,positive,기술공유
R000020,negative,학습력
R000020,negative,리더십
R000020,negative,친화력
R000020,negative,문서화
R000021,positive,창의성
R000021,negative,꼼꼼함
R000021,negative,기획력
R000021,negative,문서화
R000022,positive,리더십
R000022,negative,기획력
R000022,negative,친화력
R000023,positive,꼼꼼함
R000023,negative,친화력
R000023,negative,협업
R000023,negative,학습력
R000024,positive,위기대응
R000024,positive,소통
R000024,positive,일정관리
R000024,negative,리더십
R000024,negative,전문성
R000025,positive,친화력
R000025,positive,리더십
R000025,negative,전문성
R000025,negative,위기대응
R000026,positive,책임감
R000026,positive,소통
R000026,positive,창의성
R000026,positive,꼼꼼함
R000026,positive,일정관리
R000026,negative,적극성
R000027,positive,고객대응
R000027,negative,협업
R000027,negative,기술공유
R000027,negative,문제해결
R000028,positive,리더십
R000028,negative,문제해결
R000028,negative,전문성
R000028,negative,꼼꼼함
R000029,positive,성실
R000029,negative,기술공유
R000029,negative,문제해결
R000029,negative,전문성
R000030,positive,문서화
R000030,positive,문제해결
R000030,positive,친화력
R000030,negative,기술공유
R000030,negative,꼼꼼함
R000031,positive,문제해결
R000031,negative,기획력
R000031,negative,기술공유
R000031,negative,꼼꼼함
R000032,positive,기술공유
R000032,negative,위기대응
R000032,negative,꼼꼼함
R000032,negative,문제해결
R000032,negative,전문성
R000033,positive,적극성
R000033,positive,책임감
R000033,positive,멘토링
R000033,negative,친화력
R000034,positive,책임감
R000034,negative,소통
R000034,negative,꼼꼼함
R000035,positive,창의성
R000035,positive,품질의식
R000035,positive,협업
R000035,negative,친화력
R000035,negative,꼼꼼함
R000036,positive,일정관리
R000036,positive,위기대응
R000036,positive,협업
R000036,negative,꼼꼼함
R000036,negative,친화력
R000036,negative,기술공유
R000037,positive,문서화
R000037,positive,학습력
R000037,positive,위기대응
R000037,positive,협업
R000037,negative,꼼꼼함
R000038,positive,리더십
R000038,positive,성실
R000038,negative,고객대응
R000039,positive,리더십
R000039,positive,기술공유
R000039,negative,친화력
R000039,negative,적극성
R000039,negative,꼼꼼함
R000040,positive,위기대응
R000040,positive,학습력
R000040,positive,책임감
R000040,negative,창의성
R000040,negative,기술공유
R000041,positive,고객대응
R000041,positive,리더십
R000041,positive,일정관리
R000041,negative,위기대응
R000041,negative,협업
R000042,positive,기획력
R000042,positive,일정관리
R000042,positive,소통
R000042,negative,문서화
R000043,positive,멘토링
R000043,positive,기획력
R000043,positive,리더십
R000043,negative,성실
R000043,negative,품질의식
R000044,positive,품질의식
R000044,positive,문제해결
R000044,negative,소통
R000045,positive,리더십
R000045,negative,성실
R000045,negative,협업
R000045,negative,창의성
R000046,positive,품질의식
R000046,negative,위기대응
R000046,negative,소통
R000047,positive,전문성
R000047,positive,협업
R000047,positive,기술공유
R000047,negative,고객대응
R000047,negative,리더십
R000047,negative,성실
R000048,positive,협업
R000048,positive,문서화
R000048,negative,성실
R000048,negative,품질의식
R000049,positive,문서화
R000049,negative,일정관리
R000049,negative,품질의식
R000049,negative,위기대응
R000050,positive,소통
R000050,positive,문제해결
R000050,positive,문서화
R000050,negative,품질의식
R000051,positive,일정관리
R000051,positive,리더십
R000051,negative,기술공유
R000051,negative,문제해결
R000051,negative,책임감
R000051,negative,멘토링
R000052,positive,문서화
R000052,positive,기술공유
R000052,positive,책임감
R000052,positive,적극성
R000052,positive,위기대응
R000052,negative,멘토링
R000053,positive,학습력
R000053,positive,책임감
R000053,negative,문제해결
R000054,positive,위기대응
R000054,positive,기술공유
R000054,positive,학습력
R000054,positive,적극성
R000054,positive,기획력
R000054,negative,창의성
R000055,positive,학습력
R000055,negative,멘토링
R000055,negative,책임감
R000056,positive,기술공유
R000056,positive,적극성
R000056,positive,학습력
R000056,negative,품질의식
R000056,negative,멘토링
R000057,positive,꼼꼼함
R000057,negative,고객대응
R000057,negative,협업
R000057,negative,적극성
R000058,positive,전문성
R000058,positive,소통
R000058,positive,리더십
R000058,positive,협업
R000058,negative,고객대응
R000059,positive,적극성
R000059,positive,품질의식
R000059,positive,전문성
R000059,positive,리더십
R000059,negative,책임감
R000059,negative,성실
R000059,negative,고객대응
R000060,positive,문제해결
R000060,positive,리더십
R000060,positive,꼼꼼함
R000060,negative,고객대응
R000060,negative,적극성
R000061,positive,성실
R000061,positive,전문성
R000061,positive,일정관리
R000061,negative,책임감
R000062,positive,협업
R000062,positive,리더십
R000062,positive,일정관리
R000062,positive,멘토링
R000062,negative,기획력
R000062,negative,창의성
R000063,positive,책임감
R000063,positive,꼼꼼함
R000063,positive,기술공유
R000063,negative,적극성
R000064,positive,일정관리
R000064,positive,꼼꼼함
R000064,negative,성실
R000064,negative,소통
R000065,positive,적극성
R000065,positive,멘토링
R000065,positive,기술공유
R000065,negative,책임감
R000066,positive,문서화
R000066,positive,꼼꼼함
R000066,positive,기획력
R000066,positive,기술공유
R000066,negative,성실
R000067,positive,멘토링
R000067,positive,기술공유
R000067,positive,적극성
R000067,positive,일정관리
R000067,negative,전문성
R000068,positive,성실
R000068,positive,전문성
R000068,positive,적극성
R000068,positive,기획력
R000068,positive,문제해결
R000068,negative,창의성
R000069,positive,기술공유
R000069,positive,기획력
R000069,positive,적극성
R000069,positive,문제해결
R000069,negative,성실
R000070,positive,고객대응
R000070,positive,적극성
R000070,positive,소통
R000070,positive,협업
R000070,positive,기획력
R000070,negative,창의성
R000071,positive,기획력
R000071,positive,멘토링
R000071,positive,소통
R000071,positive,위기대응
R000071,negative,리더십
R000072,positive,소통
R000072,positive,적극성
R000072,negative,성실
R000073,positive,기획력
R000073,positive,소통
R000073,positive,멘토링
R000073,positive,창의성
R000073,positive,문제해결
R000073,negative,성실
R000073,negative,리더십
R000074,positive,일정관리
R000074,positive,적극성
R000074,positive,위기대응
R000074,negative,문제해결
R000074,negative,친화력
R000075,positive,위기대응
R000075,positive,성실
R000075,positive,협업
R000075,positive,기획력
R000075,negative,기술공유
R000076,positive,성실
R000076,positive,전문성
R000076,positive,협업
R000076,positive,품질의식
R000076,positive,위기대응
R000076,negative,문제해결
R000077,positive,기획력
R000077,positive,위기대응
R000077,positive,일정관리
R000077,positive,성실
R000077,positive,전문성
R000077,negative,기술공유
R000078,positive,위기대응
R000078,positive,기획력
R000078,negative,문제해결
R000078,negative,일정관리
R000078,negative,전문성
R000079,positive,소통
R000079,positive,문제해결
R000079,positive,꼼꼼함
R000079,positive,문서화
R000079,positive,학습력
R000079,negative,위기대응
R000079,negative,품질의식
R000080,positive,적극성
R000080,positive,전문성
R000080,positive,멘토링
R000080,negative,문제해결
R000081,positive,전문성
R000081,positive,멘토링
R000081,positive,친화력
R000081,positive,학습력
R000081,positive,문제해결
R000081,negative,문서화
R000082,positive,전문성
R000082,positive,품질의식
R000082,positive,친화력
R000082,positive,문제해결
R000082,positive,위기대응
R000082,negative,문서화
R000083,positive,학습력
R000083,positive,멘토링
R000083,positive,문제해결
R000083,negative,문서화
R000083,negative,전문성
R000084,positive,고객대응
R000084,positive,전문성
R000084,negative,문서화
R000084,negative,협업
R000084,negative,창의성
R000085,positive,문서화
R000085,positive,일정관리
R000085,negative,창의성
R000085,negative,협업
R000086,positive,멘토링
R000086,negative,협업
R000086,negative,문서화
R000087,positive,친화력
R000087,negative,협업
R000087,negative,문서화
R000088,positive,고객대응
R000088,positive,일정관리
R000088,negative,협업
R000088,negative,전문성
R000088,negative,문서화
R000089,positive,위기대응
R000089,positive,협업
R000089,positive,창의성
R000089,positive,적극성
R000089,negative,학습력
R000090,positive,소통
R000090,positive,품질의식
R000090,positive,창의성
R000090,positive,적극성
R000090,positive,협업
R000090,negative,일정관리
R000091,positive,품질의식
R000091,positive,창의성
R000091,positive,소통
R000091,positive,적극성
R000091,negative,협업
R000092,positive,리더십
R000092,positive,친화력
R000092,positive,협업
R000092,positive,기술공유
R000092,positive,위기대응
R000092,negative,적극성
R000093,positive,소통
R000093,positive,협업
R000093,positive,품질의식
R000093,positive,적극성
R000093,positive,기술공유
R000093,negative,성실
R000094,positive,창의성
R000094,positive,협업
R000094,positive,멘토링
R000094,positive,소통
R000094,positive,품질의식
R000094,negative,꼼꼼함
R000095,positive,기획력
R000095,positive,꼼꼼함
R000095,negative,성실
R000096,positive,기획력
R000096,positive,꼼꼼함
R000096,positive,고객대응
R000096,negative,친화력
R000096,negative,문제해결
R000097,positive,리더십
R000097,positive,기획력
R000097,positive,꼼꼼함
R000097,positive,소통
R000097,negative,일정관리
R000097,negative,전문성
R000098,positive,고객대응
R000098,positive,책임감
R000098,negative,위기대응
R000098,negative,전문성
R000098,negative,소통
R000099,positive,적극성
R000099,positive,문제해결
R000099,positive,책임감
R000099,negative,전문성
R000099,negative,창의성
R000100,positive,멘토링
R000100,positive,적극성
R000100,positive,문제해결
R000100,negative,창의성
R000101,positive,품질의식
R000101,negative,위기대응
R000101,negative,창의성
R000101,negative,문서화
R000102,positive,책임감
R000102,positive,친화력
R000102,positive,적극성
R000102,negative,위기대응
R000102,negative,창의성
R000103,positive,학습력
R000103,positive,문제해결
R000103,positive,책임감
R000103,negative,전문성
R000104,positive,기술공유
R000104,positive,책임감
R000104,positive,품질의식
R000104,positive,소통
R000104,negative,문서화
R000105,positive,성실
R000105,positive,품질의식
R000105,negative,일정관리
R000105,negative,적극성
R000105,negative,협업
R000106,positive,창의성
R000106,positive,문제해결
R000106,positive,기술공유
R000106,positive,책임감
R000106,negative,리더십
R000107,positive,일정관리
R000107,positive,기술공유
R000107,negative,고객대응
R000107,negative,리더십
R000108,positive,리더십
R000108,positive,고객대응
R000108,positive,멘토링
R000108,negative,전문성
R000108,negative,적극성
R000109,positive,기술공유
R000109,positive,일정관리
R000109,positive,리더십
R000109,positive,협업
R000109,positive,문서화
R000109,negative,고객대응
R000110,positive,기획력
R000110,negative,꼼꼼함
R000111,positive,일정관리
R000111,positive,리더십
R000111,positive,기술공유
R000111,positive,멘토링
R000111,negative,적극성
R000111,negative,성실
R000111,negative,품질의식
R000112,positive,문제해결
R000112,positive,멘토링
R000112,negative,꼼꼼함
R000112,negative,학습력
R000112,negative,문서화
R000113,positive,문제해결
R000113,positive,창의성
R000113,positive,소통
R000113,negative,학습력
R000114,positive,학습력
R000114,positive,창의성
R000114,negative,고객대응
R000114,negative,전문성
R000115,positive,소통
R000115,positive,협업
R000115,positive,기술공유
R000115,negative,문서화
R000115,negative,품질의식
R000116,positive,전문성
R000116,positive,멘토링
R000116,positive,일정관리
R000116,negative,품질의식
R000116,negative,위기대응
R000117,positive,친화력
R000117,positive,책임감
R000117,negative,위기대응
R000117,negative,꼼꼼함
R000117,negative,품질의식
R000118,positive,전문성
R000118,negative,리더십
R000118,negative,멘토링
R000119,positive,고객대응
R000119,positive,기술공유
R000119,positive,책임감
R000119,negative,품질의식
R000119,negative,위기대응
R000119,negative,친화력
R000120,positive,소통
R000120,positive,학습력
R000120,negative,리더십
R000121,positive,꼼꼼함
R000121,positive,소통
R000121,positive,일정관리
R000121,positive,학습력
R000121,negative,기술공유
R000122,positive,일정관리
R000122,positive,학습력
R000122,positive,소통
R000122,positive,성실
R000122,negative,위기대응
R000122,negative,협업
R000123,positive,전문성
R000123,positive,위기대응
R000123,positive,일정관리
R000123,positive,성실
R000123,negative,기술공유
R000124,positive,성실
R000124,positive,기획력
R000124,positive,학습력
R000124,positive,소통
R000124,negative,협업
R000125,positive,협업
R000125,positive,리더십
R000125,positive,꼼꼼함
R000125,positive,창의성
R000125,positive,품질의식
R000125,negative,고객대응
R000126,positive,품질의식
R000126,positive,일정관리
R000126,positive,창의성
R000126,positive,협업
R000126,negative,기획력
R000127,positive,일정관리
R000127,positive,문서화
R000127,positive,협업
R000127,positive,창의성
R000127,positive,품질의식
R000127,negative,전문성
R000128,positive,문제해결
R000128,positive,리더십
R000128,positive,품질의식
R000128,negative,친화력
R000128,negative,멘토링
R000129,positive,멘토링
R000129,positive,문제해결
R000129,positive,품질의식
R000129,negative,친화력
R000129,negative,일정관리
R000129,negative,리더십
R000130,positive,위기대응
R000130,positive,기획력
R000130,negative,리더십
R000130,negative,멘토링
R000130,negative,친화력
R000131,positive,고객대응
R000131,positive,꼼꼼함
R000131,positive,소통
R000131,negative,친화력
R000131,negative,일정관리
R000132,positive,전문성
R000132,positive,위기대응
R000132,positive,창의성
R000132,negative,책임감
R000133,positive,문제해결
R000133,positive,소통
R000133,positive,기술공유
R000133,positive,문서화
R000133,positive,꼼꼼함
R000133,negative,일정관리
R000134,positive,품질의식
R000134,positive,소통
R000134,positive,학습력
R000134,positive,문서화
R000134,negative,리더십
R000134,negative,창의성
R000135,positive,소통
R000135,positive,기술공유
R000135,negative,학습력
R000135,negative,책임감
R000136,positive,꼼꼼함
R000136,negative,책임감
R000136,negative,리더십
R000136,negative,학습력
R000137,positive,문제해결
R000137,positive,기술공유
R000137,positive,문서화
R000137,positive,소통
R000137,positive,꼼꼼함
R000137,negative,일정관리
R000138,positive,성실
R000138,positive,품질의식
R000138,positive,기술공유
R000138,negative,꼼꼼함
R000138,negative,기획력
R000139,positive,품질의식
R000139,positive,일정관리
R000139,negative,꼼꼼함
R000139,negative,고객대응
R000139,negative,기획력
R000140,positive,소통
R000140,positive,품질의식
R000140,positive,적극성
R000140,negative,고객대응
R000140,negative,기획력
R000141,positive,일정관리
R000141,positive,전문성
R000141,positive,멘토링
R000141,positive,소통
R000141,negative,기술공유
R000142,positive,꼼꼼함
R000142,positive,전문성
R000142,positive,친화력
R000142,positive,협업
R000142,negative,학습력
R000142,negative,문서화
R000143,positive,문제해결
R000143,negative,학습력
R000143,negative,고객대응
R000144,positive,전문성
R000144,positive,꼼꼼함
R000144,positive,문제해결
R000144,positive,기획력
R000144,negative,협업
R000145,positive,꼼꼼함
R000145,negative,문서화
R000145,negative,소통
R000145,negative,학습력
R000146,positive,꼼꼼함
R000146,positive,문제해결
R000146,positive,친화력
R000146,negative,문서화
R000147,positive,친화력
R000147,positive,문제해결
R000147,negative,멘토링
R000147,negative,학습력
R000147,negative,협업
R000148,positive,문제해결
R000148,positive,학습력
R000148,negative,멘토링
R000148,negative,친화력
R000149,positive,기술공유
R000149,positive,문제해결
R000149,negative,전문성
R000149,negative,책임감
R000149,negative,멘토링
R000149,negative,고객대응
R000150,positive,품질의식
R000150,positive,문제해결
R000150,negative,학습력
R000150,negative,고객대응
R000151,positive,리더십
R000151,positive,학습력
R000151,positive,문제해결
R000151,negative,기술공유
R000151,negative,멘토링
R000151,negative,책임감
R000151,negative,전문성
R000152,positive,문서화
R000152,positive,리더십
R000152,positive,꼼꼼함
R000152,negative,책임감
R000153,positive,창의성
R000153,positive,책임감
R000153,positive,적극성
R000153,positive,친화력
R000153,positive,소통
R000153,negative,위기대응
R000154,positive,소통
R000154,positive,창의성
R000154,positive,기획력
R000154,positive,품질의식
R000154,negative,위기대응
R000154,negative,적극성
R000155,positive,일정관리
R000155,positive,학습력
R000155,positive,창의성
R000155,negative,문제해결
R000155,negative,기획력
R000156,positive,친화력
R000156,positive,책임감
R000156,positive,품질의식
R000156,positive,위기대응
R000156,negative,협업
R000157,positive,위기대응
R000157,positive,리더십
R000157,positive,친화력
R000157,positive,책임감
R000157,positive,품질의식
R000157,negative,협업
R000158,positive,책임감
R000158,positive,품질의식
R000158,positive,적극성
R000158,negative,꼼꼼함
R000158,negative,기획력
R000159,positive,책임감
R000159,positive,리더십
R000159,positive,꼼꼼함
R000159,positive,적극성
R000159,negative,기획력
R000160,positive,기술공유
R000160,positive,성실
R000160,positive,친화력
R000160,negative,품질의식
R000160,negative,고객대응
R000160,negative,리더십
R000161,positive,책임감
R000161,positive,학습력
R000161,positive,기술공유
R000161,negative,기획력
R000162,positive,학습력
R000162,positive,고객대응
R000162,positive,문서화
R000162,positive,책임감
R000162,negative,일정관리
R000163,positive,친화력
R000163,positive,위기대응
R000163,positive,적극성
R000163,negative,품질의식
R000164,positive,책임감
R000164,positive,학습력
R000164,positive,문서화
R000164,negative,품질의식
R000164,negative,기획력
R000165,positive,문서화
R000165,negative,책임감
R000165,negative,고객대응
R000165,negative,리더십
R000165,negative,성실
R000165,negative,협업
R000166,positive,꼼꼼함
R000166,negative,고객대응
R000166,negative,성실
R000166,negative,협업
R000166,negative,책임감
R000167,positive,적극성
R000167,positive,기술공유
R000167,positive,품질의식
R000167,negative,고객대응
R000167,negative,책임감
R000167,negative,성실
R000168,positive,문서화
R000168,positive,성실
R000168,negative,꼼꼼함
R000168,negative,적극성
R000169,positive,품질의식
R000169,negative,일정관리
R000169,negative,책임감
R000170,positive,일정관리
R000170,positive,적극성
R000170,negative,고객대응
R000170,negative,성실
R000171,positive,친화력
R000171,positive,품질의식
R000171,negative,일정관리
R000171,negative,꼼꼼함
R000171,negative,성실
R000172,positive,학습력
R000172,positive,고객대응
R000172,positive,친화력
R000172,positive,품질의식
R000172,negative,기술공유
R000173,positive,학습력
R000173,positive,고객대응
R000173,positive,친화력
R000173,positive,전문성
R000173,negative,일정관리
R000173,negative,성실
R000173,negative,소통
R000174,positive,멘토링
R000174,positive,협업
R000174,positive,리더십
R000174,negative,친화력
R000175,positive,멘토링
R000175,positive,위기대응
R000175,positive,친화력
R000175,positive,성실
R000175,negative,꼼꼼함
R000175,negative,문서화
R000175,negative,전문성
R000176,positive,품질의식
R000176,positive,기획력
R000176,negative,소통
R000176,negative,친화력
R000177,positive,전문성
R000177,positive,리더십
R000177,negative,고객대응
R000178,positive,위기대응
R000178,positive,전문성
R000178,positive,리더십
R000178,positive,기술공유
R000178,negative,친화력
R000179,positive,책임감
R000179,negative,멘토링
R000179,negative,문서화
R000179,negative,꼼꼼함
R000180,positive,책임감
R000180,negative,꼼꼼함
R000180,negative,문서화
R000180,negative,협업
R000181,positive,책임감
R000181,negative,협업
R000181,negative,꼼꼼함
R000181,negative,창의성
R000181,negative,적극성
R000182,positive,책임감
R000182,positive,기술공유
R000182,negative,문서화
R000182,negative,멘토링
R000182,negative,꼼꼼함
R000182,negative,협업
R000183,positive,책임감
R000183,negative,학습력
R000183,negative,친화력
R000183,negative,일정관리
R000183,negative,멘토링
R000184,positive,품질의식
R000184,positive,문제해결
R000184,negative,적극성
R000184,negative,문서화
R000185,positive,문제해결
R000185,positive,기획력
R000185,positive,꼼꼼함
R000185,negative,고객대응
R000185,negative,적극성
R000186,positive,책임감
R000186,positive,품질의식
R000186,negative,창의성
R000187,positive,문제해결
R000187,positive,꼼꼼함
R000187,negative,문서화
R000187,negative,적극성
R000188,positive,학습력
R000188,positive,꼼꼼함
R000188,positive,멘토링
R000188,negative,기획력
R000189,positive,꼼꼼함
R000189,positive,품질의식
R000189,positive,학습력
R000189,positive,문제해결
R000189,negative,소통
R000189,negative,고객대응
R000190,positive,멘토링
R000190,positive,꼼꼼함
R000190,positive,창의성
R000190,positive,학습력
R000190,negative,기술공유
R000190,negative,기획력
R000190,negative,책임감
R000191,positive,기술공유
R000191,negative,성실
R000191,negative,친화력
R000191,negative,품질의식
R000192,positive,문제해결
R000192,negative,친화력
R000192,negative,위기대응
R000192,negative,책임감
R000192,negative,품질의식
R000193,positive,협업
R000193,negative,성실
R000193,negative,위기대응
R000193,negative,학습력
R000194,positive,위기대응
R000194,positive,협업
R000194,positive,학습력
R000194,positive,고객대응
R000194,negative,친화력
R000194,negative,성실
R000195,positive,고객대응
R000195,positive,위기대응
R000195,positive,꼼꼼함
R000195,negative,문제해결
R000195,negative,친화력
R000196,positive,협업
R000196,positive,기술공유
R000196,positive,소통
R000196,positive,고객대응
R000196,negative,책임감
R000197,positive,문서화
R000197,positive,기술공유
R000197,negative,협업
R000197,negative,학습력
R000198,positive,문서화
R000198,positive,일정관리
R000198,positive,위기대응
R000198,negative,창의성
R000198,negative,꼼꼼함
R000199,positive,기획력
R000199,positive,문서화
R000199,negative,학습력
R000199,negative,책임감
R000199,negative,창의성
R000199,negative,협업
R000200,positive,문서화
R000200,positive,기획력
R000200,negative,적극성
R000200,negative,기술공유
R000201,positive,일정관리
R000201,positive,문서화
R000201,positive,문제해결
R000201,positive,협업
R000201,negative,멘토링
R000201,negative,전문성
R000202,positive,문제해결
R000202,positive,문서화
R000202,positive,협업
R000202,negative,친화력
R000203,positive,창의성
R000203,positive,일정관리
R000203,positive,문제해결
R000203,positive,협업
R000203,positive,고객대응
R000203,negative,기획력
R000204,positive,일정관리
R000204,negative,기획력
R000205,positive,일정관리
R000205,positive,멘토링
R000205,positive,전문성
R000205,positive,문제해결
R000205,negative,기획력
R000206,positive,친화력
R000206,negative,기술공유
R000206,negative,멘토링
R000207,positive,일정관리
R000207,positive,전문성
R000207,negative,기술공유
R000207,negative,기획력
R000208,positive,품질의식
R000208,negative,친화력
R000208,negative,멘토링
R000208,negative,책임감
R000208,negative,문서화
R000209,positive,친화력
R000209,positive,기술공유
R000209,negative,멘토링
R000209,negative,문서화
R000210,positive,전문성
R000210,positive,리더십
R000210,positive,친화력
R000210,negative,품질의식
R000211,positive,창의성
R000211,negative,학습력
R000211,negative,일정관리
R000211,negative,멘토링
R000212,positive,기술공유
R000212,negative,책임감
R000212,negative,문서화
R000212,negative,학습력
R000213,positive,책임감
R000213,negative,문제해결
R000213,negative,성실
R000214,positive,꼼꼼함
R000214,positive,고객대응
R000214,positive,품질의식
R000214,negative,일정관리
R000214,negative,위기대응
R000215,positive,품질의식
R000215,negative,문서화
R000215,negative,전문성
R000215,negative,문제해결
R000216,positive,기획력
R000216,positive,소통
R000216,positive,기술공유
R000216,negative,문제해결
R000217,positive,친화력
R000217,negative,전문성
R000217,negative,문서화
R000218,positive,문제해결
R000218,positive,책임감
R000218,positive,품질의식
R000218,positive,적극성
R000218,positive,창의성
R000218,negative,학습력
R000219,positive,책임감
R000219,positive,적극성
R000219,positive,멘토링
R000219,positive,문제해결
R000219,positive,창의성
R000219,negative,협업
R000219,negative,친화력
R000219,negative,소통
R000220,positive,창의성
R000220,positive,문제해결
R000220,positive,적극성
R000220,negative,학습력
R000220,negative,친화력
R000221,positive,책임감
R000221,positive,꼼꼼함
R000221,positive,적극성
R000221,positive,기획력
R000221,negative,기술공유
R000222,positive,성실
R000222,positive,책임감
R000222,positive,협업
R000222,positive,일정관리
R000222,negative,소통
R000223,positive,품질의식
R000223,positive,기획력
R000223,positive,고객대응
R000223,negative,책임감
R000223,negative,창의성
R000224,positive,위기대응
R000224,positive,멘토링
R000224,positive,고객대응
R000224,positive,기획력
R000224,negative,적극성
R000224,negative,꼼꼼함
R000225,positive,친화력
R000225,positive,책임감
R000225,positive,위기대응
R000225,positive,적극성
R000225,positive,품질의식
R000225,negative,일정관리
R000226,positive,품질의식
R000226,positive,기획력
R000226,positive,고객대응
R000226,positive,적극성
R000226,negative,기술공유
R000226,negative,문제해결
R000226,negative,책임감
R000227,positive,꼼꼼함
R000227,positive,고객대응
R000227,positive,성실
R000227,positive,적극성
R000227,negative,기획력
R000228,positive,문제해결
R000228,positive,창의성
R000228,positive,멘토링
R000228,negative,품질의식
R000228,negative,전문성
R000229,positive,창의성
R000229,positive,멘토링
R000229,negative,책임감
R000229,negative,품질의식
R000230,positive,고객대응
R000230,positive,성실
R000230,positive,꼼꼼함
R000230,positive,창의성
R000230,negative,적극성
R000231,positive,일정관리
R000231,positive,고객대응
R000231,negative,기획력
R000231,negative,전문성
R000231,negative,품질의식
R000232,positive,위기대응
R000232,positive,책임감
R000232,positive,고객대응
R000232,negative,성실
R000233,positive,위기대응
R000233,positive,친화력
R000233,positive,창의성
R000233,negative,책임감
R000233,negative,품질의식
R000233,negative,꼼꼼함
R000234,positive,소통
R000234,positive,기획력
R000234,positive,품질의식
R000234,positive,멘토링
R000234,negative,친화력
R000234,negative,기술공유
R000235,positive,멘토링
R000235,positive,위기대응
R000235,negative,품질의식
R000235,negative,책임감
R000235,negative,친화력
R000236,positive,기획력
R000236,positive,학습력
R000236,negative,친화력
R000237,positive,문제해결
R000237,positive,친화력
R000237,negative,리더십
R000237,negative,창의성
R000238,positive,리더십
R000238,negative,소통
R000238,negative,멘토링
R000239,positive,리더십
R000239,negative,친화력
R000239,negative,꼼꼼함
R000239,negative,기획력
R000239,negative,멘토링
R000240,positive,소통
R000240,negative,친화력
R000240,negative,협업
R000241,positive,소통
R000241,positive,책임감
R000241,negative,창의성
R000241,negative,성실
R000241,negative,고객대응
R000241,negative,친화력
R000242,positive,학습력
R000242,negative,협업
R000242,negative,친화력
R000242,negative,기술공유
R000243,positive,협업
R000243,positive,위기대응
R000243,negative,품질의식
R000243,negative,전문성
R000244,positive,문서화
R000244,positive,협업
R000244,positive,성실
R000244,positive,위기대응
R000244,negative,품질의식
R000245,positive,학습력
R000245,positive,위기대응
R000245,negative,문제해결
R000246,positive,일정관리
R000246,positive,성실
R000246,positive,위기대응
R000246,positive,기획력
R000246,negative,품질의식
R000247,positive,위기대응
R000247,positive,문서화
R000247,positive,학습력
R000247,negative,전문성
R000248,positive,기획력
R000248,positive,협업
R000248,positive,문서화
R000248,positive,학습력
R000248,positive,꼼꼼함
R000248,negative,성실
R000248,negative,전문성
R000249,positive,학습력
R000249,positive,기술공유
R000249,positive,멘토링
R000249,negative,협업
R000250,positive,적극성
R000250,positive,품질의식
R000250,positive,소통
R000250,negative,기획력
R000251,positive,성실
R000251,positive,품질의식
R000251,negative,전문성
R000251,negative,리더십
R000251,negative,협업
R000252,positive,리더십
R000252,positive,적극성
R000252,negative,책임감
R000253,positive,창의성
R000253,positive,리더십
R000253,positive,소통
R000253,negative,문서화
R000254,positive,전문성
R000254,positive,멘토링
R000254,positive,소통
R000254,positive,적극성
R000254,negative,성실
R000255,positive,창의성
R000255,positive,멘토링
R000255,positive,소통
R000255,negative,리더십
R000255,negative,적극성
R000256,positive,소통
R000256,positive,창의성
R000256,positive,고객대응
R000256,positive,전문성
R000256,negative,기획력
R000257,positive,협업
R000257,positive,위기대응
R000257,positive,성실
R000257,positive,전문성
R000257,negative,일정관리
R000258,positive,협업
R000258,positive,소통
R000258,positive,성실
R000258,positive,문제해결
R000258,negative,멘토링
R000259,positive,리더십
R000259,positive,성실
R000259,negative,꼼꼼함
R000260,positive,문서화
R000260,positive,협업
R000260,positive,창의성
R000260,positive,고객대응
R000260,positive,성실
R000260,negative,멘토링
R000260,negative,기술공유
R000261,positive,고객대응
R000261,negative,문제해결
R000262,positive,고객대응
R000262,positive,품질의식
R000262,positive,기술공유
R000262,negative,성실
R000262,negative,협업
R000263,positive,기획력
R000263,positive,품질의식
R000263,positive,고객대응
R000263,negative,문서화
R000263,negative,리더십
R000263,negative,협업
R000264,positive,일정관리
R000264,positive,리더십
R000264,positive,적극성
R000264,negative,위기대응
R000264,negative,성실
R000265,positive,일정관리
R000265,positive,창의성
R000265,positive,소통
R000265,negative,위기대응
R000265,negative,책임감
R000266,positive,창의성
R000266,negative,위기대응
R000266,negative,협업
R000267,positive,꼼꼼함
R000267,positive,위기대응
R000267,negative,기획력
R000267,negative,전문성
R000267,negative,멘토링
R000268,positive,품질의식
R000268,positive,고객대응
R000268,positive,책임감
R000268,negative,창의성
R000269,positive,소통
R000269,positive,기술공유
R000269,positive,책임감
R000269,positive,고객대응
R000269,negative,기획력
R000269,negative,전문성
R000269,negative,꼼꼼함
R000270,positive,친화력
R000270,positive,고객대응
R000270,positive,기술공유
R000270,positive,꼼꼼함
R000270,negative,전문성
R000271,positive,문제해결
R000271,positive,문서화
R000271,negative,성실
R000271,negative,창의성
R000272,positive,고객대응
R000272,positive,문제해결
R000272,positive,일정관리
R000272,negative,리더십
R000272,negative,성실
R000273,positive,창의성
R000273,positive,문서화
R000273,positive,성실
R000273,negative,위기대응
R000273,negative,멘토링
R000273,negative,꼼꼼함
R000274,positive,문제해결
R000274,positive,멘토링
R000274,negative,창의성
R000274,negative,성실
R000274,negative,리더십
R000274,negative,책임감
R000275,positive,문제해결
R000275,negative,고객대응
R000275,negative,창의성
R000276,positive,멘토링
R000276,positive,적극성
R000276,positive,친화력
R000276,negative,기술공유
R000277,positive,멘토링
R000277,positive,문서화
R000277,positive,적극성
R000277,positive,친화력
R000277,negative,기획력
R000277,negative,책임감
R000278,positive,학습력
R000278,positive,친화력
R000278,positive,문서화
R000278,negative,적극성
R000278,negative,소통
R000279,positive,친화력
R000279,positive,적극성
R000279,positive,책임감
R000279,negative,꼼꼼함
R000280,positive,친화력
R000280,positive,일정관리
R000280,positive,멘토링
R000280,negative,책임감
R000280,negative,꼼꼼함
R000280,negative,소통
R000281,positive,성실
R000281,positive,문제해결
R000281,positive,품질의식
R000281,positive,소통
R000281,negative,멘토링
R000282,positive,소통
R000282,positive,협업
R000282,positive,적극성
R000282,negative,책임감
R000282,negative,위기대응
R000283,positive,협업
R000283,positive,소통
R000283,positive,리더십
R000283,positive,성실
R000283,positive,일정관리
R000283,negative,위기대응
R000283,negative,전문성
R000284,positive,문제해결
R000284,positive,소통
R000284,positive,협업
R000284,negative,전문성
R000284,negative,위기대응
R000285,positive,협업
R000285,positive,일정관리
R000285,positive,적극성
R000285,positive,고객대응
R000285,negative,전문성
R000285,negative,위기대응
R000286,positive,성실
R000286,positive,품질의식
R000286,positive,고객대응
R000286,positive,소통
R000286,positive,친화력
R000286,negative,문서화
R000287,positive,책임감
R000287,negative,위기대응
R000287,negative,기획력
R000287,negative,적극성
R000287,negative,품질의식
R000288,positive,일정관리
R000288,positive,꼼꼼함
R000288,negative,고객대응
R000288,negative,위기대응
R000288,negative,품질의식
R000289,positive,협업
R000289,negative,위기대응
R000289,negative,기획력
R000289,negative,고객대응
R000290,positive,꼼꼼함
R000290,positive,협업
R000290,positive,책임감
R000290,negative,창의성
R000290,negative,품질의식
R000290,negative,학습력
R000291,positive,책임감
R000291,negative,리더십
R000291,negative,고객대응
R000291,negative,학습력
R000292,positive,품질의식
R000292,positive,학습력
R000292,positive,소통
R000292,positive,문제해결
R000292,positive,문서화
R000292,negative,고객대응
R000293,positive,품질의식
R000293,positive,문서화
R000293,positive,학습력
R000293,positive,리더십
R000293,positive,기술공유
R000293,negative,꼼꼼함
R000294,positive,문서화
R000294,positive,품질의식
R000294,positive,리더십
R000294,negative,적극성
R000294,negative,꼼꼼함
R000295,positive,문제해결
R000295,positive,책임감
R000295,positive,학습력
R000295,negative,위기대응
R000296,positive,문서화
R000296,positive,적극성
R000296,negative,전문성
R000296,negative,소통
R000296,negative,고객대응
R000297,positive,기술공유
R000297,positive,친화력
R000297,negative,기획력
R000297,negative,꼼꼼함
R000298,positive,기획력
R000298,positive,일정관리
R000298,positive,꼼꼼함
R000298,negative,기술공유
R000298,negative,성실
R000299,positive,위기대응
R000299,positive,책임감
R000299,negative,기술공유
R000299,negative,성실
R000300,positive,위기대응
R000300,positive,친화력
R000300,positive,기획력
R000300,negative,품질의식
R000300,negative,기술공유
R000301,positive,위기대응
R000301,positive,문제해결
R000301,positive,기획력
R000301,positive,소통
R000301,negative,성실
R000302,positive,기획력
R000302,positive,일정관리
R000302,negative,리더십
R000302,negative,기술공유
R000303,positive,위기대응
R000303,positive,일정관리
R000303,positive,전문성
R000303,negative,기술공유
R000303,negative,소통
R000304,positive,학습력
R000304,positive,협업
R000304,negative,위기대응
R000305,positive,문서화
R000305,positive,문제해결
R000305,negative,책임감
R000306,positive,책임감
R000306,negative,소통
R000306,negative,리더십
R000306,negative,위기대응
R000307,positive,성실
R000307,positive,친화력
R000307,negative,소통
R000307,negative,위기대응
R000307,negative,리더십
R000307,negative,협업
R000307,negative,적극성
R000308,positive,멘토링
R000308,negative,적극성
R000308,negative,일정관리
R000308,negative,위기대응
R000309,positive,소통
R000309,negative,창의성
R000309,negative,멘토링
R000309,negative,일정관리
R000310,positive,기술공유
R000310,negative,소통
R000310,negative,꼼꼼함
R000311,positive,꼼꼼함
R000311,positive,문서화
R000311,negative,멘토링
R000311,negative,창의성
R000312,positive,기획력
R000312,positive,품질의식
R000312,negative,성실
R000312,negative,적극성
R000312,negative,책임감
R000313,positive,전문성
R000313,positive,적극성
R000313,positive,소통
R000313,positive,품질의식
R000313,negative,창의성
R000314,positive,책임감
R000314,positive,문제해결
R000314,positive,창의성
R000314,positive,협업
R000314,negative,성실
R000315,positive,전문성
R000315,positive,적극성
R000315,positive,품질의식
R000315,positive,소통
R000315,negative,꼼꼼함
R000316,positive,협업
R000316,negative,창의성
R000316,negative,성실
R000317,positive,기술공유
R000317,positive,책임감
R000317,positive,위기대응
R000317,positive,멘토링
R000317,negative,학습력
R000318,positive,리더십
R000318,positive,기술공유
R000318,positive,멘토링
R000318,negative,일정관리
R000319,positive,적극성
R000319,negative,책임감
R000319,negative,리더십
R000320,positive,품질의식
R000320,positive,창의성
R000320,positive,기획력
R000320,positive,기술공유
R000320,negative,고객대응
R000321,positive,협업
R000321,positive,멘토링
R000321,positive,창의성
R000321,negative,고객대응
R000322,positive,창의성
R000322,positive,문서화
R000322,positive,멘토링
R000322,positive,고객대응
R000322,positive,위기대응
R000322,negative,품질의식
R000323,positive,책임감
R000323,positive,문서화
R000323,positive,창의성
R000323,positive,기획력
R000323,positive,리더십
R000323,negative,꼼꼼함
R000323,negative,문제해결
R000324,positive,협업
R000324,negative,친화력
R000324,negative,꼼꼼함
R000324,negative,멘토링
R000325,positive,책임감
R000325,positive,성실
R000325,positive,협업
R000325,negative,고객대응
R000325,negative,위기대응
R000325,negative,기획력
R000326,positive,기획력
R000326,positive,일정관리
R000326,positive,문서화
R000326,negative,전문성
R000326,negative,적극성
R000327,positive,학습력
R000327,negative,성실
R000328,positive,협업
R000328,positive,멘토링
R000328,positive,위기대응
R000328,positive,전문성
R000328,positive,학습력
R000328,negative,꼼꼼함
R000328,negative,창의성
R000329,positive,기술공유
R000329,positive,멘토링
R000329,negative,협업
R000329,negative,고객대응
R000330,positive,창의성
R000330,positive,멘토링
R000330,negative,꼼꼼함
R000330,negative,적극성
R000331,positive,문제해결
R000331,positive,학습력
R000331,positive,문서화
R000331,negative,친화력
R000331,negative,품질의식
R000332,positive,기술공유
R000332,positive,멘토링
R000332,positive,협업
R000332,positive,고객대응
R000332,negative,기획력
R000333,positive,문제해결
R000333,positive,문서화
R000333,positive,학습력
R000333,negative,품질의식
R000334,positive,멘토링
R000334,positive,일정관리
R000334,positive,친화력
R000334,negative,창의성
R000335,positive,성실
R000335,positive,문제해결
R000335,positive,학습력
R000335,negative,기획력
R000336,positive,협업
R000336,negative,책임감
R000336,negative,위기대응
R000336,negative,리더십
R000337,positive,학습력
R000337,positive,협업
R000337,negative,기획력
R000337,negative,문제해결
R000337,negative,꼼꼼함
R000337,negative,책임감
R000338,positive,리더십
R000338,positive,친화력
R000338,negative,기획력
R000338,negative,창의성
R000339,positive,협업
R000339,negative,리더십
R000339,negative,책임감
R000339,negative,창의성
R000339,negative,기술공유
R000340,positive,책임감
R000340,negative,기획력
R000340,negative,문서화
R000341,positive,품질의식
R000341,positive,고객대응
R000341,negative,일정관리
R000341,negative,기획력
R000341,negative,창의성
R000341,negative,적극성
R000342,positive,책임감
R000342,positive,멘토링
R000342,negative,일정관리
R000342,negative,기획력
R000342,negative,기술공유
R000343,positive,책임감
R000343,positive,품질의식
R000343,negative,리더십
R000344,positive,멘토링
R000344,negative,기획력
R000344,negative,학습력
R000344,negative,리더십
R000345,positive,창의성
R000345,negative,학습력
R000345,negative,리더십
R000345,negative,멘토링
R000346,positive,전문성
R000346,negative,멘토링
R000347,positive,일정관리
R000347,negative,기획력
R000348,positive,멘토링
R000348,positive,문제해결
R000348,negative,품질의식
R000349,positive,일정관리
R000349,negative,꼼꼼함
R000349,negative,품질의식
R000350,positive,친화력
R000350,positive,일정관리
R000350,negative,꼼꼼함
R000350,negative,기획력
R000350,negative,문제해결
R000350,negative,품질의식
R000351,positive,친화력
R000351,positive,멘토링
R000351,positive,창의성
R000351,negative,꼼꼼함
R000351,negative,기획력
R000352,positive,창의성
R000352,positive,멘토링
R000352,negative,성실
R000353,positive,협업
R000353,positive,품질의식
R000353,positive,꼼꼼함
R000353,negative,기술공유
R000353,negative,친화력
R000354,positive,위기대응
R000354,positive,협업
R000354,negative,성실
R000355,positive,기획력
R000355,negative,친화력
R000355,negative,일정관리
R000355,negative,책임감
R000356,positive,협업
R000356,negative,적극성
R000356,negative,친화력
R000357,positive,문서화
R000357,positive,성실
R000357,negative,친화력
R000357,negative,책임감
R000358,positive,품질의식
R000358,positive,창의성
R000358,positive,소통
R000358,negative,책임감
R000358,negative,친화력
R000358,negative,일정관리
R000359,positive,기획력
R000359,positive,문제해결
R000359,negative,학습력
R000359,negative,품질의식
R000359,negative,성실
R000360,positive,일정관리
R000360,positive,꼼꼼함
R000360,negative,성실
R000360,negative,적극성
R000361,positive,멘토링
R000361,positive,고객대응
R000361,positive,성실
R000361,negative,소통
R000361,negative,학습력
R000362,positive,문서화
R000362,positive,꼼꼼함
R000362,positive,문제해결
R000362,negative,일정관리
R000363,positive,멘토링
R000363,positive,책임감
R000363,negative,고객대응
R000364,positive,성실
R000364,positive,적극성
R000364,positive,학습력
R000364,positive,리더십
R000364,negative,꼼꼼함
R000365,positive,전문성
R000365,positive,문서화
R000365,negative,고객대응
R000365,negative,위기대응
R000366,positive,문서화
R000366,positive,품질의식
R000366,positive,전문성
R000366,negative,성실
R000367,positive,전문성
R000367,positive,문서화
R000367,negative,리더십
R000367,negative,꼼꼼함
R000368,positive,소통
R000368,positive,적극성
R000368,positive,품질의식
R000368,negative,위기대응
R000368,negative,고객대응
R000369,positive,기술공유
R000369,positive,창의성
R000369,positive,협업
R000369,positive,학습력
R000369,negative,위기대응
R000369,negative,고객대응
R000370,positive,협업
R000370,positive,성실
R000370,positive,창의성
R000370,positive,전문성
R000370,positive,적극성
R000370,negative,고객대응
R000371,positive,학습력
R000371,positive,창의성
R000371,positive,적극성
R000371,positive,협업
R000371,negative,위기대응
R000371,negative,기획력
R000372,positive,협업
R000372,positive,학습력
R000372,positive,성실
R000372,negative,적극성
R000373,positive,일정관리
R000373,positive,기술공유
R000373,positive,책임감
R000373,negative,리더십
R000373,negative,소통
R000374,positive,기술공유
R000374,positive,품질의식
R000374,positive,일정관리
R000374,negative,협업
R000374,negative,학습력
R000374,negative,소통
R000375,positive,기획력
R000375,negative,협업
R000375,negative,적극성
R000375,negative,소통
R000376,positive,일정관리
R000376,positive,기술공유
R000376,positive,멘토링
R000376,positive,책임감
R000376,negative,적극성
R000376,negative,협업
R000377,positive,기술공유
R000377,positive,꼼꼼함
R000377,positive,멘토링
R000377,negative,협업
R000378,positive,위기대응
R000378,negative,적극성
R000378,negative,협업
R000378,negative,소통
R000379,positive,위기대응
R000379,positive,기술공유
R000379,positive,창의성
R000379,positive,협업
R000379,negative,꼼꼼함
R000380,positive,문제해결
R000380,positive,친화력
R000380,positive,적극성
R000380,positive,기획력
R000380,negative,학습력
R000380,negative,고객대응
R000381,positive,기획력
R000381,positive,성실
R000381,positive,협업
R000381,negative,고객대응
R000382,positive,창의성
R000382,positive,기획력
R000382,positive,품질의식
R000382,positive,기술공유
R000382,negative,학습력
R000382,negative,고객대응
R000383,positive,리더십
R000383,negative,적극성
R000383,negative,책임감
R000384,positive,학습력
R000384,positive,적극성
R000384,positive,고객대응
R000384,negative,친화력
R000384,negative,문제해결
R000385,positive,리더십
R000385,positive,적극성
R000385,negative,성실
R000385,negative,품질의식
R000386,positive,적극성
R000386,positive,협업
R000386,positive,멘토링
R000386,negative,학습력
R000386,negative,성실
R000387,positive,멘토링
R000387,positive,일정관리
R000387,positive,협업
R000387,negative,고객대응
R000388,positive,소통
R000388,positive,성실
R000388,positive,협업
R000388,negative,멘토링
R000388,negative,문서화
R000388,negative,일정관리
R000389,positive,문서화
R000389,negative,전문성
R000390,positive,친화력
R000390,positive,협업
R000390,positive,리더십
R000390,negative,문제해결
R000390,negative,문서화
R000391,positive,품질의식
R000391,positive,위기대응
R000391,positive,적극성
R000391,positive,협업
R000391,positive,책임감
R000391,negative,멘토링
R000392,positive,학습력
R000392,positive,성실
R000392,positive,적극성
R000392,positive,협업
R000392,negative,일정관리
R000393,positive,꼼꼼함
R000393,positive,학습력
R000393,negative,일정관리
R000394,positive,멘토링
R000394,positive,창의성
R000394,positive,꼼꼼함
R000394,positive,기획력
R000394,negative,일정관리
R000395,positive,품질의식
R000395,positive,멘토링
R000395,positive,친화력
R000395,positive,창의성
R000395,negative,책임감
R000395,negative,일정관리
R000396,positive,고객대응
R000396,positive,문서화
R000396,positive,위기대응
R000396,positive,소통
R000396,positive,문제해결
R000396,negative,적극성
R000396,negative,기술공유
R000397,positive,품질의식
R000397,positive,고객대응
R000397,positive,책임감
R000397,negative,창의성
R000398,positive,문제해결
R000398,positive,위기대응
R000398,positive,소통
R000398,negative,창의성
R000399,positive,학습력
R000399,positive,문제해결
R000399,positive,문서화
R000399,negative,기획력
R000399,negative,고객대응
R000400,positive,문제해결
R000400,negative,기획력
R000400,negative,꼼꼼함
R000400,negative,고객대응
R000401,positive,꼼꼼함
R000401,positive,문제해결
R000401,positive,일정관리
R000401,positive,전문성
R000401,negative,기획력
R000401,negative,문서화
R000402,positive,문서화
R000402,positive,기술공유
R000402,positive,품질의식
R000402,negative,성실
R000403,positive,창의성
R000403,negative,고객대응
R000403,negative,문서화
R000403,negative,문제해결
R000404,positive,위기대응
R000404,negative,문서화
R000404,negative,문제해결
R000404,negative,고객대응
R000405,positive,멘토링
R000405,positive,협업
R000405,negative,문제해결
R000406,positive,소통
R000406,positive,품질의식
R000406,positive,협업
R000406,negative,학습력
R000406,negative,친화력
R000407,positive,소통
R000407,positive,고객대응
R000407,positive,협업
R000407,negative,리더십
R000407,negative,친화력
R000408,positive,리더십
R000408,positive,문제해결
R000408,positive,전문성
R000408,positive,협업
R000408,positive,꼼꼼함
R000408,negative,일정관리
R000408,negative,친화력
R000409,positive,소통
R000409,positive,적극성
R000409,negative,학습력
R000409,negative,위기대응
R000409,negative,리더십
R000410,positive,전문성
R000410,positive,협업
R000410,positive,일정관리
R000410,negative,소통
R000411,positive,꼼꼼함
R000411,positive,협업
R000411,positive,전문성
R000411,positive,친화력
R000411,positive,품질의식
R000411,negative,위기대응
R000411,negative,리더십
R000412,positive,소통
R000412,negative,고객대응
R000412,negative,위기대응
R000413,positive,기술공유
R000413,positive,고객대응
R000413,positive,협업
R000413,negative,책임감
R000413,negative,적극성
R000414,positive,협업
R000414,positive,고객대응
R000414,positive,문서화
R000414,negative,성실
R000415,positive,고객대응
R000415,positive,문제해결
R000415,positive,기획력
R000415,negative,친화력
R000415,negative,책임감
R000416,positive,위기대응
R000416,positive,고객대응
R000416,negative,성실
R000417,positive,전문성
R000417,positive,협업
R000417,negative,위기대응
R000417,negative,문서화
R000417,negative,책임감
R000418,positive,소통
R000418,negative,고객대응
R000418,negative,성실
R000418,negative,위기대응
R000419,positive,성실
R000419,positive,전문성
R000419,negative,일정관리
R000420,positive,소통
R000420,negative,고객대응
R000420,negative,위기대응
R000421,positive,책임감
R000421,negative,위기대응
R000421,negative,전문성
R000421,negative,일정관리
R000421,negative,친화력
R000422,positive,성실
R000422,positive,문제해결
R000422,positive,적극성
R000422,negative,일정관리
R000423,positive,전문성
R000423,positive,협업
R000423,positive,적극성
R000423,positive,성실
R000423,positive,위기대응
R000423,negative,소통
R000424,positive,성실
R000424,positive,협업
R000424,negative,멘토링
R000424,negative,기술공유
R000425,positive,적극성
R000425,positive,성실
R000425,positive,창의성
R000425,negative,멘토링
R000425,negative,소통
R000426,positive,리더십
R000426,positive,협업
R000426,positive,책임감
R000426,negative,소통
R000426,negative,기술공유
R000426,negative,창의성
R000427,positive,성실
R000427,negative,멘토링
R000427,negative,친화력
R000427,negative,기술공유
R000428,positive,문제해결
R000428,positive,성실
R000428,positive,책임감
R000428,negative,적극성
R000429,positive,기술공유
R000429,positive,문서화
R000429,positive,문제해결
R000429,negative,멘토링
R000430,positive,기술공유
R000430,positive,문제해결
R000430,positive,책임감
R000430,negative,전문성
R000431,positive,기술공유
R000431,positive,책임감
R000431,positive,일정관리
R000431,negative,품질의식
R000431,negative,성실
R000432,positive,전문성
R000432,positive,기술공유
R000432,positive,창의성
R000432,positive,문제해결
R000432,negative,품질의식
R000432,negative,적극성
R000433,positive,학습력
R000433,positive,기술공유
R000433,positive,일정관리
R000433,negative,품질의식
R000433,negative,성실
R000434,positive,학습력
R000434,positive,기술공유
R000434,negative,성실
R000435,positive,꼼꼼함
R000435,positive,전문성
R000435,negative,위기대응
R000435,negative,적극성
R000436,positive,학습력
R000436,positive,기술공유
R000436,negative,위기대응
R000436,negative,문서화
R000437,positive,꼼꼼함
R000437,positive,학습력
R000437,negative,성실
R000437,negative,위기대응
R000438,positive,소통
R000438,negative,성실
R000438,negative,리더십
R000439,positive,꼼꼼함
R000439,positive,기술공유
R000439,negative,위기대응
R000439,negative,적극성
R000440,positive,고객대응
R000440,positive,기획력
R000440,positive,기술공유
R000440,negative,소통
R000441,positive,성실
R000441,positive,품질의식
R000441,negative,고객대응
R000442,positive,멘토링
R000442,positive,기술공유
R000442,positive,성실
R000442,negative,위기대응
R000442,negative,리더십
R000443,positive,품질의식
R000443,positive,일정관리
R000443,positive,꼼꼼함
R000443,negative,고객대응
R000443,negative,소통
R000443,negative,리더십
R000444,positive,문서화
R000444,positive,품질의식
R000444,positive,일정관리
R000444,negative,소통
R000444,negative,고객대응
R000444,negative,문제해결
R000445,positive,기술공유
R000445,positive,성실
R000445,negative,멘토링
R000445,negative,소통
R000446,positive,소통
R000446,negative,문제해결
R000446,negative,기술공유
R000447,positive,멘토링
R000447,negative,적극성
R000447,negative,친화력
R000448,positive,적극성
R000448,negative,기획력
R000449,positive,학습력
R000449,negative,친화력
R000449,negative,기술공유
R000449,negative,문서화
R000450,positive,리더십
R000450,positive,적극성
R000450,positive,위기대응
R000450,positive,문서화
R000450,negative,멘토링
R000450,negative,책임감
R000451,positive,위기대응
R000451,positive,리더십
R000451,negative,품질의식
R000452,positive,전문성
R000452,positive,리더십
R000452,positive,소통
R000452,negative,책임감
R000452,negative,기술공유
R000452,negative,협업
R000453,positive,협업
R000453,positive,성실
R000453,negative,친화력
R000453,negative,학습력
R000454,positive,성실
R000454,negative,친화력
R000454,negative,기획력
R000454,negative,문서화
R000454,negative,멘토링
R000455,positive,창의성
R000455,negative,친화력
R000455,negative,기획력
R000455,negative,협업
R000455,negative,문서화
R000456,positive,책임감
R000456,positive,문서화
R000456,negative,고객대응
R000456,negative,멘토링
R000457,positive,위기대응
R000457,positive,고객대응
R000457,negative,전문성
R000457,negative,협업
R000457,negative,적극성
R000458,positive,위기대응
R000458,positive,고객대응
R000458,positive,꼼꼼함
R000458,negative,전문성
R000458,negative,멘토링
R000459,positive,꼼꼼함
R000459,positive,일정관리
R000459,negative,전문성
R000459,negative,적극성
R000460,positive,협업
R000460,negative,기술공유
R000460,negative,문제해결
R000460,negative,꼼꼼함
R000461,positive,문서화
R000461,negative,문제해결
R000461,negative,전문성
R000462,positive,꼼꼼함
R000462,negative,적극성
R000462,negative,문제해결
R000462,negative,전문성
R000463,positive,창의성
R000463,negative,꼼꼼함
R000463,negative,문제해결
R000464,positive,창의성
R000464,positive,위기대응
R000464,positive,문서화
R000464,negative,기술공유
R000465,positive,협업
R000465,positive,책임감
R000465,negative,소통
R000466,positive,친화력
R000466,positive,위기대응
R000466,negative,소통
R000467,positive,품질의식
R000467,positive,위기대응
R000467,positive,창의성
R000467,negative,꼼꼼함
R000467,negative,고객대응
R000468,positive,협업
R000468,positive,일정관리
R000468,positive,리더십
R000468,positive,적극성
R000468,negative,품질의식
R000469,positive,기술공유
R000469,positive,적극성
R000469,negative,꼼꼼함
R000470,positive,꼼꼼함
R000470,positive,기술공유
R000470,positive,문서화
R000470,negative,고객대응
R000470,negative,문제해결
R000470,negative,학습력
R000471,positive,기술공유
R000471,negative,멘토링
R000471,negative,꼼꼼함
R000471,negative,학습력
R000472,positive,리더십
R000472,positive,적극성
R000472,positive,일정관리
R000472,positive,책임감
R000472,negative,성실
R000472,negative,멘토링
R000473,positive,일정관리
R000473,positive,리더십
R000473,positive,품질의식
R000473,negative,성실
R000474,positive,문서화
R000474,positive,위기대응
R000474,positive,기획력
R000474,negative,품질의식
R000475,positive,기획력
R000475,positive,문서화
R000475,positive,리더십
R000475,negative,문제해결
R000475,negative,성실
R000476,positive,리더십
R000476,positive,일정관리
R000476,positive,위기대응
R000476,negative,품질의식
R000477,positive,문제해결
R000477,positive,기술공유
R000477,positive,리더십
R000477,positive,품질의식
R000477,negative,위기대응
R000477,negative,소통
R000478,positive,성실
R000478,negative,협업
R000478,negative,문서화
R000478,negative,일정관리
R000478,negative,위기대응
R000479,positive,멘토링
R000479,negative,협업
R000479,negative,위기대응
R000480,positive,리더십
R000480,negative,위기대응
R000480,negative,성실
R000481,positive,문제해결
R000481,positive,리더십
R000481,negative,협업
R000481,negative,학습력
R000482,positive,리더십
R000482,negative,협업
R000482,negative,소통
R000482,negative,위기대응
R000483,positive,소통
R000483,positive,창의성
R000483,negative,문제해결
R000484,positive,문제해결
R000484,positive,책임감
R000484,negative,품질의식
R000484,negative,문서화
R000485,positive,협업
R000485,positive,문제해결
R000485,negative,리더십
R000485,negative,위기대응
R000486,positive,문서화
R000486,negative,리더십
R000486,negative,위기대응
R000487,positive,협업
R000487,negative,리더십
R000487,negative,성실
R000487,negative,기획력
R000487,negative,위기대응
R000488,positive,책임감
R000488,positive,학습력
R000488,positive,위기대응
R000488,negative,문제해결
R000489,positive,문제해결
R000489,positive,학습력
R000489,positive,기술공유
R000489,negative,품질의식
R000489,negative,일정관리
R000489,negative,멘토링
R000490,positive,책임감
R000490,positive,학습력
R000490,negative,품질의식
R000490,negative,협업
R000491,positive,적극성
R000491,positive,책임감
R000491,positive,기술공유
R000491,positive,품질의식
R000491,negative,전문성
R000492,positive,적극성
R000492,positive,꼼꼼함
R000492,negative,문제해결
R000492,negative,협업
R000493,positive,전문성
R000493,positive,리더십
R000493,negative,성실
R000493,negative,적극성
R000494,positive,리더십
R000494,positive,일정관리
R000494,positive,성실
R000494,negative,문서화
R000495,positive,리더십
R000495,positive,꼼꼼함
R000495,positive,전문성
R000495,negative,위기대응
R000496,positive,문서화
R000496,positive,리더십
R000496,positive,협업
R000496,negative,고객대응
R000496,negative,적극성
R000497,positive,협업
R000497,positive,기술공유
R000497,positive,전문성
R000497,positive,일정관리
R000497,negative,책임감
R000497,negative,품질의식
R000498,positive,리더십
R000498,positive,일정관리
R000498,positive,협업
R000498,positive,성실
R000498,negative,기술공유
R000498,negative,고객대응
R000498,negative,책임감
R000499,positive,일정관리
R000499,positive,꼼꼼함
R000499,positive,전문성
R000499,positive,기획력
R000499,positive,리더십
R000499,negative,협업
R000500,positive,적극성
R000500,positive,멘토링
R000500,positive,꼼꼼함
R000500,positive,기술공유
R000500,positive,고객대응
R000500,negative,창의성
R000501,positive,기술공유
R000501,positive,꼼꼼함
R000501,positive,적극성
R000501,negative,소통
R000502,positive,기술공유
R000502,positive,책임감
R000502,negative,창의성
R000503,positive,일정관리
R000503,positive,적극성
R000503,positive,문제해결
R000503,negative,소통
R000503,negative,성실
R000504,positive,일정관리
R000504,positive,리더십
R000504,negative,성실
R000505,positive,협업
R000505,positive,적극성
R000505,positive,소통
R000505,positive,문제해결
R000505,positive,기획력
R000505,negative,성실
R000506,positive,위기대응
R000506,positive,적극성
R000506,positive,고객대응
R000506,positive,문제해결
R000506,positive,일정관리
R000506,negative,기획력
R000507,positive,협업
R000507,positive,품질의식
R000507,positive,소통
R000507,negative,리더십
R000507,negative,창의성
R000508,positive,협업
R000508,positive,적극성
R000508,positive,기획력
R000508,negative,고객대응
R000509,positive,고객대응
R000509,positive,소통
R000509,positive,기획력
R000509,positive,문제해결
R000509,positive,적극성
R000509,negative,성실
R000510,positive,기획력
R000510,positive,문제해결
R000510,positive,협업
R000510,positive,적극성
R000510,positive,기술공유
R000510,negative,창의성
R000510,negative,친화력
R000511,positive,전문성
R000511,positive,기획력
R000511,positive,일정관리
R000511,positive,책임감
R000511,positive,성실
R000511,negative,친화력
R000512,positive,위기대응
R000512,positive,책임감
R000512,positive,기획력
R000512,positive,일정관리
R000512,negative,기술공유
R000513,positive,기획력
R000513,positive,친화력
R000513,positive,일정관리
R000513,positive,책임감
R000513,negative,기술공유
R000514,positive,문제해결
R000514,positive,위기대응
R000514,positive,성실
R000514,positive,기획력
R000514,negative,전문성
R000515,positive,친화력
R000515,positive,문제해결
R000515,positive,품질의식
R000515,negative,협업
R000515,negative,기술공유
R000516,positive,친화력
R000516,positive,멘토링
R000516,positive,학습력
R000516,positive,협업
R000516,positive,창의성
R000516,negative,문서화
R000517,positive,멘토링
R000517,positive,전문성
R000517,positive,친화력
R000517,positive,학습력
R000517,positive,문제해결
R000517,negative,일정관리
R000518,positive,친화력
R000518,positive,멘토링
R000518,positive,전문성
R000518,positive,창의성
R000518,negative,위기대응
R000519,positive,고객대응
R000519,negative,협업
R000519,negative,문서화
R000519,negative,창의성
R000519,negative,전문성
R000520,positive,문제해결
R000520,positive,문서화
R000520,negative,창의성
R000520,negative,협업
R000521,positive,문제해결
R000521,negative,리더십
R000521,negative,창의성
R000521,negative,전문성
R000522,positive,전문성
R000522,positive,위기대응
R000522,negative,창의성
R000522,negative,문서화
R000523,positive,성실
R000523,positive,협업
R000523,positive,일정관리
R000523,positive,품질의식
R000523,positive,창의성
R000523,negative,리더십
R000524,positive,협업
R000524,positive,고객대응
R000524,positive,리더십
R000524,positive,품질의식
R000524,positive,소통
R000524,negative,성실
R000525,positive,협업
R000525,positive,고객대응
R000525,positive,품질의식
R000525,positive,리더십
R000525,positive,창의성
R000525,negative,꼼꼼함
R000526,positive,적극성
R000526,positive,창의성
R000526,positive,품질의식
R000526,positive,소통
R000526,positive,멘토링
R000526,negative,기술공유
R000527,positive,품질의식
R000527,positive,창의성
R000527,positive,적극성
R000527,negative,고객대응
R000528,positive,품질의식
R000528,positive,고객대응
R000528,positive,창의성
R000528,negative,전문성
R000529,positive,리더십
R000529,positive,고객대응
R000529,positive,소통
R000529,positive,기획력
R000529,negative,친화력
R000530,positive,전문성
R000530,positive,리더십
R000530,positive,고객대응
R000530,negative,친화력
R000530,negative,문제해결
R000530,negative,성실
R000531,positive,책임감
R000531,positive,문제해결
R000531,positive,꼼꼼함
R000531,negative,전문성
R000532,positive,책임감
R000532,positive,품질의식
R000532,positive,문제해결
R000532,positive,성실
R000532,negative,창의성
R000532,negative,문서화
R000533,positive,책임감
R000533,positive,품질의식
R000533,positive,위기대응
R000533,negative,창의성
R000533,negative,전문성
R000534,positive,품질의식
R000534,positive,성실
R000534,positive,친화력
R000534,negative,기획력
R000534,negative,문서화
R000535,positive,품질의식
R000535,positive,성실
R000535,positive,학습력
R000535,positive,책임감
R000535,positive,소통
R000535,negative,리더십
R000536,positive,책임감
R000536,positive,소통
R000536,positive,품질의식
R000536,positive,성실
R000536,positive,일정관리
R000536,negative,기술공유
R000537,positive,기술공유
R000537,positive,성실
R000537,positive,품질의식
R000537,positive,소통
R000537,negative,일정관리
R000538,positive,성실
R000538,positive,책임감
R000538,positive,품질의식
R000538,positive,기술공유
R000538,negative,일정관리
R000538,negative,고객대응
R000539,positive,기술공유
R000539,positive,위기대응
R000539,positive,문서화
R000539,positive,일정관리
R000539,positive,리더십
R000539,negative,전문성
R000540,positive,일정관리
R000540,positive,성실
R000540,positive,고객대응
R000540,positive,리더십
R000540,negative,책임감
R000540,negative,적극성
R000541,positive,기술공유
R000541,positive,고객대응
R000541,positive,리더십
R000541,negative,친화력
R000541,negative,책임감
R000542,positive,리더십
R000542,positive,기술공유
R000542,negative,성실
R000542,negative,적극성
R000543,positive,소통
R000543,positive,일정관리
R000543,negative,책임감
R000543,negative,전문성
R000543,negative,꼼꼼함
R000544,positive,협업
R000544,positive,멘토링
R000544,positive,소통
R000544,positive,문제해결
R000544,negative,학습력
R000544,negative,전문성
R000545,positive,협업
R000545,positive,창의성
R000545,positive,문제해결
R000545,negative,성실
R000545,negative,고객대응
R000546,positive,문제해결
R000546,positive,소통
R000546,positive,협업
R000546,positive,멘토링
R000546,negative,학습력
R000546,negative,고객대응
R000546,negative,친화력
R000546,negative,적극성
R000547,positive,멘토링
R000547,positive,문제해결
R000547,negative,전문성
R000548,positive,고객대응
R000548,negative,품질의식
R000548,negative,멘토링
R000549,positive,기술공유
R000549,positive,문서화
R000549,positive,책임감
R000549,positive,전문성
R000549,negative,소통
R000549,negative,품질의식
R000550,positive,전문성
R000550,positive,고객대응
R000550,positive,학습력
R000550,negative,리더십
R000550,negative,멘토링
R000550,negative,품질의식
R000550,negative,위기대응
R000551,positive,학습력
R000551,positive,기술공유
R000551,positive,전문성
R000551,positive,리더십
R000551,positive,고객대응
R000551,negative,위기대응
R000552,positive,일정관리
R000552,positive,위기대응
R000552,negative,기술공유
R000552,negative,리더십
R000552,negative,협업
R000553,positive,기술공유
R000553,positive,학습력
R000553,positive,소통
R000553,positive,성실
R000553,negative,품질의식
R000553,negative,협업
R000553,negative,리더십
R000554,positive,학습력
R000554,positive,창의성
R000554,positive,소통
R000554,negative,기술공유
R000554,negative,전문성
R000555,positive,기획력
R000555,positive,품질의식
R000555,negative,기술공유
R000556,positive,성실
R000556,positive,문제해결
R000556,negative,리더십
R000557,positive,멘토링
R000557,positive,학습력
R000557,positive,위기대응
R000557,positive,소통
R000557,positive,적극성
R000557,negative,책임감
R000557,negative,창의성
R000558,positive,기획력
R000558,positive,품질의식
R000558,positive,협업
R000558,negative,위기대응
R000558,negative,전문성
R000559,positive,창의성
R000559,positive,기획력
R000559,positive,협업
R000559,positive,일정관리
R000559,negative,학습력
R000559,negative,고객대응
R000560,positive,일정관리
R000560,positive,창의성
R000560,positive,기획력
R000560,negative,학습력
R000561,positive,책임감
R000561,positive,전문성
R000561,negative,멘토링
R000562,positive,고객대응
R000562,negative,책임감
R000563,positive,문서화
R000563,negative,품질의식
R000563,negative,리더십
R000564,positive,협업
R000564,negative,리더십
R000564,negative,멘토링
R000564,negative,일정관리
R000565,positive,문서화
R000565,positive,기술공유
R000565,negative,일정관리
R000565,negative,책임감
R000566,positive,꼼꼼함
R000566,positive,문제해결
R000566,positive,문서화
R000566,negative,리더십
R000566,negative,창의성
R000566,negative,책임감
R000567,positive,소통
R000567,positive,문제해결
R000567,positive,문서화
R000567,positive,기술공유
R000567,negative,책임감
R000568,positive,고객대응
R000568,positive,전문성
R000568,positive,꼼꼼함
R000568,negative,일정관리
R000568,negative,리더십
R000569,positive,문제해결
R000569,positive,전문성
R000569,positive,창의성
R000569,negative,성실
R000569,negative,위기대응
R000569,negative,일정관리
R000570,positive,품질의식
R000570,positive,일정관리
R000570,negative,고객대응
R000571,positive,기획력
R000571,positive,일정관리
R000571,negative,소통
R000572,positive,전문성
R000572,positive,일정관리
R000572,negative,고객대응
R000573,positive,전문성
R000573,positive,품질의식
R000573,negative,문서화
R000573,negative,기술공유
R000574,positive,멘토링
R000574,positive,소통
R000574,positive,전문성
R000574,positive,품질의식
R000574,negative,문서화
R000574,negative,기획력
R000575,positive,꼼꼼함
R000575,positive,전문성
R000575,positive,기획력
R000575,negative,책임감
R000575,negative,학습력
R000575,negative,소통
R000576,positive,적극성
R000576,positive,꼼꼼함
R000576,positive,친화력
R000576,negative,학습력
R000577,positive,적극성
R000577,positive,문제해결
R000577,positive,전문성
R000577,positive,꼼꼼함
R000577,negative,문서화
R000577,negative,학습력
R000578,positive,문제해결
R000578,positive,친화력
R000578,positive,멘토링
R000578,negative,학습력
R000578,negative,문서화
R000578,negative,협업
R000579,positive,꼼꼼함
R000579,positive,문제해결
R000579,positive,전문성
R000579,positive,친화력
R000579,negative,학습력
R000580,positive,품질의식
R000580,negative,기술공유
R000580,negative,책임감
R000580,negative,전문성
R000581,positive,학습력
R000581,negative,협업
R000581,negative,책임감
R000582,positive,학습력
R000582,positive,일정관리
R000582,positive,소통
R000582,negative,멘토링
R000583,positive,기술공유
R000583,positive,창의성
R000583,positive,학습력
R000583,positive,일정관리
R000583,negative,적극성
R000584,positive,창의성
R000584,positive,꼼꼼함
R000584,positive,기획력
R000584,positive,문제해결
R000584,positive,적극성
R000584,negative,고객대응
R000585,positive,기술공유
R000585,negative,책임감
R000586,positive,학습력
R000586,positive,기술공유
R000586,positive,소통
R000586,positive,창의성
R000586,negative,적극성
R000587,positive,위기대응
R000587,positive,적극성
R000587,positive,성실
R000587,positive,품질의식
R000587,positive,친화력
R000587,negative,일정관리
R000588,positive,품질의식
R000588,positive,친화력
R000588,positive,책임감
R000588,positive,위기대응
R000588,negative,협업
R000588,negative,기획력
R000589,positive,리더십
R000589,positive,협업
R000589,positive,멘토링
R000589,positive,기술공유
R000589,positive,전문성
R000589,negative,기획력
R000590,positive,문서화
R000590,positive,품질의식
R000590,positive,기술공유
R000590,negative,친화력
R000591,positive,위기대응
R000591,positive,문서화
R000591,positive,학습력
R000591,positive,전문성
R000591,negative,멘토링
R000591,negative,기획력
R000591,negative,품질의식
R000592,positive,성실
R000592,positive,학습력
R000592,positive,문서화
R000592,negative,기획력
R000592,negative,리더십
R000593,positive,성실
R000593,positive,학습력
R000593,positive,협업
R000593,negative,리더십
R000594,positive,학습력
R000594,positive,문서화
R000594,positive,협업
R000594,positive,위기대응
R000594,negative,품질의식
R000595,positive,고객대응
R000595,positive,일정관리
R000595,positive,적극성
R000595,negative,멘토링
R000595,negative,협업
R000595,negative,친화력
R000596,positive,창의성
R000596,positive,멘토링
R000596,negative,성실
R000596,negative,협업
R000597,positive,기획력
R000597,positive,적극성
R000597,positive,일정관리
R000597,negative,협업
R000597,negative,고객대응
R000597,negative,책임감
R000598,positive,창의성
R000598,positive,위기대응
R000598,negative,협업
R000598,negative,책임감
R000598,negative,고객대응
R000599,positive,고객대응
R000599,positive,멘토링
R000599,positive,친화력
R000599,negative,성실
R000600,positive,적극성
R000600,positive,협업
R000600,positive,친화력
R000600,negative,소통
R000600,negative,품질의식
R000601,positive,친화력
R000601,positive,학습력
R000601,negative,소통
R000601,negative,문서화
R000602,positive,고객대응
R000602,positive,학습력
R000602,positive,적극성
R000602,negative,일정관리
R000602,negative,기획력
R000603,positive,꼼꼼함
R000603,positive,리더십
R000603,positive,적극성
R000603,positive,위기대응
R000603,negative,기술공유
R000604,positive,위기대응
R000604,negative,친화력
R000604,negative,소통
R000605,positive,전문성
R000605,positive,리더십
R000605,positive,협업
R000605,negative,친화력
R000605,negative,문서화
R000606,positive,고객대응
R000606,positive,적극성
R000606,positive,전문성
R000606,negative,기술공유
R000607,positive,전문성
R000607,positive,위기대응
R000607,negative,창의성
R000607,negative,소통
R000608,positive,고객대응
R000608,negative,문서화
R000608,negative,협업
R000609,positive,품질의식
R000609,positive,기술공유
R000609,negative,학습력
R000609,negative,문서화
R000610,positive,기술공유
R000610,positive,고객대응
R000610,negative,멘토링
R000610,negative,꼼꼼함
R000610,negative,협업
R000611,positive,책임감
R000611,negative,멘토링
R000611,negative,문서화
R000612,positive,위기대응
R000612,positive,학습력
R000612,negative,문서화
R000612,negative,멘토링
R000612,negative,꼼꼼함
R000613,positive,고객대응
R000613,positive,위기대응
R000613,negative,꼼꼼함
R000613,negative,일정관리
R000614,positive,학습력
R000614,positive,꼼꼼함
R000614,positive,문제해결
R000614,positive,품질의식
R000614,positive,책임감
R000614,negative,적극성
R000615,positive,문제해결
R000615,positive,기획력
R000615,positive,책임감
R000615,negative,문서화
R000616,positive,품질의식
R000616,positive,기술공유
R000616,negative,기획력
R000616,negative,문서화
R000617,positive,꼼꼼함
R000617,negative,고객대응
R000617,negative,기획력
R000618,positive,협업
R000618,negative,품질의식
R000618,negative,위기대응
R000618,negative,친화력
R000619,positive,리더십
R000619,negative,위기대응
R000619,negative,친화력
R000619,negative,성실
R000620,positive,고객대응
R000620,positive,문제해결
R000620,negative,성실
R000620,negative,품질의식
R000621,positive,일정관리
R000621,positive,창의성
R000621,negative,위기대응
R000621,negative,품질의식
R000622,positive,협업
R000622,positive,소통
R000622,positive,적극성
R000622,positive,기술공유
R000622,positive,위기대응
R000622,negative,고객대응
R000623,positive,품질의식
R000623,positive,고객대응
R000623,positive,학습력
R000623,positive,기획력
R000623,negative,책임감
R000624,positive,위기대응
R000624,positive,협업
R000624,positive,학습력
R000624,positive,기술공유
R000624,positive,고객대응
R000624,negative,성실
R000625,positive,기술공유
R000625,negative,창의성
R000625,negative,문서화
R000626,positive,기획력
R000626,negative,협업
R000626,negative,성실
R000626,negative,꼼꼼함
R000627,positive,친화력
R000627,positive,문제해결
R000627,negative,책임감
R000627,negative,창의성
R000627,negative,꼼꼼함
R000628,positive,꼼꼼함
R000628,positive,문제해결
R000628,positive,성실
R000628,positive,소통
R000628,negative,학습력
R000628,negative,협업
R000628,negative,창의성
R000629,positive,일정관리
R000629,positive,기획력
R000629,negative,협업
R000629,negative,꼼꼼함
R000629,negative,친화력
R000630,positive,창의성
R000630,positive,꼼꼼함
R000630,positive,문제해결
R000630,negative,기획력
R000631,positive,위기대응
R000631,positive,문제해결
R000631,positive,협업
R000631,negative,기획력
R000632,positive,문서화
R000632,positive,친화력
R000632,positive,협업
R000632,positive,일정관리
R000632,negative,책임감
R000632,negative,전문성
R000633,positive,소통
R000633,positive,협업
R000633,positive,문서화
R000633,negative,전문성
R000633,negative,친화력
R000634,positive,문제해결
R000634,positive,품질의식
R000634,positive,학습력
R000634,positive,일정관리
R000634,negative,친화력
R000635,positive,협업
R000635,positive,일정관리
R000635,positive,문제해결
R000635,positive,위기대응
R000635,positive,문서화
R000635,negative,친화력
R000636,positive,품질의식
R000636,positive,협업
R000636,positive,문서화
R000636,negative,기획력
R000636,negative,기술공유
R000637,positive,문제해결
R000637,positive,리더십
R000637,negative,기획력
R000637,negative,친화력
R000637,negative,멘토링
R000637,negative,기술공유
R000638,positive,문제해결
R000638,positive,협업
R000638,negative,친화력
R000638,negative,기술공유
R000639,positive,기획력
R000639,positive,친화력
R000639,negative,멘토링
R000640,positive,책임감
R000640,negative,문서화
R000640,negative,일정관리
R000640,negative,품질의식
R000641,positive,적극성
R000641,positive,친화력
R000641,negative,위기대응
R000641,negative,기획력
R000641,negative,멘토링
R000642,positive,적극성
R000642,positive,기술공유
R000642,positive,문제해결
R000642,positive,꼼꼼함
R000642,negative,일정관리
R000643,positive,성실
R000643,negative,전문성
R000643,negative,문제해결
R000643,negative,창의성
R000644,positive,협업
R000644,negative,성실
R000644,negative,학습력
R000645,positive,협업
R000645,positive,문제해결
R000645,negative,문서화
R000645,negative,적극성
R000645,negative,친화력
R000646,positive,책임감
R000646,positive,기획력
R000646,positive,멘토링
R000646,negative,성실
R000646,negative,적극성
R000646,negative,친화력
R000647,positive,고객대응
R000647,negative,기술공유
R000647,negative,전문성
R000648,positive,창의성
R000648,positive,책임감
R000648,negative,협업
R000648,negative,소통
R000649,positive,적극성
R000649,positive,멘토링
R000649,negative,일정관리
R000649,negative,기획력
R000649,negative,협업
R000650,positive,전문성
R000650,positive,품질의식
R000650,positive,기획력
R000650,negative,소통
R000650,negative,협업
R000651,positive,멘토링
R000651,positive,창의성
R000651,positive,적극성
R000651,negative,협업
R000652,positive,창의성
R000652,positive,전문성
R000652,positive,적극성
R000652,negative,성실
R000653,positive,적극성
R000653,positive,품질의식
R000653,positive,고객대응
R000653,positive,위기대응
R000653,negative,전문성
R000653,negative,일정관리
R000653,negative,책임감
R000654,positive,꼼꼼함
R000654,positive,품질의식
R000654,positive,성실
R000654,negative,학습력
R000655,positive,위기대응
R000655,positive,친화력
R000655,positive,고객대응
R000655,positive,품질의식
R000655,negative,학습력
R000655,negative,창의성
R000656,positive,적극성
R000656,positive,고객대응
R000656,positive,위기대응
R000656,positive,꼼꼼함
R000656,negative,학습력
R000657,positive,멘토링
R000657,negative,전문성
R000657,negative,창의성
R000658,positive,기획력
R000658,positive,품질의식
R000658,positive,위기대응
R000658,positive,고객대응
R000658,negative,책임감
R000658,negative,전문성
R000659,positive,멘토링
R000659,negative,문서화
R000659,negative,기획력
R000660,positive,기획력
R000660,positive,창의성
R000660,positive,품질의식
R000660,negative,꼼꼼함
R000661,positive,성실
R000661,positive,멘토링
R000661,positive,창의성
R000661,positive,고객대응
R000661,negative,전문성
R000661,negative,기획력
R000662,positive,일정관리
R000662,negative,책임감
R000663,positive,멘토링
R000663,positive,성실
R000663,positive,고객대응
R000663,negative,책임감
R000663,negative,기획력
R000664,positive,전문성
R000664,positive,성실
R000664,positive,고객대응
R000664,positive,꼼꼼함
R000664,positive,친화력
R000664,negative,책임감
R000665,positive,위기대응
R000665,positive,소통
R000665,negative,꼼꼼함
R000665,negative,학습력
R000666,positive,기획력
R000666,positive,품질의식
R000666,negative,기술공유
R000666,negative,친화력
R000666,negative,꼼꼼함
R000667,positive,위기대응
R000667,positive,기획력
R000667,positive,고객대응
R000667,positive,적극성
R000667,negative,품질의식
R000667,negative,책임감
R000667,negative,꼼꼼함
R000668,positive,꼼꼼함
R000668,positive,품질의식
R000668,positive,문제해결
R000668,negative,멘토링
R000668,negative,기획력
R000669,positive,창의성
R000669,positive,책임감
R000669,negative,위기대응
R000669,negative,고객대응
R000670,positive,기획력
R000670,negative,멘토링
R000671,positive,문제해결
R000671,positive,창의성
R000671,positive,책임감
R000671,positive,전문성
R000671,positive,리더십
R000671,negative,적극성
R000672,positive,문제해결
R000672,negative,멘토링
R000672,negative,적극성
R000673,positive,창의성
R000673,positive,문제해결
R000673,negative,적극성
R000673,negative,꼼꼼함
R000674,positive,소통
R000674,positive,문서화
R000674,negative,친화력
R000674,negative,멘토링
R000674,negative,협업
R000675,positive,멘토링
R000675,positive,문서화
R000675,positive,기획력
R000675,negative,창의성
R000675,negative,협업
R000675,negative,친화력
R000676,positive,소통
R000676,negative,일정관리
R000676,negative,멘토링
R000677,positive,기술공유
R000677,positive,꼼꼼함
R000677,positive,성실
R000677,negative,고객대응
R000677,negative,협업
R000677,negative,친화력
R000678,positive,문서화
R000678,positive,꼼꼼함
R000678,negative,창의성
R000678,negative,위기대응
R000679,positive,협업
R000679,positive,위기대응
R000679,positive,소통
R000679,negative,적극성
R000679,negative,창의성
R000679,negative,친화력
R000680,positive,리더십
R000680,positive,기획력
R000680,negative,성실
R000680,negative,전문성
R000681,positive,협업
R000681,positive,기획력
R000681,positive,문서화
R000681,negative,친화력
R000681,negative,학습력
R000682,positive,기획력
R000682,positive,협업
R000682,positive,학습력
R000682,negative,성실
R000683,positive,위기대응
R000683,positive,학습력
R000683,positive,문서화
R000683,negative,품질의식
R000684,positive,문서화
R000684,negative,성실
R000684,negative,전문성
R000685,positive,적극성
R000685,positive,품질의식
R000685,negative,기획력
R000685,negative,학습력
R000685,negative,협업
R000685,negative,리더십
R000686,positive,품질의식
R000686,negative,기획력
R000686,negative,리더십
R000686,negative,문제해결
R000687,positive,고객대응
R000687,positive,친화력
R000687,positive,품질의식
R000687,negative,리더십
R000687,negative,기획력
R000687,negative,협업
R000687,negative,문제해결
R000688,positive,품질의식
R000688,positive,적극성
R000688,negative,위기대응
R000689,positive,기술공유
R000689,positive,친화력
R000689,positive,창의성
R000689,negative,리더십
R000689,negative,기획력
R000689,negative,문제해결
R000689,negative,협업
R000690,positive,품질의식
R000690,positive,친화력
R000690,negative,리더십
R000690,negative,기획력
R000690,negative,문제해결
R000691,positive,적극성
R000691,positive,소통
R000691,positive,전문성
R000691,negative,책임감
R000692,positive,문제해결
R000692,positive,학습력
R000692,positive,고객대응
R000692,positive,위기대응
R000692,negative,협업
R000693,positive,품질의식
R000693,positive,소통
R000693,positive,위기대응
R000693,positive,협업
R000693,negative,기획력
R000694,positive,협업
R000694,positive,멘토링
R000694,positive,전문성
R000694,positive,문제해결
R000694,positive,소통
R000694,negative,문서화
R000695,positive,친화력
R000695,positive,멘토링
R000695,positive,전문성
R000695,positive,협업
R000695,positive,창의성
R000695,negative,적극성
R000696,positive,전문성
R000696,positive,소통
R000696,positive,문제해결
R000696,positive,협업
R000696,negative,꼼꼼함
R000696,negative,고객대응
R000697,positive,성실
R000697,positive,리더십
R000697,positive,협업
R000697,positive,문제해결
R000697,positive,전문성
R000697,negative,멘토링
R000698,positive,성실
R000698,positive,협업
R000698,positive,전문성
R000698,positive,문제해결
R000698,positive,리더십
R000698,negative,적극성
R000698,negative,기획력
R000699,positive,기술공유
R000699,positive,책임감
R000699,positive,품질의식
R000699,positive,적극성
R000699,negative,기획력
R000700,positive,적극성
R000700,positive,친화력
R000700,positive,멘토링
R000700,positive,기술공유
R000700,negative,소통
R000700,negative,일정관리
R000701,positive,책임감
R000701,positive,전문성
R000701,positive,품질의식
R000701,positive,적극성
R000701,positive,기술공유
R000701,negative,리더십
R000702,positive,책임감
R000702,positive,전문성
R000702,positive,품질의식
R000702,positive,적극성
R000702,positive,기술공유
R000702,negative,기획력
R000702,negative,위기대응
R000703,positive,전문성
R000703,positive,책임감
R000703,positive,적극성
R000703,positive,기술공유
R000703,negative,꼼꼼함
R000703,negative,리더십
R000704,positive,전문성
R000704,positive,적극성
R000704,positive,책임감
R000704,negative,기술공유
R000704,negative,친화력
R000705,positive,품질의식
R000705,positive,일정관리
R000705,positive,문제해결
R000705,positive,소통
R000705,negative,성실
R000706,positive,품질의식
R000706,positive,소통
R000706,positive,기획력
R000706,negative,협업
R000706,negative,학습력
R000706,negative,성실
R000707,positive,일정관리
R000707,positive,품질의식
R000707,positive,고객대응
R000707,negative,학습력
R000708,positive,일정관리
R000708,positive,고객대응
R000708,negative,리더십
R000709,positive,협업
R000709,positive,창의성
R000709,positive,기술공유
R000709,positive,일정관리
R000709,negative,책임감
R000709,negative,성실
R000710,positive,적극성
R000710,positive,품질의식
R000710,positive,리더십
R000710,negative,협업
R000710,negative,책임감
R000711,positive,문서화
R000711,positive,학습력
R000711,negative,성실
R000711,negative,위기대응
R000712,positive,문제해결
R000712,positive,전문성
R000712,negative,책임감
R000712,negative,리더십
R000713,positive,일정관리
R000713,positive,소통
R000713,positive,적극성
R000713,positive,성실
R000713,negative,책임감
R000714,positive,일정관리
R000714,positive,적극성
R000714,positive,소통
R000714,negative,위기대응
R000715,positive,품질의식
R000715,positive,문제해결
R000715,positive,성실
R000715,negative,문서화
R000715,negative,적극성
R000715,negative,창의성
R000715,negative,기획력
R000716,positive,성실
R000716,negative,문제해결
R000716,negative,고객대응
R000716,negative,창의성
R000716,negative,적극성
R000717,positive,고객대응
R000717,positive,성실
R000717,negative,문서화
R000717,negative,창의성
R000718,positive,학습력
R000718,positive,친화력
R000718,negative,적극성
R000718,negative,기획력
R000718,negative,창의성
R000719,positive,위기대응
R000719,negative,기획력
R000719,negative,고객대응
R000719,negative,책임감
R000720,positive,책임감
R000720,negative,멘토링
R000720,negative,적극성
R000721,positive,일정관리
R000721,negative,문서화
R000721,negative,창의성
R000722,positive,소통
R000722,negative,멘토링
R000722,negative,문서화
R000722,negative,기획력
R000723,positive,고객대응
R000723,positive,책임감
R000723,positive,기획력
R000723,positive,기술공유
R000723,negative,멘토링
R000723,negative,일정관리
R000723,negative,전문성
R000724,positive,문서화
R000724,negative,창의성
R000724,negative,리더십
R000725,positive,문제해결
R000725,positive,품질의식
R000725,negative,성실
R000725,negative,리더십
R000726,positive,소통
R000726,positive,책임감
R000726,positive,문제해결
R000726,negative,창의성
R000726,negative,성실
R000726,negative,기술공유
R000727,positive,위기대응
R000727,positive,소통
R000727,positive,문제해결
R000727,negative,책임감
R000727,negative,창의성
R000728,positive,멘토링
R000728,positive,고객대응
R000728,positive,성실
R000728,negative,일정관리
R000728,negative,소통
R000729,positive,품질의식
R000729,positive,적극성
R000729,positive,창의성
R000729,positive,문서화
R000729,positive,친화력
R000729,negative,소통
R000730,positive,멘토링
R000730,positive,친화력
R000730,positive,적극성
R000730,positive,리더십
R000730,positive,문서화
R000730,negative,책임감
R000731,positive,협업
R000731,positive,소통
R000731,positive,기술공유
R000731,positive,일정관리
R000731,positive,성실
R000731,negative,문제해결
R000732,positive,적극성
R000732,positive,협업
R000732,positive,품질의식
R000732,positive,일정관리
R000732,negative,위기대응
R000733,positive,적극성
R000733,positive,품질의식
R000733,positive,협업
R000733,positive,성실
R000733,positive,일정관리
R000733,negative,전문성
R000734,positive,일정관리
R000734,positive,꼼꼼함
R000734,positive,소통
R000734,negative,고객대응
R000734,negative,품질의식
R000735,positive,일정관리
R000735,negative,기술공유
R000735,negative,기획력
R000735,negative,멘토링
R000735,negative,위기대응
R000736,positive,협업
R000736,negative,품질의식
R000736,negative,고객대응
R000737,positive,전문성
R000737,negative,위기대응
R000737,negative,소통
R000738,positive,꼼꼼함
R000738,negative,친화력
R000738,negative,품질의식
R000739,positive,꼼꼼함
R000739,positive,일정관리
R000739,negative,위기대응
R000740,positive,꼼꼼함
R000740,positive,문서화
R000740,positive,기술공유
R000740,negative,적극성
R000740,negative,고객대응
R000740,negative,기획력
R000741,positive,품질의식
R000741,positive,문서화
R000741,positive,리더십
R000741,positive,책임감
R000741,positive,소통
R000741,negative,위기대응
R000742,positive,기술공유
R000742,positive,문서화
R000742,positive,전문성
R000742,negative,꼼꼼함
R000743,positive,소통
R000743,positive,기술공유
R000743,positive,리더십
R000743,negative,품질의식
R000743,negative,기획력
R000743,negative,고객대응
R000744,positive,문서화
R000744,positive,리더십
R000744,positive,소통
R000744,positive,품질의식
R000744,negative,위기대응
R000744,negative,기획력
R000745,positive,리더십
R000745,positive,적극성
R000745,positive,품질의식
R000745,positive,기술공유
R000745,positive,소통
R000745,negative,문제해결
R000745,negative,꼼꼼함
R000746,positive,기술공유
R000746,positive,책임감
R000746,positive,전문성
R000746,negative,위기대응
R000747,positive,학습력
R000747,positive,리더십
R000747,positive,기술공유
R000747,positive,책임감
R000747,negative,꼼꼼함
R000747,negative,기획력
R000747,negative,전문성
R000748,positive,학습력
R000748,negative,전문성
R000748,negative,꼼꼼함
R000748,negative,기획력
R000749,positive,책임감
R000749,positive,꼼꼼함
R000749,positive,리더십
R000749,positive,위기대응
R000749,negative,소통
R000749,negative,기술공유
R000749,negative,성실
R000750,positive,문서화
R000750,positive,위기대응
R000750,positive,일정관리
R000750,positive,문제해결
R000750,negative,기술공유
R000751,positive,창의성
R000751,positive,책임감
R000751,positive,꼼꼼함
R000751,positive,기획력
R000751,negative,기술공유
R000752,positive,품질의식
R000752,positive,꼼꼼함
R000752,positive,책임감
R000752,negative,소통
R000753,positive,기획력
R000753,positive,소통
R000753,positive,책임감
R000753,negative,고객대응
R000754,positive,문제해결
R000754,positive,멘토링
R000754,negative,책임감
R000754,negative,친화력
R000755,positive,소통
R000755,positive,협업
R000755,positive,창의성
R000755,positive,일정관리
R000755,negative,문서화
R000755,negative,성실
R000755,negative,책임감
R000756,positive,문제해결
R000756,positive,위기대응
R000756,positive,리더십
R000756,negative,성실
R000756,negative,고객대응
R000757,positive,위기대응
R000757,positive,문제해결
R000757,positive,리더십
R000757,negative,친화력
R000757,negative,성실
R000758,positive,협업
R000758,positive,위기대응
R000758,negative,품질의식
R000759,positive,위기대응
R000759,negative,품질의식
R000759,negative,창의성
R000760,positive,창의성
R000760,positive,기술공유
R000760,negative,위기대응
R000760,negative,전문성
R000760,negative,소통
R000760,negative,적극성
R000761,positive,기술공유
R000761,negative,소통
R000761,negative,적극성
R000762,positive,문서화
R000762,negative,위기대응
R000762,negative,책임감
R000762,negative,문제해결
R000763,positive,멘토링
R000763,negative,소통
R000763,negative,적극성
R000763,negative,위기대응
R000764,positive,기획력
R000764,positive,기술공유
R000764,negative,창의성
R000765,positive,소통
R000765,positive,적극성
R000765,negative,창의성
R000765,negative,멘토링
R000766,positive,소통
R000766,positive,기술공유
R000766,negative,적극성
R000766,negative,일정관리
R000766,negative,협업
R000767,positive,꼼꼼함
R000767,positive,기획력
R000767,negative,적극성
R000767,negative,멘토링
R000767,negative,일정관리
R000768,positive,문제해결
R000768,negative,멘토링
R000768,negative,창의성
R000768,negative,적극성
R000769,positive,협업
R000769,positive,품질의식
R000769,positive,전문성
R000769,positive,소통
R000769,negative,꼼꼼함
R000770,positive,위기대응
R000770,positive,친화력
R000770,positive,전문성
R000770,positive,문제해결
R000770,positive,멘토링
R000770,negative,적극성
R000771,positive,적극성
R000771,positive,전문성
R000771,positive,소통
R000771,negative,기술공유
R000772,positive,리더십
R000772,positive,협업
R000772,positive,품질의식
R000772,positive,문서화
R000772,negative,소통
R000773,positive,꼼꼼함
R000773,positive,전문성
R000773,positive,책임감
R000773,positive,적극성
R000773,negative,성실
R000774,positive,적극성
R000774,positive,창의성
R000774,positive,협업
R000774,positive,일정관리
R000774,negative,품질의식
R000775,positive,일정관리
R000775,positive,창의성
R000775,positive,위기대응
R000775,negative,멘토링
R000775,negative,고객대응
R000776,positive,위기대응
R000776,positive,창의성
R000776,positive,기술공유
R000776,positive,적극성
R000776,negative,고객대응
R000776,negative,품질의식
R000776,negative,일정관리
R000777,positive,창의성
R000777,positive,적극성
R000777,positive,위기대응
R000777,positive,기술공유
R000777,negative,책임감
R000777,negative,꼼꼼함
R000778,positive,리더십
R000778,positive,기획력
R000778,positive,문서화
R000778,positive,책임감
R000778,negative,멘토링
R000779,positive,꼼꼼함
R000779,positive,기획력
R000779,positive,책임감
R000779,positive,협업
R000779,negative,친화력
R000779,negative,품질의식
R000780,positive,리더십
R000780,positive,꼼꼼함
R000780,positive,기획력
R000780,positive,책임감
R000780,positive,협업
R000780,negative,친화력
R000781,positive,리더십
R000781,positive,협업
R000781,positive,책임감
R000781,negative,소통
R000781,negative,품질의식
R000781,negative,친화력
R000782,positive,협업
R000782,positive,소통
R000782,positive,기술공유
R000782,negative,고객대응
R000782,negative,성실
R000783,positive,학습력
R000783,positive,위기대응
R000783,negative,꼼꼼함
R000783,negative,고객대응
R000783,negative,문서화
R000784,positive,협업
R000784,positive,창의성
R000784,positive,기획력
R000784,positive,학습력
R000784,negative,꼼꼼함
R000784,negative,리더십
R000785,positive,성실
R000785,positive,학습력
R000785,positive,문서화
R000785,negative,친화력
R000785,negative,적극성
R000785,negative,기획력
R000786,positive,멘토링
R000786,negative,문제해결
R000786,negative,학습력
R000787,positive,문서화
R000787,positive,협업
R000787,positive,멘토링
R000787,negative,친화력
R000787,negative,문제해결
R000788,positive,전문성
R000788,positive,협업
R000788,positive,학습력
R000788,negative,품질의식
R000788,negative,친화력
R000789,positive,적극성
R000789,positive,멘토링
R000789,negative,책임감
R000789,negative,기획력
R000789,negative,꼼꼼함
R000790,positive,학습력
R000790,positive,리더십
R000790,positive,책임감
R000790,negative,소통
R000790,negative,기술공유
R000790,negative,문제해결
R000791,positive,멘토링
R000791,negative,책임감
R000791,negative,기술공유
R000791,negative,전문성
R000792,positive,리더십
R000792,negative,문제해결
R000792,negative,기획력
R000792,negative,책임감
R000793,positive,책임감
R000793,negative,멘토링
R000793,negative,일정관리
R000793,negative,적극성
R000794,positive,친화력
R000794,positive,책임감
R000794,negative,일정관리
R000794,negative,멘토링
R000795,positive,책임감
R000795,positive,품질의식
R000795,negative,적극성
R000795,negative,성실
R000796,positive,품질의식
R000796,positive,꼼꼼함
R000796,positive,친화력
R000796,negative,기획력
R000796,negative,적극성
R000796,negative,협업
R000797,positive,친화력
R000797,positive,전문성
R000797,negative,일정관리
R000797,negative,기술공유
R000797,negative,기획력
R000798,positive,책임감
R000798,positive,위기대응
R000798,positive,품질의식
R000798,negative,협업
R000799,positive,책임감
R000799,negative,멘토링
R000799,negative,기획력
R000800,positive,리더십
R000800,positive,기술공유
R000800,negative,전문성
R000800,negative,멘토링
R000800,negative,학습력
R000801,positive,적극성
R000801,positive,전문성
R000801,negative,리더십
R000801,negative,학습력
R000801,negative,기술공유
R000802,positive,품질의식
R000802,negative,전문성
R000802,negative,창의성
R000802,negative,적극성
R000803,positive,기획력
R000803,positive,품질의식
R000803,negative,리더십
R000803,negative,학습력
R000804,positive,품질의식
R000804,positive,기획력
R000804,positive,책임감
R000804,negative,학습력
R000804,negative,멘토링
R000805,positive,기획력
R000805,negative,리더십
R000805,negative,전문성
R000806,positive,친화력
R000806,positive,기획력
R000806,positive,전문성
R000806,positive,창의성
R000806,negative,멘토링
R000806,negative,성실
R000807,positive,멘토링
R000807,negative,품질의식
R000807,negative,꼼꼼함
R000807,negative,기술공유
R000808,positive,멘토링
R000808,positive,친화력
R000808,negative,기획력
R000808,negative,품질의식
R000809,positive,협업
R000809,positive,성실
R000809,negative,일정관리
R000809,negative,기획력
R000809,negative,적극성
R000810,positive,품질의식
R000810,positive,창의성
R000810,negative,일정관리
R000810,negative,책임감
R000811,positive,기획력
R000811,positive,성실
R000811,positive,문서화
R000811,negative,일정관리
R000811,negative,위기대응
R000811,negative,꼼꼼함
R000811,negative,적극성
R000812,positive,기획력
R000812,positive,기술공유
R000812,positive,성실
R000812,negative,친화력
R000813,positive,기획력
R000813,positive,협업
R000813,negative,적극성
R000813,negative,책임감
R000814,positive,문서화
R000814,positive,문제해결
R000814,positive,창의성
R000814,negative,기술공유
R000814,negative,성실
R000815,positive,문제해결
R000815,positive,멘토링
R000815,positive,문서화
R000815,positive,고객대응
R000815,negative,학습력
R000815,negative,품질의식
R000815,negative,성실
R000816,positive,문서화
R000816,positive,문제해결
R000816,positive,창의성
R000816,positive,멘토링
R000816,positive,고객대응
R000816,negative,학습력
R000816,negative,성실
R000817,positive,문서화
R000817,positive,멘토링
R000817,positive,창의성
R000817,negative,위기대응
R000818,positive,협업
R000818,positive,적극성
R000818,negative,성실
R000819,positive,멘토링
R000819,positive,적극성
R000819,positive,전문성
R000819,negative,문서화
R000819,negative,꼼꼼함
R000820,positive,품질의식
R000820,negative,고객대응
R000821,positive,품질의식
R000821,positive,전문성
R000821,positive,기획력
R000821,negative,고객대응
R000821,negative,위기대응
R000822,positive,책임감
R000822,positive,멘토링
R000822,negative,꼼꼼함
R000823,positive,전문성
R000823,positive,협업
R000823,positive,리더십
R000823,positive,기획력
R000823,positive,학습력
R000823,negative,위기대응
R000824,positive,기획력
R000824,positive,고객대응
R000824,positive,멘토링
R000824,negative,적극성
R000825,positive,학습력
R000825,positive,창의성
R000825,positive,기술공유
R000825,positive,협업
R000825,negative,적극성
R000826,positive,창의성
R000826,positive,학습력
R000826,positive,협업
R000826,negative,고객대응
R000827,positive,학습력
R000827,positive,멘토링
R000827,positive,품질의식
R000827,positive,창의성
R000827,positive,소통
R000827,negative,고객대응
R000827,negative,적극성
R000828,positive,학습력
R000828,positive,책임감
R000828,positive,기술공유
R000828,negative,적극성
R000829,positive,기술공유
R000829,positive,책임감
R000829,negative,소통
R000829,negative,협업
R000830,positive,문서화
R000830,negative,협업
R000830,negative,적극성
R000831,positive,일정관리
R000831,positive,친화력
R000831,positive,기술공유
R000831,positive,고객대응
R000831,negative,문제해결
R000831,negative,적극성
R000831,negative,소통
R000832,positive,일정관리
R000832,positive,기술공유
R000832,negative,학습력
R000832,negative,소통
R000833,positive,창의성
R000833,positive,기획력
R000833,negative,품질의식
R000833,negative,학습력
R000834,positive,창의성
R000834,positive,기술공유
R000834,positive,문제해결
R000834,negative,고객대응
R000835,positive,기술공유
R000835,positive,위기대응
R000835,positive,문제해결
R000835,positive,창의성
R000835,positive,기획력
R000835,negative,고객대응
R000836,positive,문제해결
R000836,positive,기술공유
R000836,negative,창의성
R000837,positive,창의성
R000837,positive,문제해결
R000837,positive,소통
R000837,positive,품질의식
R000837,negative,고객대응
R000838,positive,위기대응
R000838,positive,기술공유
R000838,negative,학습력
R000838,negative,고객대응
R000839,positive,일정관리
R000839,positive,적극성
R000839,negative,고객대응
R000839,negative,문제해결
R000840,positive,일정관리
R000840,negative,위기대응
R000841,positive,적극성
R000841,positive,성실
R000841,negative,책임감
R000841,negative,리더십
R000841,negative,고객대응
R000841,negative,문제해결
R000842,positive,꼼꼼함
R000842,positive,위기대응
R000842,positive,적극성
R000842,positive,리더십
R000842,negative,창의성
R000842,negative,멘토링
R000843,positive,고객대응
R000843,positive,리더십
R000843,positive,협업
R000843,negative,전문성
R000844,positive,일정관리
R000844,negative,책임감
R000845,positive,협업
R000845,positive,리더십
R000845,positive,성실
R000845,positive,적극성
R000845,negative,전문성
R000846,positive,학습력
R000846,positive,멘토링
R000846,positive,적극성
R000846,positive,협업
R000846,positive,창의성
R000846,negative,성실
R000846,negative,위기대응
R000847,positive,창의성
R000847,positive,멘토링
R000847,positive,품질의식
R000847,negative,성실
R000848,positive,품질의식
R000848,positive,창의성
R000848,positive,꼼꼼함
R000848,positive,기획력
R000848,positive,멘토링
R000848,negative,소통
R000849,positive,협업
R000849,positive,멘토링
R000849,positive,꼼꼼함
R000849,positive,품질의식
R000849,positive,기획력
R000849,negative,책임감
R000850,positive,멘토링
R000850,positive,소통
R000850,positive,문서화
R000850,positive,고객대응
R000850,positive,위기대응
R000850,negative,창의성
R000850,negative,책임감
R000851,positive,문제해결
R000851,positive,적극성
R000851,positive,문서화
R000851,positive,일정관리
R000851,positive,소통
R000851,negative,기술공유
R000851,negative,창의성
R000852,positive,문제해결
R000852,positive,소통
R000852,positive,고객대응
R000852,positive,문서화
R000852,negative,친화력
R000852,negative,창의성
R000853,positive,문서화
R000853,positive,고객대응
R000853,positive,문제해결
R000853,positive,소통
R000853,negative,멘토링
R000854,positive,멘토링
R000854,positive,고객대응
R000854,positive,문서화
R000854,positive,소통
R000854,positive,문제해결
R000854,negative,창의성
R000854,negative,적극성
R000855,positive,소통
R000855,positive,문제해결
R000855,positive,고객대응
R000855,positive,위기대응
R000855,negative,적극성
R000856,positive,책임감
R000856,positive,적극성
R000856,positive,친화력
R000856,negative,문서화
R000856,negative,성실
R000857,positive,꼼꼼함
R000857,positive,일정관리
R000857,positive,문제해결
R000857,negative,기획력
R000857,negative,성실
R000857,negative,고객대응
R000858,positive,품질의식
R000858,positive,꼼꼼함
R000858,positive,적극성
R000858,negative,문제해결
R000859,positive,일정관리
R000859,negative,문제해결
R000859,negative,고객대응
R000860,positive,책임감
R000860,negative,창의성
R000860,negative,문서화
R000860,negative,고객대응
R000860,negative,학습력
R000861,positive,소통
R000861,negative,고객대응
R000861,negative,문제해결
R000861,negative,창의성
R000862,positive,위기대응
R000862,negative,고객대응
R000862,negative,문서화
R000862,negative,문제해결
R000863,positive,전문성
R000863,positive,성실
R000863,positive,품질의식
R000863,negative,위기대응
R000863,negative,학습력
R000863,negative,친화력
R000864,positive,소통
R000864,positive,협업
R000864,positive,리더십
R000864,negative,문제해결
R000865,positive,소통
R000865,positive,전문성
R000865,positive,꼼꼼함
R000865,negative,문서화
R000865,negative,기술공유
R000866,positive,꼼꼼함
R000866,positive,품질의식
R000866,positive,협업
R000866,positive,책임감
R000866,negative,문서화
R000866,negative,친화력
R000866,negative,학습력
R000867,positive,창의성
R000867,positive,전문성
R000867,positive,적극성
R000867,negative,리더십
R000867,negative,친화력
R000868,positive,협업
R000868,positive,소통
R000868,negative,리더십
R000868,negative,꼼꼼함
R000869,positive,협업
R000869,positive,창의성
R000869,negative,문서화
R000869,negative,책임감
R000869,negative,고객대응
R000870,positive,기술공유
R000870,positive,문제해결
R000870,negative,책임감
R000870,negative,문서화
R000871,positive,고객대응
R000871,positive,위기대응
R000871,positive,기획력
R000871,negative,친화력
R000871,negative,문서화
R000871,negative,책임감
R000872,positive,기획력
R000872,positive,친화력
R000872,positive,멘토링
R000872,negative,책임감
R000872,negative,문서화
R000873,positive,문제해결
R000873,positive,고객대응
R000873,negative,성실
R000873,negative,협업
R000873,negative,책임감
R000874,positive,일정관리
R000874,negative,전문성
R000874,negative,위기대응
R000875,positive,기획력
R000875,negative,전문성
R000875,negative,일정관리
R000875,negative,고객대응
R000876,positive,성실
R000876,negative,책임감
R000876,negative,전문성
R000877,positive,학습력
R000877,positive,성실
R000877,negative,고객대응
R000877,negative,전문성
R000877,negative,위기대응
R000877,negative,리더십
R000878,positive,소통
R000878,positive,성실
R000878,negative,전문성
R000878,negative,위기대응
R000879,positive,협업
R000879,positive,학습력
R000879,positive,성실
R000879,negative,멘토링
R000880,positive,협업
R000880,positive,고객대응
R000880,positive,적극성
R000880,positive,리더십
R000880,negative,기술공유
R000881,positive,협업
R000881,positive,창의성
R000881,positive,고객대응
R000881,positive,리더십
R000881,negative,기술공유
R000882,positive,적극성
R000882,positive,창의성
R000882,negative,문서화
R000882,negative,성실
R000882,negative,소통
R000883,positive,문서화
R000883,negative,적극성
R000883,negative,전문성
R000883,negative,학습력
R000884,positive,문서화
R000884,positive,기술공유
R000884,positive,멘토링
R000884,negative,학습력
R000885,positive,책임감
R000885,positive,꼼꼼함
R000885,positive,문제해결
R000885,positive,문서화
R000885,negative,전문성
R000885,negative,고객대응
R000886,positive,문제해결
R000886,positive,기술공유
R000886,positive,책임감
R000886,positive,문서화
R000886,negative,위기대응
R000887,positive,친화력
R000887,positive,소통
R000887,positive,책임감
R000887,positive,기술공유
R000887,negative,품질의식
R000887,negative,성실
R000888,positive,창의성
R000888,negative,성실
R000889,positive,책임감
R000889,positive,소통
R000889,positive,적극성
R000889,negative,꼼꼼함
R000889,negative,성실
R000890,positive,기술공유
R000890,positive,꼼꼼함
R000890,positive,책임감
R000890,negative,품질의식
R000890,negative,성실
R000891,positive,고객대응
R000891,positive,소통
R000891,negative,일정관리
R000891,negative,위기대응
R000892,positive,기술공유
R000892,positive,일정관리
R000892,negative,위기대응
R000892,negative,적극성
R000893,positive,고객대응
R000893,positive,학습력
R000893,negative,성실
R000893,negative,문제해결
R000894,positive,꼼꼼함
R000894,positive,품질의식
R000894,positive,학습력
R000894,positive,고객대응
R000894,negative,협업
R000894,negative,문서화
R000895,positive,소통
R000895,positive,기술공유
R000895,positive,고객대응
R000895,negative,적극성
R000895,negative,위기대응
R000896,positive,일정관리
R000896,positive,리더십
R000896,negative,소통
R000896,negative,문제해결
R000896,negative,위기대응
R000897,positive,문서화
R000897,positive,일정관리
R000897,positive,성실
R000897,positive,품질의식
R000897,negative,고객대응
R000897,negative,위기대응
R000897,negative,소통
R000898,positive,일정관리
R000898,positive,품질의식
R000898,positive,성실
R000898,negative,리더십
R000898,negative,위기대응
R000899,positive,품질의식
R000899,positive,성실
R000899,positive,기술공유
R000899,positive,협업
R000899,negative,소통
R000899,negative,학습력
R000900,positive,리더십
R000900,positive,품질의식
R000900,positive,전문성
R000900,positive,고객대응
R000900,negative,적극성
R000900,negative,기술공유
R000900,negative,친화력
R000900,negative,문서화
R000901,positive,위기대응
R000901,negative,기술공유
R000901,negative,문서화
R000902,positive,친화력
R000902,negative,문서화
R000902,negative,꼼꼼함
R000902,negative,소통
R000903,positive,적극성
R000903,positive,전문성
R000903,positive,리더십
R000903,negative,협업
R000903,negative,책임감
R000904,positive,위기대응
R000904,positive,책임감
R000904,positive,기획력
R000904,positive,리더십
R000904,negative,기술공유
R000904,negative,협업
R000905,positive,위기대응
R000905,positive,품질의식
R000905,positive,멘토링
R000905,negative,책임감
R000906,positive,창의성
R000906,negative,문서화
R000906,negative,친화력
R000906,negative,고객대응
R000906,negative,기획력
R000907,positive,멘토링
R000907,negative,전문성
R000907,negative,소통
R000907,negative,품질의식
R000908,positive,기술공유
R000908,negative,학습력
R000908,negative,친화력
R000908,negative,소통
R000908,negative,기획력
R000909,positive,기술공유
R000909,positive,책임감
R000909,negative,기획력
R000909,negative,학습력
R000910,positive,창의성
R000910,negative,책임감
R000910,negative,친화력
R000910,negative,기획력
R000911,positive,책임감
R000911,positive,기술공유
R000911,negative,문서화
R000911,negative,리더십
R000911,negative,학습력
R000911,negative,전문성
R000912,positive,리더십
R000912,positive,위기대응
R000912,positive,일정관리
R000912,positive,고객대응
R000912,negative,학습력
R000912,negative,전문성
R000913,positive,멘토링
R000913,positive,품질의식
R000913,negative,학습력
R000913,negative,소통
R000914,positive,일정관리
R000914,positive,위기대응
R000914,positive,꼼꼼함
R000914,negative,책임감
R000914,negative,친화력
R000915,positive,고객대응
R000915,negative,꼼꼼함
R000915,negative,문제해결
R000915,negative,기술공유
R000915,negative,전문성
R000916,positive,문서화
R000916,positive,꼼꼼함
R000916,negative,전문성
R000916,negative,기술공유
R000916,negative,친화력
R000917,positive,품질의식
R000917,positive,친화력
R000917,negative,전문성
R000917,negative,문제해결
R000917,negative,창의성
R000918,positive,협업
R000918,positive,품질의식
R000918,positive,일정관리
R000918,negative,꼼꼼함
R000918,negative,소통
R000919,positive,일정관리
R000919,positive,책임감
R000919,positive,창의성
R000919,negative,친화력
R000920,positive,리더십
R000920,positive,문제해결
R000920,positive,꼼꼼함
R000920,positive,창의성
R000920,negative,소통
R000921,positive,일정관리
R000921,positive,협업
R000921,positive,창의성
R000921,negative,친화력
R000922,positive,창의성
R000922,positive,일정관리
R000922,negative,소통
R000922,negative,꼼꼼함
R000923,positive,창의성
R000923,positive,기술공유
R000923,positive,품질의식
R000923,positive,적극성
R000923,negative,고객대응
R000923,negative,학습력
R000923,negative,문제해결
R000924,positive,멘토링
R000924,positive,적극성
R000924,positive,리더십
R000924,negative,학습력
R000925,positive,리더십
R000925,positive,책임감
R000925,positive,기술공유
R000925,negative,학습력
R000925,negative,꼼꼼함
R000925,negative,문제해결
R000926,positive,멘토링
R000926,positive,기술공유
R000926,positive,소통
R000926,negative,학습력
R000926,negative,꼼꼼함
R000926,negative,고객대응
R000926,negative,협업
R000927,positive,책임감
R000927,positive,품질의식
R000927,negative,리더십
R000927,negative,전문성
R000928,positive,문서화
R000928,positive,소통
R000928,positive,책임감
R000928,negative,창의성
R000929,positive,일정관리
R000929,positive,문제해결
R000929,negative,성실
R000929,negative,기술공유
R000930,positive,리더십
R000930,positive,일정관리
R000930,positive,책임감
R000930,positive,문서화
R000930,negative,문제해결
R000930,negative,창의성
R000931,positive,일정관리
R000931,positive,기획력
R000931,positive,책임감
R000931,negative,꼼꼼함
R000931,negative,기술공유
R000932,positive,리더십
R000932,positive,책임감
R000932,positive,일정관리
R000932,positive,문서화
R000932,negative,적극성
R000932,negative,전문성
R000933,positive,기획력
R000933,negative,성실
R000933,negative,위기대응
R000933,negative,소통
R000934,positive,품질의식
R000934,positive,성실
R000934,positive,고객대응
R000934,negative,적극성
R000934,negative,기술공유
R000934,negative,소통
R000935,positive,리더십
R000935,positive,품질의식
R000935,negative,성실
R000935,negative,기술공유
R000935,negative,협업
R000936,positive,책임감
R000936,negative,품질의식
R000937,positive,문서화
R000937,positive,소통
R000937,negative,리더십
R000937,negative,위기대응
R000937,negative,품질의식
R000938,positive,위기대응
R000938,positive,전문성
R000938,positive,기획력
R000938,negative,멘토링
R000939,positive,소통
R000939,negative,리더십
R000940,positive,위기대응
R000940,positive,학습력
R000940,negative,품질의식
R000940,negative,문제해결
R000941,positive,위기대응
R000941,positive,기술공유
R000941,negative,멘토링
R000941,negative,협업
R000942,positive,적극성
R000942,positive,품질의식
R000942,positive,학습력
R000942,positive,고객대응
R000942,negative,리더십
R000943,positive,위기대응
R000943,negative,멘토링
R000943,negative,기획력
R000943,negative,리더십
R000944,positive,일정관리
R000944,positive,전문성
R000944,positive,고객대응
R000944,negative,책임감
R000945,positive,리더십
R000945,positive,책임감
R000945,negative,고객대응
R000945,negative,적극성
R000946,positive,멘토링
R000946,positive,학습력
R000946,positive,품질의식
R000946,positive,전문성
R000946,negative,책임감
R000947,positive,리더십
R000947,positive,협업
R000947,negative,성실
R000947,negative,고객대응
R000947,negative,책임감
R000948,positive,학습력
R000948,negative,성실
R000948,negative,적극성
R000949,positive,일정관리
R000949,positive,꼼꼼함
R000949,negative,적극성
R000949,negative,소통
R000950,positive,멘토링
R000950,positive,꼼꼼함
R000950,positive,적극성
R000950,positive,소통
R000950,positive,기술공유
R000950,negative,품질의식
R000951,positive,적극성
R000951,positive,일정관리
R000951,positive,꼼꼼함
R000951,positive,기술공유
R000951,positive,멘토링
R000951,negative,품질의식
R000951,negative,창의성
R000952,positive,기획력
R000952,positive,적극성
R000952,positive,소통
R000952,positive,문제해결
R000952,positive,협업
R000952,negative,고객대응
R000952,negative,리더십
R000953,positive,학습력
R000953,positive,문제해결
R000953,positive,소통
R000953,positive,적극성
R000953,negative,성실
R000954,positive,협업
R000954,positive,적극성
R000954,positive,문제해결
R000954,positive,소통
R000954,positive,기획력
R000954,negative,성실
R000954,negative,전문성
R000955,positive,기술공유
R000955,positive,고객대응
R000955,positive,소통
R000955,positive,일정관리
R000955,negative,문제해결
R000956,positive,전문성
R000956,positive,친화력
R000956,positive,책임감
R000956,positive,일정관리
R000956,positive,학습력
R000956,negative,문제해결
R000956,negative,기술공유
R000957,positive,책임감
R000957,positive,창의성
R000957,positive,문서화
R000957,negative,친화력
R000958,positive,친화력
R000958,positive,전문성
R000958,positive,리더십
R000958,positive,문제해결
R000958,negative,일정관리
R000958,negative,위기대응
R000959,positive,멘토링
R000959,positive,전문성
R000959,positive,학습력
R000959,positive,문제해결
R000959,negative,일정관리
R000960,positive,문제해결
R000960,positive,학습력
R000960,positive,전문성
R000960,positive,일정관리
R000960,positive,친화력
R000960,negative,문서화
R000961,positive,소통
R000961,positive,멘토링
R000961,positive,품질의식
R000961,positive,고객대응
R000961,negative,일정관리
R000962,positive,학습력
R000962,positive,멘토링
R000962,positive,문제해결
R000962,negative,문서화
R000962,negative,품질의식
R000963,positive,전문성
R000963,positive,친화력
R000963,positive,학습력
R000963,positive,문제해결
R000963,positive,멘토링
R000963,negative,품질의식
R000964,positive,고객대응
R000964,negative,창의성
R000964,negative,협업
R000965,positive,꼼꼼함
R000965,negative,문서화
R000965,negative,학습력
R000965,negative,협업
R000965,negative,위기대응
R000966,positive,기획력
R000966,positive,적극성
R000966,negative,전문성
R000966,negative,문서화
R000966,negative,창의성
R000967,positive,적극성
R000967,positive,꼼꼼함
R000967,positive,협업
R000967,positive,친화력
R000967,negative,고객대응
R000968,positive,일정관리
R000968,positive,협업
R000968,positive,멘토링
R000968,positive,품질의식
R000968,positive,적극성
R000968,negative,고객대응
R000969,positive,창의성
R000969,positive,적극성
R000969,positive,협업
R000969,positive,품질의식
R000969,positive,소통
R000969,negative,꼼꼼함
R000970,positive,고객대응
R000970,positive,리더십
R000970,negative,문제해결
R000971,positive,꼼꼼함
R000971,positive,기획력
R000971,positive,고객대응
R000971,positive,리더십
R000971,positive,소통
R000971,negative,품질의식
R000971,negative,성실
R000972,positive,기획력
R000972,positive,소통
R000972,positive,고객대응
R000972,positive,책임감
R000972,negative,문서화
R000972,negative,성실
R000973,positive,품질의식
R000973,negative,문서화
R000973,negative,위기대응
R000974,positive,문제해결
R000974,positive,리더십
R000974,positive,책임감
R000974,negative,꼼꼼함
R000975,positive,품질의식
R000975,positive,고객대응
R000975,positive,문제해결
R000975,positive,성실
R000975,negative,책임감
R000975,negative,문서화
R000976,positive,책임감
R000976,positive,협업
R000976,negative,성실
R000976,negative,위기대응
R000977,positive,품질의식
R000977,negative,위기대응
R000977,negative,학습력
R000978,positive,적극성
R000978,positive,문제해결
R000978,negative,창의성
R000979,positive,기술공유
R000979,positive,책임감
R000979,positive,학습력
R000979,negative,일정관리
R000980,positive,기술공유
R000980,positive,소통
R000980,positive,품질의식
R000980,positive,기획력
R000980,positive,성실
R000980,negative,고객대응
R000981,positive,소통
R000981,positive,성실
R000981,positive,품질의식
R000981,negative,적극성
R000981,negative,문서화
R000982,positive,성실
R000982,positive,책임감
R000982,positive,품질의식
R000982,positive,기술공유
R000982,negative,적극성
R000983,positive,문서화
R000983,positive,리더십
R000983,negative,성실
R000983,negative,전문성
R000984,positive,문서화
R000984,positive,책임감
R000984,negative,기획력
R000984,negative,적극성
R000984,negative,전문성
R000985,positive,기술공유
R000985,positive,리더십
R000985,negative,적극성
R000985,negative,전문성
R000985,negative,창의성
R000986,positive,소통
R000986,negative,적극성
R000986,negative,멘토링
R000986,negative,꼼꼼함
R000987,positive,창의성
R000987,positive,협업
R000987,positive,문제해결
R000987,negative,리더십
R000987,negative,꼼꼼함
R000988,positive,문제해결
R000988,positive,리더십
R000988,negative,고객대응
R000989,positive,창의성
R000989,positive,협업
R000989,negative,문제해결
R000989,negative,리더십
R000990,positive,기술공유
R000990,positive,고객대응
R000990,negative,품질의식
R000990,negative,책임감
R000991,positive,책임감
R000991,positive,학습력
R000991,positive,친화력
R000991,positive,기술공유
R000991,negative,리더십
R000992,positive,책임감
R000992,positive,전문성
R000992,positive,꼼꼼함
R000992,negative,리더십
R000993,positive,전문성
R000993,positive,학습력
R000993,positive,기술공유
R000993,negative,품질의식
R000994,positive,기술공유
R000994,positive,전문성
R000994,negative,책임감
R000994,negative,리더십
R000994,negative,품질의식
R000995,positive,문제해결
R000995,positive,적극성
R000995,positive,소통
R000995,positive,창의성
R000995,negative,기술공유
R000996,positive,소통
R000996,positive,성실
R000996,positive,일정관리
R000996,negative,학습력
R000996,negative,리더십
R000997,positive,위기대응
R000997,positive,학습력
R000997,positive,책임감
R000997,negative,리더십
R000998,positive,일정관리
R000998,positive,고객대응
R000998,positive,기획력
R000998,positive,품질의식
R000998,negative,위기대응
R000998,negative,학습력
R000998,negative,문서화
R000999,positive,창의성
R000999,positive,협업
R000999,positive,기획력
R000999,positive,일정관리
R000999,negative,위기대응
R001000,positive,기획력
R001000,positive,책임감
R001000,negative,학습력
R001001,positive,책임감
R001001,positive,위기대응
R001001,negative,일정관리
R001001,negative,친화력
R001001,negative,전문성
R001002,positive,전문성
R001002,positive,기획력
R001002,negative,일정관리
R001002,negative,리더십
R001003,positive,위기대응
R001003,positive,전문성
R001003,positive,기획력
R001003,negative,친화력
R001003,negative,일정관리
R001003,negative,소통
R001004,positive,품질의식
R001004,positive,친화력
R001004,negative,리더십
R001004,negative,멘토링
R001005,positive,기획력
R001005,negative,멘토링
R001005,negative,리더십
R001006,positive,소통
R001006,positive,멘토링
R001006,positive,문서화
R001006,negative,일정관리
R001007,positive,기획력
R001007,positive,소통
R001007,positive,꼼꼼함
R001007,positive,문서화
R001007,positive,기술공유
R001007,negative,학습력
R001008,positive,꼼꼼함
R001008,positive,적극성
R001008,positive,문제해결
R001008,negative,일정관리
R001008,negative,학습력
R001008,negative,책임감
R001009,positive,기술공유
R001009,positive,문제해결
R001009,negative,적극성
R001009,negative,일정관리
R001010,positive,문제해결
R001010,positive,기술공유
R001010,positive,일정관리
R001010,positive,문서화
R001010,positive,꼼꼼함
R001010,negative,고객대응
R001011,positive,문서화
R001011,positive,꼼꼼함
R001011,positive,기술공유
R001011,positive,소통
R001011,positive,문제해결
R001011,negative,일정관리
R001012,positive,품질의식
R001012,positive,학습력
R001012,positive,멘토링
R001012,negative,기획력
R001012,negative,일정관리
R001013,positive,책임감
R001013,positive,멘토링
R001013,positive,전문성
R001013,negative,기획력
R001014,positive,소통
R001014,negative,고객대응
R001015,positive,문제해결
R001015,positive,성실
R001015,positive,적극성
R001015,positive,전문성
R001015,negative,기술공유
R001016,positive,적극성
R001016,positive,꼼꼼함
R001016,positive,전문성
R001016,negative,학습력
R001017,positive,전문성
R001017,positive,문제해결
R001017,positive,꼼꼼함
R001017,negative,문서화
R001017,negative,협업
R001017,negative,소통
R001018,positive,위기대응
R001018,positive,품질의식
R001018,negative,멘토링
R001019,positive,학습력
R001019,positive,리더십
R001019,negative,기술공유
R001019,negative,전문성
R001019,negative,멘토링
R001020,positive,리더십
R001020,positive,소통
R001020,negative,기술공유
R001021,positive,소통
R001021,positive,품질의식
R001021,negative,멘토링
R001021,negative,기술공유
R001021,negative,전문성
R001022,positive,기술공유
R001022,positive,창의성
R001022,negative,문서화
R001023,positive,학습력
R001023,positive,기술공유
R001023,positive,전문성
R001023,positive,문제해결
R001023,positive,소통
R001023,negative,기획력
R001023,negative,적극성
R001024,positive,전문성
R001024,positive,소통
R001024,positive,기술공유
R001024,positive,학습력
R001024,negative,적극성
R001024,negative,문서화
R001025,positive,창의성
R001025,positive,전문성
R001025,positive,책임감
R001025,positive,소통
R001025,negative,기획력
R001025,negative,적극성
R001026,positive,창의성
R001026,positive,기술공유
R001026,positive,소통
R001026,positive,학습력
R001026,positive,책임감
R001026,negative,문서화
R001027,positive,책임감
R001027,positive,친화력
R001027,positive,리더십
R001027,negative,기획력
R001027,negative,기술공유
R001028,positive,책임감
R001028,positive,창의성
R001028,positive,친화력
R001028,positive,품질의식
R001028,negative,문제해결
R001029,positive,친화력
R001029,positive,리더십
R001029,positive,책임감
R001029,negative,기획력
R001030,positive,성실
R001030,positive,책임감
R001030,positive,위기대응
R001030,positive,리더십
R001030,positive,창의성
R001030,negative,협업
R001031,positive,기술공유
R001031,positive,품질의식
R001031,positive,학습력
R001031,negative,일정관리
R001031,negative,리더십
R001031,negative,기획력
R001032,positive,학습력
R001032,negative,친화력
R001032,negative,협업
R001032,negative,기획력
R001033,positive,기술공유
R001033,negative,리더십
R001033,negative,소통
R001034,positive,문서화
R001034,positive,학습력
R001034,positive,위기대응
R001034,negative,리더십
R001034,negative,창의성
R001035,positive,위기대응
R001035,positive,기획력
R001035,positive,학습력
R001035,negative,리더십
R001035,negative,품질의식
R001036,positive,창의성
R001036,positive,일정관리
R001036,positive,친화력
R001036,negative,고객대응
R001036,negative,책임감
R001037,positive,기술공유
R001037,positive,위기대응
R001037,negative,책임감
R001038,positive,품질의식
R001038,positive,위기대응
R001038,negative,성실
R001039,positive,적극성
R001039,positive,문서화
R001039,negative,학습력
R001039,negative,고객대응
R001040,positive,일정관리
R001040,positive,전문성
R001040,positive,위기대응
R001040,negative,기획력
R001040,negative,성실
R001041,positive,위기대응
R001041,positive,창의성
R001041,negative,성실
R001041,negative,문제해결
R001042,positive,학습력
R001042,positive,품질의식
R001042,negative,기술공유
R001042,negative,소통
R001042,negative,일정관리
R001043,positive,고객대응
R001043,negative,협업
R001043,negative,소통
R001043,negative,성실
R001044,positive,품질의식
R001044,negative,소통
R001045,positive,창의성
R001045,positive,멘토링
R001045,positive,전문성
R001045,negative,기술공유
R001045,negative,소통
R001046,positive,리더십
R001046,positive,멘토링
R001046,positive,성실
R001046,negative,소통
R001046,negative,기획력
R001046,negative,기술공유
R001047,positive,위기대응
R001047,positive,전문성
R001047,negative,소통
R001047,negative,창의성
R001048,positive,책임감
R001048,positive,기술공유
R001048,positive,기획력
R001048,negative,협업
R001048,negative,멘토링
R001049,positive,고객대응
R001049,positive,기술공유
R001049,positive,리더십
R001049,negative,협업
R001049,negative,멘토링
R001049,negative,품질의식
R001050,positive,기획력
R001050,negative,리더십
R001050,negative,문서화
R001051,positive,친화력
R001051,positive,기술공유
R001051,negative,문서화
R001051,negative,멘토링
R001052,positive,품질의식
R001052,positive,책임감
R001052,positive,소통
R001052,positive,협업
R001052,negative,기획력
R001053,positive,품질의식
R001053,positive,학습력
R001053,positive,꼼꼼함
R001053,negative,문제해결
R001054,positive,일정관리
R001054,positive,품질의식
R001054,positive,문제해결
R001054,positive,꼼꼼함
R001054,positive,학습력
R001054,negative,문서화
R001055,positive,꼼꼼함
R001055,positive,책임감
R001055,positive,협업
R001055,positive,문제해결
R001055,negative,문서화
R001055,negative,기획력
R001056,positive,꼼꼼함
R001056,positive,일정관리
R001056,positive,품질의식
R001056,positive,문제해결
R001056,positive,학습력
R001056,negative,기획력
R001057,positive,문서화
R001057,positive,학습력
R001057,negative,위기대응
R001057,negative,성실
R001057,negative,품질의식
R001058,positive,학습력
R001058,positive,협업
R001058,positive,친화력
R001058,negative,품질의식
R001058,negative,성실
R001058,negative,위기대응
R001059,positive,학습력
R001059,negative,성실
R001059,negative,친화력
R001060,positive,창의성
R001060,negative,학습력
R001060,negative,성실
R001060,negative,품질의식
R001060,negative,위기대응
R001061,positive,문제해결
R001061,negative,친화력
R001061,negative,협업
R001061,negative,성실
R001062,positive,기획력
R001062,negative,위기대응
R001062,negative,친화력
R001062,negative,학습력
R001063,positive,기술공유
R001063,positive,협업
R001063,positive,소통
R001063,positive,위기대응
R001063,negative,성실
R001064,positive,고객대응
R001064,positive,적극성
R001064,positive,기술공유
R001064,positive,리더십
R001064,positive,협업
R001064,negative,친화력
R001065,positive,협업
R001065,positive,소통
R001065,positive,고객대응
R001065,positive,기술공유
R001065,negative,문제해결
R001065,negative,멘토링
R001065,negative,성실
R001066,positive,위기대응
R001066,positive,소통
R001066,positive,문제해결
R001066,positive,고객대응
R001066,negative,창의성
R001067,positive,기술공유
R001067,positive,위기대응
R001067,negative,친화력
R001067,negative,성실
R001068,positive,문서화
R001068,positive,문제해결
R001068,negative,전문성
R001069,positive,일정관리
R001069,negative,꼼꼼함
R001069,negative,창의성
R001069,negative,기술공유
R001069,negative,문서화
R001070,positive,문서화
R001070,negative,창의성
R001070,negative,성실
R001070,negative,꼼꼼함
R001070,negative,품질의식
R001071,positive,일정관리
R001071,positive,협업
R001071,positive,위기대응
R001071,negative,기획력
R001071,negative,친화력
R001072,positive,문제해결
R001072,positive,협업
R001072,negative,친화력
R001072,negative,품질의식
R001073,positive,위기대응
R001073,positive,전문성
R001073,positive,일정관리
R001073,positive,문서화
R001073,negative,친화력
R001074,positive,협업
R001074,negative,멘토링
R001074,negative,기획력
R001074,negative,친화력
R001075,positive,고객대응
R001075,positive,친화력
R001075,negative,기획력
R001075,negative,멘토링
R001075,negative,기술공유
R001076,positive,일정관리
R001076,positive,품질의식
R001076,positive,문서화
R001076,positive,학습력
R001076,negative,고객대응
R001076,negative,멘토링
R001077,positive,기획력
R001077,positive,문서화
R001077,negative,친화력
R001077,negative,멘토링
R001077,negative,창의성
R001078,positive,문제해결
R001078,positive,일정관리
R001078,negative,친화력
R001079,positive,위기대응
R001079,positive,일정관리
R001079,positive,꼼꼼함
R001079,negative,기술공유
R001079,negative,친화력
R001079,negative,멘토링
R001080,positive,문서화
R001080,negative,일정관리
R001080,negative,멘토링
R001081,positive,적극성
R001081,positive,문제해결
R001081,positive,문서화
R001081,negative,품질의식
R001082,positive,기술공유
R001082,positive,적극성
R001082,positive,친화력
R001082,negative,일정관리
R001082,negative,품질의식
R001083,positive,협업
R001083,negative,기획력
R001083,negative,문서화
R001083,negative,기술공유
R001084,positive,친화력
R001084,positive,협업
R001084,positive,품질의식
R001084,positive,기획력
R001084,negative,적극성
R001084,negative,기술공유
R001085,positive,책임감
R001085,positive,소통
R001085,positive,꼼꼼함
R001085,negative,성실
R001085,negative,문서화
R001086,positive,품질의식
R001086,positive,일정관리
R001086,negative,문제해결
R001086,negative,성실
R001087,positive,기획력
R001087,positive,전문성
R001087,positive,친화력
R001087,negative,성실
R001087,negative,창의성
R001088,positive,꼼꼼함
R001088,positive,품질의식
R001088,positive,기획력
R001088,negative,전문성
R001088,negative,문서화
R001089,positive,창의성
R001089,positive,적극성
R001089,positive,기술공유
R001089,positive,학습력
R001089,negative,소통
R001090,positive,위기대응
R001090,positive,창의성
R001090,positive,책임감
R001090,positive,기술공유
R001090,positive,적극성
R001090,negative,협업
R001090,negative,소통
R001090,negative,학습력
R001091,positive,멘토링
R001091,positive,책임감
R001091,positive,창의성
R001091,negative,소통
R001092,positive,책임감
R001092,positive,적극성
R001092,negative,품질의식
R001092,negative,학습력
R001093,positive,기술공유
R001093,positive,위기대응
R001093,positive,고객대응
R001093,positive,일정관리
R001093,negative,책임감
R001093,negative,전문성
R001093,negative,적극성
R001094,positive,품질의식
R001094,positive,위기대응
R001094,positive,고객대응
R001094,positive,기획력
R001094,positive,적극성
R001094,negative,책임감
R001095,positive,품질의식
R001095,positive,적극성
R001095,positive,일정관리
R001095,positive,위기대응
R001095,negative,전문성
R001096,positive,품질의식
R001096,positive,적극성
R001096,positive,기술공유
R001096,negative,창의성
R001096,negative,문제해결
R001097,positive,성실
R001097,negative,품질의식
R001098,positive,멘토링
R001098,negative,고객대응
R001098,negative,기획력
R001099,positive,고객대응
R001099,positive,기획력
R001099,negative,품질의식
R001099,negative,책임감
R001100,positive,친화력
R001100,negative,기술공유
R001101,positive,고객대응
R001101,positive,멘토링
R001101,negative,기획력
R001102,positive,친화력
R001102,positive,성실
R001102,negative,전문성
R001102,negative,품질의식
R001103,positive,기획력
R001103,positive,멘토링
R001103,negative,품질의식
R001103,negative,협업
R001103,negative,책임감
R001104,positive,위기대응
R001104,positive,멘토링
R001104,positive,전문성
R001104,negative,친화력
R001104,negative,책임감
R001104,negative,고객대응
R001105,positive,기획력
R001105,positive,멘토링
R001105,negative,품질의식
R001105,negative,전문성
R001105,negative,책임감
R001106,positive,위기대응
R001106,negative,책임감
R001106,negative,친화력
R001107,positive,멘토링
R001107,positive,소통
R001107,positive,적극성
R001107,negative,책임감
R001107,negative,품질의식
R001107,negative,꼼꼼함
R001108,positive,멘토링
R001108,positive,위기대응
R001108,negative,꼼꼼함
R001108,negative,친화력
R001109,positive,책임감
R001109,positive,기술공유
R001109,positive,고객대응
R001109,negative,창의성
R001109,negative,친화력
R001110,positive,전문성
R001110,positive,리더십
R001110,positive,문제해결
R001110,negative,위기대응
R001110,negative,적극성
R001111,positive,창의성
R001111,positive,성실
R001111,negative,멘토링
R001111,negative,위기대응
R001112,positive,문제해결
R001112,positive,전문성
R001112,positive,책임감
R001112,negative,적극성
R001113,positive,소통
R001113,negative,학습력
R001113,negative,멘토링
R001113,negative,협업
R001113,negative,꼼꼼함
R001114,positive,전문성
R001114,positive,소통
R001114,negative,기술공유
R001114,negative,일정관리
R001114,negative,멘토링
R001115,positive,일정관리
R001115,negative,멘토링
R001115,negative,친화력
R001116,positive,꼼꼼함
R001116,negative,멘토링
R001116,negative,친화력
R001116,negative,책임감
R001117,positive,꼼꼼함
R001117,negative,기술공유
R001117,negative,협업
R001118,positive,학습력
R001118,positive,위기대응
R001118,negative,성실
R001118,negative,멘토링
R001119,positive,고객대응
R001119,positive,기술공유
R001119,positive,적극성
R001119,negative,전문성
R001119,negative,성실
R001119,negative,품질의식
R001120,positive,기획력
R001120,positive,협업
R001120,negative,전문성
R001120,negative,학습력
R001121,positive,문서화
R001121,positive,학습력
R001121,positive,기획력
R001121,negative,전문성
R001121,negative,품질의식
R001122,positive,품질의식
R001122,positive,책임감
R001122,negative,위기대응
R001122,negative,기획력
R001123,positive,기술공유
R001123,positive,멘토링
R001123,negative,기획력
R001123,negative,리더십
R001123,negative,문제해결
R001124,positive,멘토링
R001124,negative,성실
R001124,negative,기획력
R001124,negative,고객대응
R001125,positive,리더십
R001125,positive,품질의식
R001125,negative,기획력
R001125,negative,협업
R001125,negative,문제해결
R001126,positive,위기대응
R001126,positive,협업
R001126,positive,멘토링
R001126,negative,기획력
R001126,negative,성실
R001127,positive,전문성
R001127,positive,위기대응
R001127,positive,협업
R001127,positive,멘토링
R001127,negative,창의성
R001128,positive,적극성
R001128,positive,협업
R001128,positive,품질의식
R001128,positive,전문성
R001128,positive,소통
R001128,negative,책임감
R001129,positive,멘토링
R001129,positive,학습력
R001129,positive,소통
R001129,negative,고객대응
R001130,positive,멘토링
R001130,positive,성실
R001130,positive,품질의식
R001130,negative,기획력
R001130,negative,꼼꼼함
R001131,positive,창의성
R001131,positive,멘토링
R001131,positive,전문성
R001131,negative,품질의식
R001132,positive,성실
R001132,positive,협업
R001132,positive,리더십
R001132,positive,문제해결
R001132,negative,위기대응
R001133,positive,성실
R001133,positive,전문성
R001133,positive,문제해결
R001133,negative,꼼꼼함
R001134,positive,전문성
R001134,positive,품질의식
R001134,positive,리더십
R001134,negative,꼼꼼함
R001134,negative,소통
R001135,positive,전문성
R001135,positive,위기대응
R001135,positive,성실
R001135,negative,소통
R001135,negative,꼼꼼함
R001135,negative,일정관리
R001136,positive,기술공유
R001136,positive,꼼꼼함
R001136,negative,고객대응
R001136,negative,리더십
R001137,positive,적극성
R001137,positive,품질의식
R001137,positive,전문성
R001137,positive,문서화
R001137,positive,기술공유
R001137,negative,협업
R001138,positive,기술공유
R001138,positive,전문성
R001138,negative,문제해결
R001138,negative,소통
R001138,negative,리더십
R001139,positive,일정관리
R001139,positive,책임감
R001139,positive,기술공유
R001139,positive,꼼꼼함
R001139,positive,적극성
R001139,negative,학습력
R001140,positive,소통
R001140,positive,책임감
R001140,positive,기술공유
R001140,positive,품질의식
R001140,negative,기획력
R001141,positive,적극성
R001141,positive,전문성
R001141,positive,책임감
R001141,positive,품질의식
R001141,positive,기술공유
R001141,negative,일정관리
R001141,negative,문제해결
R001141,negative,소통
R001142,positive,기획력
R001142,positive,위기대응
R001142,positive,소통
R001142,positive,품질의식
R001142,negative,성실
R001142,negative,협업
R001143,positive,위기대응
R001143,positive,품질의식
R001143,positive,소통
R001143,negative,협업
R001143,negative,학습력
R001144,positive,일정관리
R001144,positive,품질의식
R001144,positive,기획력
R001144,positive,소통
R001144,positive,고객대응
R001144,negative,협업
R001144,negative,문서화
R001145,positive,고객대응
R001145,negative,학습력
R001145,negative,창의성
R001145,negative,문제해결
R001146,positive,문서화
R001146,positive,창의성
R001146,negative,위기대응
R001146,negative,책임감
R001147,positive,협업
R001147,positive,창의성
R001147,positive,기획력
R001147,negative,위기대응
R001147,negative,책임감
R001147,negative,성실
R001148,positive,적극성
R001148,negative,성실
R001148,negative,책임감
R001149,positive,꼼꼼함
R001149,positive,성실
R001149,negative,리더십
R001149,negative,기획력
R001149,negative,창의성
R001150,positive,전문성
R001150,negative,학습력
R001150,negative,적극성
R001151,positive,꼼꼼함
R001151,positive,성실
R001151,positive,멘토링
R001151,negative,문서화
R001151,negative,기획력
R001151,negative,창의성
R001151,negative,적극성
R001152,positive,기획력
R001152,positive,성실
R001152,negative,문서화
R001152,negative,창의성
R001152,negative,꼼꼼함
R001153,positive,전문성
R001153,negative,일정관리
R001154,positive,꼼꼼함
R001154,positive,위기대응
R001154,negative,친화력
R001154,negative,창의성
R001155,positive,리더십
R001155,positive,위기대응
R001155,positive,고객대응
R001155,negative,학습력
R001155,negative,적극성
R001156,positive,소통
R001156,positive,친화력
R001156,negative,기획력
R001156,negative,꼼꼼함
R001157,positive,책임감
R001157,positive,친화력
R001157,positive,소통
R001157,negative,창의성
R001157,negative,품질의식
R001158,positive,기획력
R001158,positive,소통
R001158,positive,기술공유
R001158,positive,책임감
R001158,negative,멘토링
R001158,negative,전문성
R001159,positive,문제해결
R001159,positive,소통
R001159,negative,전문성
R001160,positive,일정관리
R001160,positive,성실
R001160,negative,리더십
R001160,negative,창의성
R001161,positive,소통
R001161,positive,일정관리
R001161,negative,리더십
R001161,negative,전문성
R001161,negative,성실
R001162,positive,품질의식
R001162,positive,책임감
R001162,positive,친화력
R001162,negative,학습력
R001162,negative,리더십
R001163,positive,품질의식
R001163,positive,문제해결
R001163,negative,리더십
R001164,positive,일정관리
R001164,positive,전문성
R001164,negative,책임감
R001164,negative,성실
R001164,negative,리더십
R001165,positive,멘토링
R001165,positive,전문성
R001165,positive,소통
R001165,positive,적극성
R001165,negative,친화력
R001165,negative,기획력
R001166,positive,성실
R001166,positive,문서화
R001166,negative,소통
R001166,negative,꼼꼼함
R001167,positive,멘토링
R001167,positive,학습력
R001167,negative,소통
R001167,negative,책임감
R001168,positive,친화력
R001168,positive,문서화
R001168,positive,적극성
R001168,negative,일정관리
R001168,negative,기획력
R001168,negative,꼼꼼함
R001169,positive,멘토링
R001169,positive,친화력
R001169,positive,적극성
R001169,negative,꼼꼼함
R001169,negative,기획력
R001170,positive,친화력
R001170,positive,멘토링
R001170,negative,소통
R001170,negative,리더십
R001171,positive,성실
R001171,positive,협업
R001171,positive,창의성
R001171,positive,품질의식
R001171,negative,위기대응
R001172,positive,협업
R001172,positive,전문성
R001172,positive,소통
R001172,positive,꼼꼼함
R001172,negative,적극성
R001173,positive,일정관리
R001173,positive,품질의식
R001173,positive,문서화
R001173,negative,책임감
R001173,negative,위기대응
R001174,positive,품질의식
R001174,positive,소통
R001174,positive,고객대응
R001174,positive,일정관리
R001174,negative,책임감
R001175,positive,일정관리
R001175,negative,위기대응
R001176,positive,전문성
R001176,positive,창의성
R001176,negative,기획력
R001176,negative,품질의식
R001176,negative,고객대응
R001177,positive,전문성
R001177,negative,기획력
R001177,negative,학습력
R001177,negative,책임감
R001178,positive,협업
R001178,negative,위기대응
R001178,negative,꼼꼼함
R001178,negative,품질의식
R001178,negative,고객대응
R001179,positive,꼼꼼함
R001179,negative,리더십
R001179,negative,기획력
R001179,negative,고객대응
R001180,positive,성실
R001180,negative,친화력
R001180,negative,기획력
R001180,negative,위기대응
R001181,positive,멘토링
R001181,positive,기획력
R001181,positive,소통
R001181,positive,품질의식
R001181,negative,위기대응
R001181,negative,고객대응
R001182,positive,전문성
R001182,positive,문제해결
R001182,positive,기술공유
R001182,positive,적극성
R001182,negative,고객대응
R001182,negative,꼼꼼함
R001183,positive,협업
R001183,positive,책임감
R001183,positive,위기대응
R001183,positive,품질의식
R001183,positive,소통
R001183,negative,기술공유
R001184,positive,리더십
R001184,positive,위기대응
R001184,positive,기술공유
R001184,positive,문제해결
R001184,negative,기획력
R001184,negative,전문성
R001185,positive,꼼꼼함
R001185,positive,적극성
R001185,positive,기술공유
R001185,positive,책임감
R001185,negative,전문성
R001185,negative,위기대응
R001186,positive,책임감
R001186,positive,적극성
R001186,positive,기술공유
R001186,positive,리더십
R001186,negative,전문성
R001186,negative,위기대응
R001187,positive,기획력
R001187,negative,전문성
R001187,negative,위기대응
R001187,negative,꼼꼼함
R001188,positive,기술공유
R001188,negative,친화력
R001188,negative,전문성
R001189,positive,고객대응
R001189,positive,위기대응
R001189,positive,기획력
R001189,negative,리더십
R001189,negative,소통
R001190,positive,위기대응
R001190,positive,기획력
R001190,positive,꼼꼼함
R001190,positive,일정관리
R001190,negative,멘토링
R001191,positive,친화력
R001191,positive,위기대응
R001191,positive,책임감
R001191,negative,기술공유
R001191,negative,리더십
R001191,negative,적극성
R001192,positive,꼼꼼함
R001192,positive,기획력
R001192,positive,문제해결
R001192,negative,품질의식
R001192,negative,소통
R001193,positive,위기대응
R001193,positive,기획력
R001193,positive,일정관리
R001193,negative,성실
R001194,positive,적극성
R001194,negative,기술공유
R001194,negative,문서화
R001195,positive,일정관리
R001195,negative,친화력
R001195,negative,성실
R001195,negative,품질의식
R001196,positive,일정관리
R001196,positive,위기대응
R001196,positive,리더십
R001196,positive,협업
R001196,negative,친화력
R001196,negative,책임감
R001197,positive,위기대응
R001197,positive,성실
R001197,positive,고객대응
R001197,positive,리더십
R001197,negative,책임감
R001197,negative,친화력
R001197,negative,품질의식
R001197,negative,기술공유
R001198,positive,문제해결
R001198,positive,리더십
R001198,negative,성실
R001198,negative,적극성
R001199,positive,위기대응
R001199,positive,소통
R001199,positive,친화력
R001199,positive,협업
R001199,negative,품질의식
R001199,negative,성실
R001200,positive,문제해결
R001200,positive,일정관리
R001200,negative,품질의식
R001200,negative,책임감
R001201,positive,책임감
R001201,positive,창의성
R001201,negative,위기대응
R001201,negative,적극성
R001201,negative,리더십
R001202,positive,멘토링
R001202,negative,품질의식
R001202,negative,위기대응
R001203,positive,문서화
R001203,positive,기술공유
R001203,negative,리더십
R001203,negative,적극성
R001203,negative,위기대응
R001204,positive,소통
R001204,negative,성실
R001204,negative,리더십
R001204,negative,일정관리
R001205,positive,소통
R001205,negative,위기대응
R001205,negative,품질의식
R001205,negative,멘토링
R001205,negative,일정관리
R001206,positive,품질의식
R001206,positive,소통
R001206,positive,기획력
R001206,negative,창의성
R001206,negative,적극성
R001206,negative,멘토링
R001207,positive,기술공유
R001207,positive,위기대응
R001207,positive,소통
R001207,positive,창의성
R001207,negative,품질의식
R001207,negative,일정관리
R001208,positive,협업
R001208,positive,성실
R001208,negative,멘토링
R001208,negative,일정관리
R001209,positive,소통
R001209,positive,전문성
R001209,negative,문제해결
R001209,negative,멘토링
R001210,positive,학습력
R001210,positive,협업
R001210,positive,품질의식
R001210,negative,성실
R001211,positive,적극성
R001211,positive,소통
R001211,positive,문서화
R001211,positive,창의성
R001211,negative,성실
R001212,positive,품질의식
R001212,positive,적극성
R001212,positive,전문성
R001212,positive,협업
R001212,negative,소통
R001213,positive,적극성
R001213,positive,품질의식
R001213,negative,성실
R001213,negative,문제해결
R001213,negative,꼼꼼함
R001214,positive,전문성
R001214,positive,품질의식
R001214,positive,일정관리
R001214,positive,적극성
R001214,negative,소통
R001214,negative,문제해결
R001214,negative,문서화
R001215,positive,협업
R001215,positive,전문성
R001215,positive,기술공유
R001215,negative,적극성
R001215,negative,고객대응
R001216,positive,멘토링
R001216,positive,창의성
R001216,positive,적극성
R001216,negative,기술공유
R001216,negative,일정관리
R001217,positive,리더십
R001217,positive,창의성
R001217,positive,협업
R001217,positive,멘토링
R001217,positive,적극성
R001217,negative,책임감
R001218,positive,리더십
R001218,positive,소통
R001218,positive,책임감
R001218,negative,친화력
R001218,negative,멘토링
R001218,negative,품질의식
R001219,positive,리더십
R001219,negative,친화력
R001219,negative,기획력
R001220,positive,기획력
R001220,positive,일정관리
R001220,positive,문서화
R001220,positive,협업
R001220,negative,멘토링
R001220,negative,위기대응
R001221,positive,위기대응
R001221,positive,창의성
R001221,negative,기획력
R001221,negative,적극성
R001222,positive,학습력
R001222,positive,문서화
R001222,positive,위기대응
R001222,negative,성실
R001222,negative,고객대응
R001222,negative,꼼꼼함
R001223,positive,문제해결
R001223,positive,창의성
R001223,positive,위기대응
R001223,negative,꼼꼼함
R001224,positive,위기대응
R001224,negative,고객대응
R001224,negative,친화력
R001224,negative,성실
R001224,negative,꼼꼼함
R001225,positive,멘토링
R001225,positive,고객대응
R001225,negative,적극성
R001225,negative,성실
R001225,negative,꼼꼼함
R001226,positive,일정관리
R001226,positive,협업
R001226,positive,학습력
R001226,negative,품질의식
R001226,negative,친화력
R001227,positive,문서화
R001227,positive,멘토링
R001227,negative,문제해결
R001227,negative,위기대응
R001227,negative,일정관리
R001228,positive,문서화
R001228,positive,학습력
R001228,positive,일정관리
R001228,negative,문제해결
R001229,positive,적극성
R001229,negative,소통
R001229,negative,기술공유
R001229,negative,책임감
R001229,negative,기획력
R001230,positive,리더십
R001230,negative,기획력
R001230,negative,멘토링
R001231,positive,리더십
R001231,positive,위기대응
R001231,negative,문제해결
R001231,negative,기획력
R001231,negative,책임감
R001232,positive,꼼꼼함
R001232,negative,기획력
R001232,negative,일정관리
R001232,negative,협업
R001232,negative,적극성
R001233,positive,문제해결
R001233,positive,품질의식
R001233,negative,전문성
R001233,negative,학습력
R001233,negative,기획력
R001233,negative,협업
R001234,positive,위기대응
R001234,positive,꼼꼼함
R001234,negative,일정관리
R001234,negative,기획력
R001235,positive,고객대응
R001235,negative,학습력
R001235,negative,문제해결
R001235,negative,리더십
R001235,negative,창의성
R001235,negative,멘토링
R001236,positive,기술공유
R001236,positive,책임감
R001236,negative,전문성
R001236,negative,꼼꼼함
R001237,positive,책임감
R001237,positive,고객대응
R001237,positive,품질의식
R001237,positive,소통
R001237,negative,전문성
R001237,negative,학습력
R001238,positive,품질의식
R001238,positive,전문성
R001238,negative,기술공유
R001238,negative,친화력
R001239,positive,일정관리
R001239,negative,꼼꼼함
R001239,negative,기획력
R001240,positive,기술공유
R001240,positive,멘토링
R001240,negative,품질의식
R001240,negative,기획력
R001241,positive,친화력
R001241,negative,기획력
R001242,positive,품질의식
R001242,positive,창의성
R001242,positive,기획력
R001242,negative,적극성
R001242,negative,친화력
R001243,positive,성실
R001243,positive,협업
R001243,negative,일정관리
R001243,negative,책임감
R001244,positive,창의성
R001244,positive,일정관리
R001244,positive,품질의식
R001244,positive,성실
R001244,negative,친화력
R001245,positive,문서화
R001245,negative,학습력
R001246,positive,문서화
R001246,positive,학습력
R001246,negative,일정관리
R001246,negative,꼼꼼함
R001246,negative,적극성
R001247,positive,품질의식
R001247,positive,일정관리
R001247,negative,기술공유
R001248,positive,전문성
R001248,positive,멘토링
R001248,negative,성실
R001248,negative,품질의식
R001249,positive,창의성
R001249,positive,문제해결
R001249,positive,문서화
R001249,positive,멘토링
R001249,positive,고객대응
R001249,negative,품질의식
R001249,negative,성실
R001250,positive,창의성
R001250,positive,고객대응
R001250,positive,문서화
R001250,negative,기술공유
R001251,positive,문서화
R001251,positive,고객대응
R001251,negative,품질의식
R001251,negative,소통
R001252,positive,협업
R001252,positive,품질의식
R001252,positive,전문성
R001252,negative,친화력
R001252,negative,고객대응
R001253,positive,품질의식
R001253,positive,적극성
R001253,negative,꼼꼼함
R001253,negative,리더십
R001254,positive,전문성
R001254,positive,문서화
R001254,positive,품질의식
R001254,negative,친화력
R001255,positive,적극성
R001255,positive,멘토링
R001255,negative,고객대응
R001255,negative,리더십
R001255,negative,위기대응
R001256,positive,멘토링
R001256,positive,창의성
R001256,positive,학습력
R001256,positive,소통
R001256,positive,기술공유
R001256,negative,기획력
R001257,positive,협업
R001257,positive,고객대응
R001257,positive,학습력
R001257,positive,창의성
R001257,positive,기술공유
R001257,negative,성실
R001258,positive,문제해결
R001258,positive,창의성
R001258,positive,성실
R001258,negative,위기대응
R001258,negative,고객대응
R001258,negative,기획력
R001259,positive,일정관리
R001259,negative,적극성
R001259,negative,전문성
R001259,negative,꼼꼼함
R001259,negative,문제해결
R001260,positive,품질의식
R001260,positive,책임감
R001260,negative,소통
R001260,negative,기획력
R001261,positive,멘토링
R001261,positive,품질의식
R001261,negative,소통
R001262,positive,일정관리
R001262,negative,적극성
R001263,positive,기술공유
R001263,positive,멘토링
R001263,positive,품질의식
R001263,positive,일정관리
R001263,negative,적극성
R001263,negative,리더십
R001264,positive,책임감
R001264,positive,소통
R001264,positive,기술공유
R001264,negative,학습력
R001264,negative,문제해결
R001264,negative,협업
R001265,positive,문서화
R001265,positive,문제해결
R001265,positive,기술공유
R001265,positive,리더십
R001265,negative,고객대응
R001265,negative,학습력
R001266,positive,기술공유
R001266,positive,위기대응
R001266,positive,창의성
R001266,positive,기획력
R001266,negative,고객대응
R001266,negative,꼼꼼함
R001266,negative,소통
R001267,positive,창의성
R001267,positive,기술공유
R001267,positive,문제해결
R001267,negative,친화력
R001267,negative,리더십
R001268,positive,기획력
R001268,positive,기술공유
R001268,negative,학습력
R001268,negative,친화력
R001269,positive,기획력
R001269,positive,위기대응
R001269,positive,문제해결
R001269,positive,기술공유
R001269,negative,고객대응
R001270,positive,위기대응
R001270,positive,기술공유
R001270,positive,문제해결
R001270,negative,꼼꼼함
R001270,negative,친화력
R001270,negative,멘토링
R001271,positive,멘토링
R001271,negative,성실
R001271,negative,적극성
R001272,positive,일정관리
R001272,negative,성실
R001272,negative,문제해결
R001273,positive,협업
R001273,positive,멘토링
R001273,negative,위기대응
R001273,negative,소통
R001273,negative,문제해결
R001274,positive,적극성
R001274,negative,꼼꼼함
R001274,negative,고객대응
R001275,positive,협업
R001275,positive,멘토링
R001275,negative,고객대응
R001276,positive,문제해결
R001276,negative,책임감
R001276,negative,멘토링
R001277,positive,친화력
R001277,positive,리더십
R001277,negative,위기대응
R001278,positive,문제해결
R001278,positive,품질의식
R001278,positive,학습력
R001278,positive,소통
R001278,negative,전문성
R001278,negative,멘토링
R001279,positive,고객대응
R001279,positive,리더십
R001279,positive,학습력
R001279,positive,협업
R001279,negative,성실
R001279,negative,품질의식
R001280,positive,적극성
R001280,positive,학습력
R001280,positive,협업
R001280,negative,일정관리
R001280,negative,전문성
R001281,positive,꼼꼼함
R001281,positive,기획력
R001281,positive,멘토링
R001281,positive,창의성
R001281,positive,품질의식
R001281,negative,성실
R001282,positive,꼼꼼함
R001282,positive,멘토링
R001282,positive,기획력
R001282,negative,위기대응
R001283,positive,창의성
R001283,positive,멘토링
R001283,positive,기획력
R001283,positive,품질의식
R001283,negative,문서화
R001284,positive,친화력
R001284,positive,문서화
R001284,positive,소통
R001284,positive,문제해결
R001284,negative,기술공유
R001285,positive,기술공유
R001285,positive,창의성
R001285,positive,문서화
R001285,negative,소통
R001285,negative,기획력
R001286,positive,성실
R001286,positive,품질의식
R001286,positive,꼼꼼함
R001286,positive,문제해결
R001286,positive,위기대응
R001286,negative,창의성
R001287,positive,품질의식
R001287,positive,꼼꼼함
R001287,positive,일정관리
R001287,negative,문서화
R001287,negative,협업
R001287,negative,소통
R001288,positive,일정관리
R001288,positive,문제해결
R001288,negative,기획력
R001289,positive,문제해결
R001289,positive,꼼꼼함
R001289,negative,기획력
R001289,negative,성실
R001289,negative,고객대응
R001290,positive,품질의식
R001290,positive,문제해결
R001290,negative,고객대응
R001291,positive,성실
R001291,positive,적극성
R001291,negative,고객대응
R001291,negative,리더십
R001292,positive,꼼꼼함
R001292,positive,일정관리
R001292,negative,품질의식
R001292,negative,적극성
R001292,negative,협업
R001293,positive,위기대응
R001293,negative,문서화
R001293,negative,창의성
R001293,negative,문제해결
R001293,negative,기획력
R001293,negative,고객대응
R001294,positive,일정관리
R001294,negative,기획력
R001294,negative,창의성
R001294,negative,문서화
R001294,negative,문제해결
R001295,positive,문제해결
R001295,positive,멘토링
R001295,negative,문서화
R001295,negative,고객대응
R001295,negative,창의성
R001296,positive,멘토링
R001296,positive,위기대응
R001296,negative,창의성
R001296,negative,문제해결
R001296,negative,친화력
R001297,positive,멘토링
R001297,positive,꼼꼼함
R001297,positive,품질의식
R001297,negative,기술공유
R001297,negative,학습력
R001298,positive,적극성
R001298,positive,고객대응
R001298,positive,창의성
R001298,negative,리더십
R001299,positive,협업
R001299,positive,소통
R001299,positive,전문성
R001299,negative,친화력
R001299,negative,품질의식
R001299,negative,문서화
R001300,positive,문제해결
R001300,negative,문서화
R001300,negative,성실
R001300,negative,위기대응
R001301,positive,기획력
R001301,positive,꼼꼼함
R001301,positive,문제해결
R001301,negative,문서화
R001301,negative,책임감
R001302,positive,기획력
R001302,positive,기술공유
R001302,negative,위기대응
R001302,negative,문제해결
R001302,negative,성실
R001303,positive,기획력
R001303,positive,소통
R001303,positive,학습력
R001303,negative,전문성
R001303,negative,위기대응
R001303,negative,고객대응
R001304,positive,소통
R001304,positive,멘토링
R001304,negative,고객대응
R001304,negative,위기대응
R001305,positive,소통
R001305,positive,기획력
R001305,negative,일정관리
R001305,negative,기술공유
R001305,negative,고객대응
R001306,positive,리더십
R001306,positive,성실
R001306,positive,협업
R001306,positive,위기대응
R001306,negative,기술공유
R001306,negative,전문성
R001307,positive,품질의식
R001307,positive,문제해결
R001307,positive,성실
R001307,negative,기술공유
R001307,negative,친화력
R001308,positive,문제해결
R001308,positive,성실
R001308,negative,소통
R001308,negative,멘토링
R001308,negative,일정관리
R001309,positive,일정관리
R001309,positive,협업
R001309,positive,적극성
R001309,positive,성실
R001309,negative,소통
R001309,negative,품질의식
R001309,negative,리더십
R001310,positive,책임감
R001310,positive,문제해결
R001310,positive,기술공유
R001310,negative,품질의식
R001311,positive,기술공유
R001311,positive,꼼꼼함
R001311,positive,책임감
R001311,negative,적극성
R001312,positive,꼼꼼함
R001312,positive,고객대응
R001312,positive,책임감
R001312,positive,문제해결
R001312,negative,문서화
R001313,positive,품질의식
R001313,positive,꼼꼼함
R001313,positive,책임감
R001313,negative,소통
R001313,negative,문제해결
