person_id,work_id,project_code,start_date,end_date,status,work_name,client,industry,summary
DP0001,W000001,X-0005,2017-07-01,2017-11-30,확정완료,금융사 라2 차세대 데이터 플랫폼 구축,금융사 라2,금융,"금융사 라2 차세대 데이터 플랫폼 구축에서 적재 파이프라인 담당(ETL, Hadoop, Scala 활용)"
DP0001,W000002,X-0023,2018-02-01,2018-04-30,미등록,금융사 하 차세대 데이터 플랫폼 구축,금융사 하,금융,"금융사 하 차세대 데이터 플랫폼 구축에서 데이터 이관 담당(ETL, Spark, Python 활용)"
DP0001,W000003,X-0017,2018-06-01,2018-11-30,미등록,공공기관 기 공공데이터 개방 플랫폼 구축,공공기관 기,공공,"공공기관 기 공공데이터 개방 플랫폼 구축에서 데이터 정제 담당(Python, Kafka, Hadoop 활용)"
DP0001,W000004,X-0169,2018-12-01,2018-12-31,확정완료,금융사 타 차세대 데이터 플랫폼 구축,금융사 타,금융,"금융사 타 차세대 데이터 플랫폼 구축에서 적재 파이프라인 담당(AWS, Scala, Kafka 활용)"
DP0001,W000005,X-0167,2019-02-01,2019-04-30,미등록,공공기관 병 공공데이터 개방 플랫폼 구축,공공기관 병,공공,"공공기관 병 공공데이터 개방 플랫폼 구축에서 개방 API 담당(Hadoop, Kafka, Spark 활용)"
DP0001,W000006,X-0204,2019-05-01,2019-10-31,미등록,금융사 사2 차세대 데이터 플랫폼 구축,금융사 사2,금융,"금융사 사2 차세대 데이터 플랫폼 구축에서 데이터 이관 담당(Airflow, Python, ETL 활용)"
DP0001,W000007,X-0098,2019-11-01,2020-03-31,확정완료,금융사 파2 비정형 문서 메타데이터 전환,금융사 파2,금융,"금융사 파2 비정형 문서 메타데이터 전환에서 데이터 이관 담당(SQL, Hadoop, Kafka 활용)"
DP0001,W000008,X-0066,2020-06-01,2020-09-30,미등록,계열사 P 데이터 레이크 고도화,계열사 P,그룹사(대내),"계열사 P 데이터 레이크 고도화에서 카탈로그 구축 담당(Hadoop, Scala, Python 활용)"
DP0001,W000009,X-0180,2020-12-01,2021-06-30,확정완료,금융사 아 데이터 마트 구축,금융사 아,금융,"금융사 아 데이터 마트 구축에서 데이터 이관 담당(Scala, Spark, Airflow 활용)"
DP0001,W000010,X-0112,2021-07-01,2021-10-31,확정완료,금융사 가 비정형 문서 메타데이터 전환,금융사 가,금융,"금융사 가 비정형 문서 메타데이터 전환에서 메타데이터 설계 담당(Kafka, Scala, Python 활용)"
DP0001,W000011,X-0050,2021-11-01,2022-06-30,확정완료,금융사 라2 차세대 데이터 플랫폼 구축,금융사 라2,금융,"금융사 라2 차세대 데이터 플랫폼 구축에서 데이터 이관 담당(Spark, SQL, AWS 활용)"
DP0001,W000012,X-0128,2022-08-01,2022-12-31,확정완료,공공기관 갑 공공데이터 개방 플랫폼 구축,공공기관 갑,공공,"공공기관 갑 공공데이터 개방 플랫폼 구축에서 데이터 정제 담당(Python, Hadoop, Kafka 활용)"
DP0001,W000013,X-0093,2023-02-01,2023-09-30,확정완료,계열사 A 데이터 레이크 고도화,계열사 A,그룹사(대내),"계열사 A 데이터 레이크 고도화에서 데이터 표준화 담당(Airflow, SQL, Scala 활용)"
DP0001,W000014,X-0246,2023-11-01,2024-03-31,확정완료,계열사 N 데이터 거버넌스 구축,계열사 N,그룹사(대내),"계열사 N 데이터 거버넌스 구축에서 데이터 표준화 담당(Hadoop, AWS, Scala 활용)"
DP0001,W000015,X-0225,2024-04-01,2024-08-31,확정완료,금융사 카 차세대 데이터 플랫폼 구축,금융사 카,금융,"금융사 카 차세대 데이터 플랫폼 구축에서 적재 파이프라인 담당(Airflow, Spark, ETL 활용)"
DP0001,W000016,X-0038,2024-09-01,2024-12-31,확정완료,계열사 F 데이터 거버넌스 구축,계열사 F,그룹사(대내),"계열사 F 데이터 거버넌스 구축에서 데이터 표준화 담당(Python, ETL, AWS 활용)"
DP0001,W000017,X-0157,2025-03-01,2025-05-31,확정완료,계열사 L 데이터 레이크 고도화,계열사 L,그룹사(대내),"계열사 L 데이터 레이크 고도화에서 데이터 표준화 담당(AWS, Python, Hadoop 활용)"
DP0001,W000018,X-0178,2025-06-01,2025-11-30,확정완료,금융사 라 데이터 마트 구축,금융사 라,금융,"금융사 라 데이터 마트 구축에서 데이터 이관 담당(Kafka, Scala, Airflow 활용)"
DP0001,W000019,X-0138,2026-02-01,2026-05-31,확정완료,계열사 H 데이터 레이크 고도화,계열사 H,그룹사(대내),"계열사 H 데이터 레이크 고도화에서 배치 운영 담당(AWS, ETL, Kafka 활용)"
DP0001,W000020,X-0087,2026-06-01,2026-08-31,확정완료,계열사 K 데이터 레이크 고도화,계열사 K,그룹사(대내),"계열사 K 데이터 레이크 고도화에서 배치 운영 담당(ETL, Kafka, Spark 활용)"
DP0002,W000021,X-0112,2021-03-01,2021-05-31,확정완료,금융사 가 비정형 문서 메타데이터 전환,금융사 가,금융,"금융사 가 비정형 문서 메타데이터 전환에서 메타데이터 설계 담당(Python, ETL, 메타데이터 관리 활용)"
DP0002,W000022,X-0174,2021-07-01,2021-10-31,확정완료,공공기관 경 공공데이터 개방 플랫폼 구축,공공기관 경,공공,"공공기관 경 공공데이터 개방 플랫폼 구축에서 개방 API 담당(비정형 문서 처리(OCR), ETL, Text Analysis 활용)"
DP0002,W000023,X-0137,2021-11-01,2021-12-31,미등록,금융사 다 차세대 데이터 플랫폼 구축,금융사 다,금융,"금융사 다 차세대 데이터 플랫폼 구축에서 데이터 이관 담당(Python, Text Analysis, 메타데이터 관리 활용)"
DP0002,W000024,X-0016,2022-01-01,2022-02-28,미등록,공공기관 을 공공데이터 개방 플랫폼 구축,공공기관 을,공공,"공공기관 을 공공데이터 개방 플랫폼 구축에서 데이터 정제 담당(비정형 문서 처리(OCR), ETL, Text Analysis 활용)"
DP0002,W000025,X-0109,2022-03-01,2022-04-30,확정완료,계열사 Z 데이터 거버넌스 구축,계열사 Z,그룹사(대내),"계열사 Z 데이터 거버넌스 구축에서 카탈로그 구축 담당(Python, Text Analysis, 비정형 문서 처리(OCR) 활용)"
DP0002,W000026,X-0128,2022-05-01,2022-11-30,확정완료,공공기관 갑 공공데이터 개방 플랫폼 구축,공공기관 갑,공공,"공공기관 갑 공공데이터 개방 플랫폼 구축에서 데이터 정제 담당(메타데이터 관리, 비정형 문서 처리(OCR), ETL 활용)"
DP0002,W000027,X-0128,2022-12-01,2022-12-31,확정완료,공공기관 갑 공공데이터 개방 플랫폼 구축,공공기관 갑,공공,"공공기관 갑 공공데이터 개방 플랫폼 구축에서 데이터 정제 담당(비정형 문서 처리(OCR), ETL, 메타데이터 관리 활용)"
DP0002,W000028,X-0227,2023-02-01,2023-11-30,확정완료,계열사 W 데이터 레이크 고도화,계열사 W,그룹사(대내),"계열사 W 데이터 레이크 고도화에서 데이터 표준화 담당(ETL, Python, Text Analysis 활용)"
DP0002,W000029,X-0094,2024-01-01,2024-04-30,확정완료,계열사 C 데이터 레이크 고도화,계열사 C,그룹사(대내),"계열사 C 데이터 레이크 고도화에서 배치 운영 담당(비정형 문서 처리(OCR), 검색엔진, 메타데이터 관리 활용)"
DP0002,W000030,X-0229,2024-07-01,2024-09-30,확정완료,계열사 R 데이터 거버넌스 구축,계열사 R,그룹사(대내),"계열사 R 데이터 거버넌스 구축에서 배치 운영 담당(검색엔진, ETL, Python 활용)"
DP0002,W000031,X-0225,2024-12-01,2025-02-28,확정완료,금융사 카 차세대 데이터 플랫폼 구축,금융사 카,금융,"금융사 카 차세대 데이터 플랫폼 구축에서 적재 파이프라인 담당(Python, Text Analysis, 검색엔진 활용)"
DP0002,W000032,X-0100,2025-05-01,2025-11-30,확정완료,금융사 하 데이터 마트 구축,금융사 하,금융,"금융사 하 데이터 마트 구축에서 메타데이터 설계 담당(비정형 문서 처리(OCR), ETL, 검색엔진 활용)"
DP0002,W000033,X-0203,2026-02-01,2026-05-31,확정완료,계열사 O 데이터 거버넌스 구축,계열사 O,그룹사(대내),"계열사 O 데이터 거버넌스 구축에서 데이터 표준화 담당(Text Analysis, ETL, 메타데이터 관리 활용)"
DP0002,W000034,X-0144,2026-07-01,2026-09-30,진행중,공공기관 병 공공데이터 개방 플랫폼 구축,공공기관 병,공공,"공공기관 병 공공데이터 개방 플랫폼 구축에서 개방 API 담당(비정형 문서 처리(OCR), 검색엔진, 메타데이터 관리 활용)"
DP0003,W000041,X-0075,2016-10-01,2017-02-28,확정완료,계열사 I 데이터 레이크 고도화,계열사 I,그룹사(대내),"계열사 I 데이터 레이크 고도화에서 카탈로그 구축 담당(Scala, Spark, ETL 활용)"
DP0003,W000042,X-0032,2017-03-01,2017-07-31,확정완료,계열사 R 데이터 레이크 고도화,계열사 R,그룹사(대내),"계열사 R 데이터 레이크 고도화에서 배치 운영 담당(AWS, Hadoop, Airflow 활용)"
DP0003,W000043,X-0192,2017-08-01,2017-11-30,확정완료,금융사 나2 비정형 문서 메타데이터 전환,금융사 나2,금융,"금융사 나2 비정형 문서 메타데이터 전환에서 메타데이터 설계 담당(Scala, SQL, Spark 활용)"
DP0003,W000044,X-0049,2018-02-01,2018-04-30,확정완료,계열사 U 데이터 거버넌스 구축,계열사 U,그룹사(대내),"계열사 U 데이터 거버넌스 구축에서 카탈로그 구축 담당(ETL, Hadoop, Spark 활용)"
DP0003,W000045,X-0215,2018-06-01,2018-11-30,확정완료,계열사 P 데이터 레이크 고도화,계열사 P,그룹사(대내),"계열사 P 데이터 레이크 고도화에서 데이터 표준화 담당(Spark, Hadoop, Scala 활용)"
DP0003,W000046,X-0084,2018-12-01,2018-12-31,확정완료,금융사 바2 비정형 문서 메타데이터 전환,금융사 바2,금융,"금융사 바2 비정형 문서 메타데이터 전환에서 데이터 이관 담당(Hadoop, Python, AWS 활용)"
DP0003,W000047,X-0001,2019-05-01,2019-07-31,확정완료,금융사 카 차세대 데이터 플랫폼 구축,금융사 카,금융,"금융사 카 차세대 데이터 플랫폼 구축에서 메타데이터 설계 담당(AWS, ETL, Python 활용)"
DP0003,W000048,X-0066,2019-08-01,2019-11-30,확정완료,계열사 P 데이터 레이크 고도화,계열사 P,그룹사(대내),"계열사 P 데이터 레이크 고도화에서 카탈로그 구축 담당(Hadoop, Python, Spark 활용)"
DP0003,W000049,X-0026,2020-01-01,2020-01-31,확정완료,공공기관 병 공공데이터 개방 플랫폼 구축,공공기관 병,공공,"공공기관 병 공공데이터 개방 플랫폼 구축에서 개방 API 담당(SQL, Python, Scala 활용)"
DP0003,W000050,X-0124,2020-02-01,2020-02-29,미등록,공공기관 정 공공데이터 개방 플랫폼 구축,공공기관 정,공공,"공공기관 정 공공데이터 개방 플랫폼 구축에서 개방 API 담당(ETL, Kafka, Airflow 활용)"
DP0003,W000051,X-0066,2020-03-01,2020-09-30,확정완료,계열사 P 데이터 레이크 고도화,계열사 P,그룹사(대내),"계열사 P 데이터 레이크 고도화에서 카탈로그 구축 담당(SQL, Python, Spark 활용)"
DP0003,W000052,X-0098,2020-10-01,2020-10-31,확정완료,금융사 파2 비정형 문서 메타데이터 전환,금융사 파2,금융,"금융사 파2 비정형 문서 메타데이터 전환에서 데이터 이관 담당(Kafka, Hadoop, ETL 활용)"
DP0003,W000053,X-0002,2020-11-01,2020-12-31,확정완료,계열사 Q 데이터 레이크 고도화,계열사 Q,그룹사(대내),"계열사 Q 데이터 레이크 고도화에서 데이터 표준화 담당(Spark, Airflow, Kafka 활용)"
DP0003,W000054,X-0111,2021-01-01,2021-09-30,확정완료,금융사 타2 차세대 데이터 플랫폼 구축,금융사 타2,금융,"금융사 타2 차세대 데이터 플랫폼 구축에서 적재 파이프라인 담당(Hadoop, Spark, AWS 활용)"
DP0003,W000055,X-0137,2021-11-01,2021-11-30,확정완료,금융사 다 차세대 데이터 플랫폼 구축,금융사 다,금융,"금융사 다 차세대 데이터 플랫폼 구축에서 데이터 이관 담당(Python, ETL, Kafka 활용)"
DP0003,W000056,X-0208,2022-01-01,2022-04-30,확정완료,계열사 G 데이터 레이크 고도화,계열사 G,그룹사(대내),"계열사 G 데이터 레이크 고도화에서 데이터 표준화 담당(AWS, SQL, ETL 활용)"
DP0003,W000057,X-0050,2022-06-01,2022-12-31,확정완료,금융사 라2 차세대 데이터 플랫폼 구축,금융사 라2,금융,"금융사 라2 차세대 데이터 플랫폼 구축에서 데이터 이관 담당(Scala, Airflow, Kafka 활용)"
DP0003,W000058,X-0227,2023-02-01,2024-01-31,확정완료,계열사 W 데이터 레이크 고도화,계열사 W,그룹사(대내),"계열사 W 데이터 레이크 고도화에서 데이터 표준화 담당(Airflow, AWS, Python 활용)"
DP0003,W000059,X-0225,2024-02-01,2024-08-31,확정완료,금융사 카 차세대 데이터 플랫폼 구축,금융사 카,금융,"금융사 카 차세대 데이터 플랫폼 구축에서 적재 파이프라인 담당(ETL, Hadoop, SQL 활용)"
DP0003,W000060,X-0235,2024-09-01,2024-12-31,확정완료,금융사 파 차세대 데이터 플랫폼 구축,금융사 파,금융,"금융사 파 차세대 데이터 플랫폼 구축에서 데이터 이관 담당(ETL, Hadoop, Kafka 활용)"
DP0003,W000061,X-0157,2025-01-01,2025-05-31,확정완료,계열사 L 데이터 레이크 고도화,계열사 L,그룹사(대내),"계열사 L 데이터 레이크 고도화에서 데이터 표준화 담당(Python, Spark, Airflow 활용)"
DP0003,W000062,X-0008,2025-06-01,2025-10-31,확정완료,금융사 자 비정형 문서 메타데이터 전환,금융사 자,금융,"금융사 자 비정형 문서 메타데이터 전환에서 메타데이터 설계 담당(Scala, SQL, Hadoop 활용)"
DP0003,W000063,X-0138,2026-01-01,2026-04-30,확정완료,계열사 H 데이터 레이크 고도화,계열사 H,그룹사(대내),"계열사 H 데이터 레이크 고도화에서 배치 운영 담당(AWS, ETL, Spark 활용)"
DP0003,W000064,X-0089,2026-05-01,2026-05-31,확정완료,공공기관 병 공공데이터 개방 플랫폼 구축,공공기관 병,공공,"공공기관 병 공공데이터 개방 플랫폼 구축에서 개방 API 담당(Scala, Python, Airflow 활용)"
DP0003,W000065,X-0065,2026-06-01,2026-09-30,진행중,금융사 카 차세대 데이터 플랫폼 구축,금융사 카,금융,"금융사 카 차세대 데이터 플랫폼 구축에서 적재 파이프라인 담당(AWS, Scala, Python 활용)"
DP0004,W000066,X-0001,2019-08-01,2019-12-31,확정완료,금융사 카 차세대 데이터 플랫폼 구축,금융사 카,금융,"금융사 카 차세대 데이터 플랫폼 구축에서 메타데이터 설계 담당(BI Reporting, SQL, 데이터 모델링 활용)"
DP0004,W000067,X-0098,2020-01-01,2020-08-31,확정완료,금융사 파2 비정형 문서 메타데이터 전환,금융사 파2,금융,"금융사 파2 비정형 문서 메타데이터 전환에서 데이터 이관 담당(메타데이터 관리, SQL, 데이터 모델링 활용)"
DP0004,W000068,X-0180,2020-11-01,2021-05-31,확정완료,금융사 아 데이터 마트 구축,금융사 아,금융,"금융사 아 데이터 마트 구축에서 데이터 이관 담당(SQL, BI Reporting, 데이터 모델링 활용)"
DP0004,W000069,X-0111,2021-06-01,2021-12-31,확정완료,금융사 타2 차세대 데이터 플랫폼 구축,금융사 타2,금융,"금융사 타2 차세대 데이터 플랫폼 구축에서 적재 파이프라인 담당(SQL, Data Lake & Data Catalog, 데이터 모델링 활용)"
DP0004,W000070,X-0050,2022-01-01,2022-08-31,확정완료,금융사 라2 차세대 데이터 플랫폼 구축,금융사 라2,금융,"금융사 라2 차세대 데이터 플랫폼 구축에서 데이터 이관 담당(BI Reporting, Data Lake & Data Catalog, SQL 활용)"
DP0004,W000071,X-0128,2022-09-01,2022-12-31,확정완료,공공기관 갑 공공데이터 개방 플랫폼 구축,공공기관 갑,공공,"공공기관 갑 공공데이터 개방 플랫폼 구축에서 데이터 정제 담당(SQL, 데이터 모델링, Data Lake & Data Catalog 활용)"
DP0004,W000072,X-0227,2023-03-01,2023-12-31,확정완료,계열사 W 데이터 레이크 고도화,계열사 W,그룹사(대내),"계열사 W 데이터 레이크 고도화에서 데이터 표준화 담당(Data Lake & Data Catalog, 메타데이터 관리, 데이터 모델링 활용)"
DP0004,W000073,X-0122,2024-01-01,2024-04-30,확정완료,공공기관 을 공공데이터 개방 플랫폼 구축,공공기관 을,공공,"공공기관 을 공공데이터 개방 플랫폼 구축에서 개방 API 담당(메타데이터 관리, 데이터 모델링, SQL 활용)"
DP0004,W000074,X-0038,2024-05-01,2024-12-31,미등록,계열사 F 데이터 거버넌스 구축,계열사 F,그룹사(대내),"계열사 F 데이터 거버넌스 구축에서 데이터 표준화 담당(BI Reporting, SQL, 메타데이터 관리 활용)"
DP0004,W000075,X-0100,2025-02-01,2025-03-31,확정완료,금융사 하 데이터 마트 구축,금융사 하,금융,"금융사 하 데이터 마트 구축에서 메타데이터 설계 담당(BI Reporting, Data Lake & Data Catalog, 데이터 모델링 활용)"
DP0004,W000076,X-0063,2025-06-01,2025-08-31,확정완료,금융사 타 차세대 데이터 플랫폼 구축,금융사 타,금융,"금융사 타 차세대 데이터 플랫폼 구축에서 메타데이터 설계 담당(데이터 모델링, Data Lake & Data Catalog, BI Reporting 활용)"
DP0004,W000077,X-0239,2025-10-01,2026-01-31,미등록,계열사 Y 데이터 레이크 고도화,계열사 Y,그룹사(대내),"계열사 Y 데이터 레이크 고도화에서 카탈로그 구축 담당(BI Reporting, 데이터 모델링, Data Lake & Data Catalog 활용)"
DP0004,W000078,X-0108,2026-02-01,2026-03-31,확정완료,계열사 V 데이터 거버넌스 구축,계열사 V,그룹사(대내),"계열사 V 데이터 거버넌스 구축에서 카탈로그 구축 담당(메타데이터 관리, BI Reporting, 데이터 모델링 활용)"
DP0004,W000079,X-0007,2026-06-01,2026-08-31,확정완료,금융사 차 차세대 데이터 플랫폼 구축,금융사 차,금융,"금융사 차 차세대 데이터 플랫폼 구축에서 메타데이터 설계 담당(Data Lake & Data Catalog, 메타데이터 관리, 데이터 모델링 활용)"
DP0004,W000080,X-0065,2026-09-01,2026-09-30,진행중,금융사 카 차세대 데이터 플랫폼 구축,금융사 카,금융,"금융사 카 차세대 데이터 플랫폼 구축에서 적재 파이프라인 담당(SQL, 데이터 모델링, BI Reporting 활용)"
DP0005,W000081,X-0165,2017-07-01,2018-05-31,확정완료,공공기관 정 공공데이터 개방 플랫폼 구축,공공기관 정,공공,"공공기관 정 공공데이터 개방 플랫폼 구축에서 데이터 정제 담당(Hadoop, Kubernetes, Private Cloud 활용)"
DP0005,W000082,X-0017,2018-08-01,2018-11-30,확정완료,공공기관 기 공공데이터 개방 플랫폼 구축,공공기관 기,공공,"공공기관 기 공공데이터 개방 플랫폼 구축에서 데이터 정제 담당(Private Cloud, Docker, Kubernetes 활용)"
DP0005,W000083,X-0088,2018-12-01,2019-04-30,확정완료,계열사 R 데이터 거버넌스 구축,계열사 R,그룹사(대내),"계열사 R 데이터 거버넌스 구축에서 데이터 표준화 담당(Kubernetes, Kafka, Data Lake & Data Catalog 활용)"
DP0005,W000084,X-0124,2019-05-01,2020-02-29,미등록,공공기관 정 공공데이터 개방 플랫폼 구축,공공기관 정,공공,"공공기관 정 공공데이터 개방 플랫폼 구축에서 개방 API 담당(Docker, AWS, Private Cloud 활용)"
DP0005,W000085,X-0189,2020-03-01,2020-06-30,확정완료,금융사 파 차세대 데이터 플랫폼 구축,금융사 파,금융,"금융사 파 차세대 데이터 플랫폼 구축에서 데이터 이관 담당(Docker, Kubernetes, Private Cloud 활용)"
DP0005,W000086,X-0180,2020-10-01,2020-12-31,확정완료,금융사 아 데이터 마트 구축,금융사 아,금융,"금융사 아 데이터 마트 구축에서 데이터 이관 담당(Kafka, Data Lake & Data Catalog, Hadoop 활용)"
DP0005,W000087,X-0112,2021-02-01,2021-09-30,확정완료,금융사 가 비정형 문서 메타데이터 전환,금융사 가,금융,"금융사 가 비정형 문서 메타데이터 전환에서 메타데이터 설계 담당(Data Lake & Data Catalog, Kubernetes, Docker 활용)"
DP0005,W000088,X-0137,2021-10-01,2021-12-31,확정완료,금융사 다 차세대 데이터 플랫폼 구축,금융사 다,금융,"금융사 다 차세대 데이터 플랫폼 구축에서 데이터 이관 담당(Hadoop, AWS, Data Lake & Data Catalog 활용)"
DP0005,W000089,X-0061,2022-02-01,2022-04-30,확정완료,금융사 가 차세대 데이터 플랫폼 구축,금융사 가,금융,"금융사 가 차세대 데이터 플랫폼 구축에서 적재 파이프라인 담당(Kubernetes, Private Cloud, Docker 활용)"
DP0005,W000090,X-0128,2022-07-01,2022-12-31,확정완료,공공기관 갑 공공데이터 개방 플랫폼 구축,공공기관 갑,공공,"공공기관 갑 공공데이터 개방 플랫폼 구축에서 데이터 정제 담당(Kafka, Data Lake & Data Catalog, AWS 활용)"
DP0005,W000091,X-0093,2023-01-01,2023-05-31,확정완료,계열사 A 데이터 레이크 고도화,계열사 A,그룹사(대내),"계열사 A 데이터 레이크 고도화에서 데이터 표준화 담당(Kubernetes, Private Cloud, AWS 활용)"
DP0005,W000092,X-0163,2023-06-01,2023-12-31,확정완료,계열사 L 데이터 레이크 고도화,계열사 L,그룹사(대내),"계열사 L 데이터 레이크 고도화에서 배치 운영 담당(Docker, AWS, Kubernetes 활용)"
DP0005,W000093,X-0186,2024-01-01,2024-04-30,확정완료,공공기관 무 공공데이터 개방 플랫폼 구축,공공기관 무,공공,"공공기관 무 공공데이터 개방 플랫폼 구축에서 개방 API 담당(Hadoop, Data Lake & Data Catalog, AWS 활용)"
DP0005,W000094,X-0038,2024-07-01,2024-12-31,확정완료,계열사 F 데이터 거버넌스 구축,계열사 F,그룹사(대내),"계열사 F 데이터 거버넌스 구축에서 데이터 표준화 담당(Docker, AWS, Kafka 활용)"
DP0005,W000095,X-0178,2025-02-01,2025-08-31,미등록,금융사 라 데이터 마트 구축,금융사 라,금융,"금융사 라 데이터 마트 구축에서 데이터 이관 담당(Hadoop, Docker, Data Lake & Data Catalog 활용)"
DP0005,W000096,X-0091,2025-09-01,2025-11-30,확정완료,금융사 가2 비정형 문서 메타데이터 전환,금융사 가2,금융,"금융사 가2 비정형 문서 메타데이터 전환에서 데이터 이관 담당(Kubernetes, Private Cloud, Kafka 활용)"
DP0005,W000097,X-0138,2026-02-01,2026-04-30,확정완료,계열사 H 데이터 레이크 고도화,계열사 H,그룹사(대내),"계열사 H 데이터 레이크 고도화에서 배치 운영 담당(Docker, Kubernetes, Kafka 활용)"
DP0005,W000098,X-0203,2026-05-01,2026-07-31,확정완료,계열사 O 데이터 거버넌스 구축,계열사 O,그룹사(대내),"계열사 O 데이터 거버넌스 구축에서 데이터 표준화 담당(Kafka, Private Cloud, Docker 활용)"
DP0005,W000099,X-0138,2026-09-01,2026-09-30,진행중,계열사 H 데이터 레이크 고도화,계열사 H,그룹사(대내),"계열사 H 데이터 레이크 고도화에서 배치 운영 담당(Data Lake & Data Catalog, Kubernetes, Kafka 활용)"
DP0006,W000100,X-0156,2016-11-01,2017-01-31,확정완료,계열사 G 데이터 레이크 고도화,계열사 G,그룹사(대내),"계열사 G 데이터 레이크 고도화에서 배치 운영 담당(BI Reporting, 데이터 모델링, SQL 활용)"
DP0006,W000101,X-0075,2017-02-01,2017-02-28,확정완료,계열사 I 데이터 레이크 고도화,계열사 I,그룹사(대내),"계열사 I 데이터 레이크 고도화에서 카탈로그 구축 담당(BI Reporting, Data Lake & Data Catalog, SQL 활용)"
DP0006,W000102,X-0165,2017-03-01,2017-06-30,확정완료,공공기관 정 공공데이터 개방 플랫폼 구축,공공기관 정,공공,"공공기관 정 공공데이터 개방 플랫폼 구축에서 데이터 정제 담당(Data Lake & Data Catalog, 메타데이터 관리, SQL 활용)"
DP0006,W000103,X-0192,2017-07-01,2017-11-30,확정완료,금융사 나2 비정형 문서 메타데이터 전환,금융사 나2,금융,"금융사 나2 비정형 문서 메타데이터 전환에서 메타데이터 설계 담당(메타데이터 관리, Data Lake & Data Catalog, SQL 활용)"
DP0006,W000104,X-0049,2017-12-01,2018-07-31,확정완료,계열사 U 데이터 거버넌스 구축,계열사 U,그룹사(대내),"계열사 U 데이터 거버넌스 구축에서 카탈로그 구축 담당(Data Lake & Data Catalog, BI Reporting, SQL 활용)"
DP0006,W000105,X-0167,2018-09-01,2019-04-30,확정완료,공공기관 병 공공데이터 개방 플랫폼 구축,공공기관 병,공공,"공공기관 병 공공데이터 개방 플랫폼 구축에서 개방 API 담당(BI Reporting, Data Lake & Data Catalog, SQL 활용)"
DP0006,W000106,X-0205,2019-07-01,2019-10-31,확정완료,금융사 가2 차세대 데이터 플랫폼 구축,금융사 가2,금융,"금융사 가2 차세대 데이터 플랫폼 구축에서 메타데이터 설계 담당(BI Reporting, 데이터 모델링, 메타데이터 관리 활용)"
DP0006,W000107,X-0124,2019-12-01,2020-02-29,확정완료,공공기관 정 공공데이터 개방 플랫폼 구축,공공기관 정,공공,"공공기관 정 공공데이터 개방 플랫폼 구축에서 개방 API 담당(BI Reporting, SQL, Data Lake & Data Catalog 활용)"
DP0006,W000108,X-0189,2020-05-01,2020-10-31,확정완료,금융사 파 차세대 데이터 플랫폼 구축,금융사 파,금융,"금융사 파 차세대 데이터 플랫폼 구축에서 데이터 이관 담당(Data Lake & Data Catalog, 메타데이터 관리, 데이터 모델링 활용)"
DP0006,W000109,X-0182,2021-01-01,2021-03-31,확정완료,계열사 S 데이터 레이크 고도화,계열사 S,그룹사(대내),"계열사 S 데이터 레이크 고도화에서 데이터 표준화 담당(메타데이터 관리, 데이터 모델링, SQL 활용)"
DP0006,W000110,X-0112,2021-05-01,2022-02-28,미등록,금융사 가 비정형 문서 메타데이터 전환,금융사 가,금융,"금융사 가 비정형 문서 메타데이터 전환에서 메타데이터 설계 담당(데이터 모델링, 메타데이터 관리, SQL 활용)"
DP0006,W000111,X-0174,2022-05-01,2022-11-30,확정완료,공공기관 경 공공데이터 개방 플랫폼 구축,공공기관 경,공공,"공공기관 경 공공데이터 개방 플랫폼 구축에서 개방 API 담당(Data Lake & Data Catalog, 메타데이터 관리, SQL 활용)"
DP0006,W000112,X-0050,2023-01-01,2023-04-30,확정완료,금융사 라2 차세대 데이터 플랫폼 구축,금융사 라2,금융,"금융사 라2 차세대 데이터 플랫폼 구축에서 데이터 이관 담당(Data Lake & Data Catalog, 데이터 모델링, BI Reporting 활용)"
DP0006,W000113,X-0080,2023-06-01,2023-10-31,확정완료,계열사 J 데이터 레이크 고도화,계열사 J,그룹사(대내),"계열사 J 데이터 레이크 고도화에서 배치 운영 담당(메타데이터 관리, BI Reporting, Data Lake & Data Catalog 활용)"
DP0006,W000114,X-0072,2024-04-01,2024-08-31,확정완료,계열사 E 데이터 거버넌스 구축,계열사 E,그룹사(대내),"계열사 E 데이터 거버넌스 구축에서 데이터 표준화 담당(SQL, 메타데이터 관리, BI Reporting 활용)"
DP0006,W000115,X-0072,2024-09-01,2025-01-31,확정완료,계열사 E 데이터 거버넌스 구축,계열사 E,그룹사(대내),"계열사 E 데이터 거버넌스 구축에서 데이터 표준화 담당(데이터 모델링, SQL, BI Reporting 활용)"
DP0006,W000116,X-0178,2025-02-01,2025-06-30,확정완료,금융사 라 데이터 마트 구축,금융사 라,금융,"금융사 라 데이터 마트 구축에서 데이터 이관 담당(메타데이터 관리, SQL, Data Lake & Data Catalog 활용)"
DP0006,W000117,X-0087,2025-07-01,2026-04-30,확정완료,계열사 K 데이터 레이크 고도화,계열사 K,그룹사(대내),"계열사 K 데이터 레이크 고도화에서 배치 운영 담당(데이터 모델링, SQL, Data Lake & Data Catalog 활용)"
DP0006,W000118,X-0211,2026-07-01,2026-09-30,진행중,금융사 라2 비정형 문서 메타데이터 전환,금융사 라2,금융,"금융사 라2 비정형 문서 메타데이터 전환에서 데이터 이관 담당(메타데이터 관리, Data Lake & Data Catalog, BI Reporting 활용)"
DP0007,W000119,X-0111,2021-04-01,2021-08-31,확정완료,금융사 타2 차세대 데이터 플랫폼 구축,금융사 타2,금융,"금융사 타2 차세대 데이터 플랫폼 구축에서 적재 파이프라인 담당(AWS, Docker, Kubernetes 활용)"
DP0007,W000120,X-0109,2021-09-01,2022-04-30,확정완료,계열사 Z 데이터 거버넌스 구축,계열사 Z,그룹사(대내),"계열사 Z 데이터 거버넌스 구축에서 카탈로그 구축 담당(Data Lake & Data Catalog, Hadoop, Docker 활용)"
DP0007,W000121,X-0128,2022-05-01,2022-05-31,미등록,공공기관 갑 공공데이터 개방 플랫폼 구축,공공기관 갑,공공,"공공기관 갑 공공데이터 개방 플랫폼 구축에서 데이터 정제 담당(Docker, AWS, Hadoop 활용)"
DP0007,W000122,X-0093,2022-11-01,2023-08-31,확정완료,계열사 A 데이터 레이크 고도화,계열사 A,그룹사(대내),"계열사 A 데이터 레이크 고도화에서 데이터 표준화 담당(AWS, Data Lake & Data Catalog, Private Cloud 활용)"
DP0007,W000123,X-0038,2023-09-01,2024-05-31,확정완료,계열사 F 데이터 거버넌스 구축,계열사 F,그룹사(대내),"계열사 F 데이터 거버넌스 구축에서 데이터 표준화 담당(AWS, Private Cloud, Data Lake & Data Catalog 활용)"
DP0007,W000124,X-0028,2024-06-01,2025-02-28,확정완료,계열사 B 데이터 거버넌스 구축,계열사 B,그룹사(대내),"계열사 B 데이터 거버넌스 구축에서 배치 운영 담당(AWS, Kubernetes, Docker 활용)"
DP0007,W000125,X-0178,2025-04-01,2025-11-30,확정완료,금융사 라 데이터 마트 구축,금융사 라,금융,"금융사 라 데이터 마트 구축에서 데이터 이관 담당(Hadoop, AWS, Private Cloud 활용)"
DP0007,W000126,X-0065,2026-01-01,2026-03-31,확정완료,금융사 카 차세대 데이터 플랫폼 구축,금융사 카,금융,"금융사 카 차세대 데이터 플랫폼 구축에서 적재 파이프라인 담당(Data Lake & Data Catalog, Kafka, Hadoop 활용)"
DP0007,W000127,X-0087,2026-05-01,2026-08-31,미등록,계열사 K 데이터 레이크 고도화,계열사 K,그룹사(대내),"계열사 K 데이터 레이크 고도화에서 배치 운영 담당(Hadoop, Kubernetes, AWS 활용)"
DP0007,W000128,X-0211,2026-09-01,2026-09-30,진행중,금융사 라2 비정형 문서 메타데이터 전환,금융사 라2,금융,"금융사 라2 비정형 문서 메타데이터 전환에서 데이터 이관 담당(Kubernetes, Data Lake & Data Catalog, Private Cloud 활용)"
DP0008,W000129,X-0106,2017-08-01,2017-08-31,확정완료,공공기관 을 공공데이터 개방 플랫폼 구축,공공기관 을,공공,"공공기관 을 공공데이터 개방 플랫폼 구축에서 개방 API 담당(AWS, Kafka, ETL 활용)"
DP0008,W000130,X-0192,2017-11-01,2017-11-30,확정완료,금융사 나2 비정형 문서 메타데이터 전환,금융사 나2,금융,"금융사 나2 비정형 문서 메타데이터 전환에서 메타데이터 설계 담당(Kafka, Python, Airflow 활용)"
DP0008,W000131,X-0043,2017-12-01,2018-02-28,확정완료,계열사 Y 데이터 거버넌스 구축,계열사 Y,그룹사(대내),"계열사 Y 데이터 거버넌스 구축에서 배치 운영 담당(AWS, Scala, ETL 활용)"
DP0008,W000132,X-0190,2018-03-01,2018-11-30,확정완료,계열사 N 데이터 레이크 고도화,계열사 N,그룹사(대내),"계열사 N 데이터 레이크 고도화에서 배치 운영 담당(SQL, AWS, Hadoop 활용)"
DP0008,W000133,X-0167,2018-12-01,2019-04-30,확정완료,공공기관 병 공공데이터 개방 플랫폼 구축,공공기관 병,공공,"공공기관 병 공공데이터 개방 플랫폼 구축에서 개방 API 담당(SQL, ETL, Kafka 활용)"
DP0008,W000134,X-0205,2019-05-01,2019-10-31,확정완료,금융사 가2 차세대 데이터 플랫폼 구축,금융사 가2,금융,"금융사 가2 차세대 데이터 플랫폼 구축에서 메타데이터 설계 담당(Kafka, Airflow, Scala 활용)"
DP0008,W000135,X-0098,2019-11-01,2020-08-31,확정완료,금융사 파2 비정형 문서 메타데이터 전환,금융사 파2,금융,"금융사 파2 비정형 문서 메타데이터 전환에서 데이터 이관 담당(Python, Airflow, Hadoop 활용)"
DP0008,W000136,X-0002,2020-11-01,2020-12-31,확정완료,계열사 Q 데이터 레이크 고도화,계열사 Q,그룹사(대내),"계열사 Q 데이터 레이크 고도화에서 데이터 표준화 담당(ETL, Python, Scala 활용)"
DP0008,W000137,X-0112,2021-03-01,2021-07-31,확정완료,금융사 가 비정형 문서 메타데이터 전환,금융사 가,금융,"금융사 가 비정형 문서 메타데이터 전환에서 메타데이터 설계 담당(Airflow, Hadoop, AWS 활용)"
DP0008,W000138,X-0111,2021-08-01,2021-10-31,확정완료,금융사 타2 차세대 데이터 플랫폼 구축,금융사 타2,금융,"금융사 타2 차세대 데이터 플랫폼 구축에서 적재 파이프라인 담당(Airflow, SQL, Spark 활용)"
DP0008,W000139,X-0112,2021-11-01,2022-02-28,확정완료,금융사 가 비정형 문서 메타데이터 전환,금융사 가,금융,"금융사 가 비정형 문서 메타데이터 전환에서 메타데이터 설계 담당(Python, SQL, AWS 활용)"
DP0008,W000140,X-0147,2022-05-01,2022-05-31,확정완료,금융사 가 차세대 데이터 플랫폼 구축,금융사 가,금융,"금융사 가 차세대 데이터 플랫폼 구축에서 적재 파이프라인 담당(Python, SQL, Spark 활용)"
DP0008,W000141,X-0050,2022-08-01,2022-10-31,확정완료,금융사 라2 차세대 데이터 플랫폼 구축,금융사 라2,금융,"금융사 라2 차세대 데이터 플랫폼 구축에서 데이터 이관 담당(Scala, SQL, Hadoop 활용)"
DP0008,W000142,X-0128,2022-11-01,2022-12-31,확정완료,공공기관 갑 공공데이터 개방 플랫폼 구축,공공기관 갑,공공,"공공기관 갑 공공데이터 개방 플랫폼 구축에서 데이터 정제 담당(Python, Airflow, Spark 활용)"
DP0008,W000143,X-0050,2023-01-01,2023-04-30,확정완료,금융사 라2 차세대 데이터 플랫폼 구축,금융사 라2,금융,"금융사 라2 차세대 데이터 플랫폼 구축에서 데이터 이관 담당(Python, Spark, Kafka 활용)"
DP0008,W000144,X-0227,2023-05-01,2023-08-31,확정완료,계열사 W 데이터 레이크 고도화,계열사 W,그룹사(대내),"계열사 W 데이터 레이크 고도화에서 데이터 표준화 담당(Kafka, Hadoop, Python 활용)"
DP0008,W000145,X-0093,2023-09-01,2023-12-31,확정완료,계열사 A 데이터 레이크 고도화,계열사 A,그룹사(대내),"계열사 A 데이터 레이크 고도화에서 데이터 표준화 담당(ETL, Hadoop, AWS 활용)"
DP0008,W000146,X-0094,2024-03-01,2024-04-30,미등록,계열사 C 데이터 레이크 고도화,계열사 C,그룹사(대내),"계열사 C 데이터 레이크 고도화에서 배치 운영 담당(Python, Scala, Hadoop 활용)"
DP0008,W000147,X-0132,2024-05-01,2024-09-30,미등록,계열사 P 데이터 거버넌스 구축,계열사 P,그룹사(대내),"계열사 P 데이터 거버넌스 구축에서 배치 운영 담당(Python, AWS, Hadoop 활용)"
DP0008,W000148,X-0072,2024-10-01,2025-01-31,확정완료,계열사 E 데이터 거버넌스 구축,계열사 E,그룹사(대내),"계열사 E 데이터 거버넌스 구축에서 데이터 표준화 담당(Scala, ETL, Python 활용)"
DP0008,W000149,X-0100,2025-02-01,2025-08-31,확정완료,금융사 하 데이터 마트 구축,금융사 하,금융,"금융사 하 데이터 마트 구축에서 메타데이터 설계 담당(SQL, Airflow, ETL 활용)"
DP0008,W000150,X-0065,2025-09-01,2025-12-31,확정완료,금융사 카 차세대 데이터 플랫폼 구축,금융사 카,금융,"금융사 카 차세대 데이터 플랫폼 구축에서 적재 파이프라인 담당(Python, Scala, Spark 활용)"
DP0008,W000151,X-0108,2026-03-01,2026-03-31,확정완료,계열사 V 데이터 거버넌스 구축,계열사 V,그룹사(대내),"계열사 V 데이터 거버넌스 구축에서 카탈로그 구축 담당(Kafka, Hadoop, Scala 활용)"
DP0008,W000152,X-0089,2026-04-01,2026-05-31,확정완료,공공기관 병 공공데이터 개방 플랫폼 구축,공공기관 병,공공,"공공기관 병 공공데이터 개방 플랫폼 구축에서 개방 API 담당(AWS, ETL, Scala 활용)"
DP0008,W000153,X-0031,2026-06-01,2026-09-30,진행중,금융사 하2 비정형 문서 메타데이터 전환,금융사 하2,금융,"금융사 하2 비정형 문서 메타데이터 전환에서 메타데이터 설계 담당(Hadoop, Scala, Kafka 활용)"
DP0009,W000154,X-0128,2022-01-01,2022-04-30,확정완료,공공기관 갑 공공데이터 개방 플랫폼 구축,공공기관 갑,공공,"공공기관 갑 공공데이터 개방 플랫폼 구축에서 데이터 정제 담당(Kafka, AWS, ETL 활용)"
DP0009,W000155,X-0128,2022-07-01,2022-12-31,확정완료,공공기관 갑 공공데이터 개방 플랫폼 구축,공공기관 갑,공공,"공공기관 갑 공공데이터 개방 플랫폼 구축에서 데이터 정제 담당(AWS, Spark, SQL 활용)"
DP0009,W000156,X-0093,2023-01-01,2023-10-31,확정완료,계열사 A 데이터 레이크 고도화,계열사 A,그룹사(대내),"계열사 A 데이터 레이크 고도화에서 데이터 표준화 담당(Hadoop, Python, AWS 활용)"
DP0009,W000157,X-0038,2023-12-01,2024-04-30,확정완료,계열사 F 데이터 거버넌스 구축,계열사 F,그룹사(대내),"계열사 F 데이터 거버넌스 구축에서 데이터 표준화 담당(Hadoop, SQL, Scala 활용)"
DP0009,W000158,X-0038,2024-05-01,2024-07-31,미등록,계열사 F 데이터 거버넌스 구축,계열사 F,그룹사(대내),"계열사 F 데이터 거버넌스 구축에서 데이터 표준화 담당(Airflow, SQL, AWS 활용)"
DP0009,W000159,X-0235,2024-10-01,2025-01-31,확정완료,금융사 파 차세대 데이터 플랫폼 구축,금융사 파,금융,"금융사 파 차세대 데이터 플랫폼 구축에서 데이터 이관 담당(AWS, ETL, SQL 활용)"
DP0009,W000160,X-0091,2025-04-01,2025-04-30,확정완료,금융사 가2 비정형 문서 메타데이터 전환,금융사 가2,금융,"금융사 가2 비정형 문서 메타데이터 전환에서 데이터 이관 담당(Kafka, SQL, Python 활용)"
DP0009,W000161,X-0007,2025-11-01,2026-03-31,확정완료,금융사 차 차세대 데이터 플랫폼 구축,금융사 차,금융,"금융사 차 차세대 데이터 플랫폼 구축에서 메타데이터 설계 담당(Spark, SQL, Kafka 활용)"
DP0009,W000162,X-0089,2026-05-01,2026-05-31,확정완료,공공기관 병 공공데이터 개방 플랫폼 구축,공공기관 병,공공,"공공기관 병 공공데이터 개방 플랫폼 구축에서 개방 API 담당(Hadoop, ETL, Spark 활용)"
DP0009,W000163,X-0138,2026-06-01,2026-09-30,진행중,계열사 H 데이터 레이크 고도화,계열사 H,그룹사(대내),"계열사 H 데이터 레이크 고도화에서 배치 운영 담당(AWS, Hadoop, Spark 활용)"
DP0010,W000164,X-0206,2022-06-01,2022-09-30,확정완료,계열사 E 데이터 거버넌스 구축,계열사 E,그룹사(대내),"계열사 E 데이터 거버넌스 구축에서 카탈로그 구축 담당(Text Analysis, 메타데이터 관리, 검색엔진 활용)"
DP0010,W000165,X-0050,2022-12-01,2023-04-30,미등록,금융사 라2 차세대 데이터 플랫폼 구축,금융사 라2,금융,"금융사 라2 차세대 데이터 플랫폼 구축에서 데이터 이관 담당(비정형 문서 처리(OCR), Text Analysis, ETL 활용)"
DP0010,W000166,X-0227,2023-05-01,2024-01-31,확정완료,계열사 W 데이터 레이크 고도화,계열사 W,그룹사(대내),"계열사 W 데이터 레이크 고도화에서 데이터 표준화 담당(ETL, 메타데이터 관리, Python 활용)"
DP0010,W000167,X-0122,2024-03-01,2024-04-30,확정완료,공공기관 을 공공데이터 개방 플랫폼 구축,공공기관 을,공공,"공공기관 을 공공데이터 개방 플랫폼 구축에서 개방 API 담당(비정형 문서 처리(OCR), 검색엔진, Python 활용)"
DP0010,W000168,X-0080,2024-05-01,2024-06-30,확정완료,계열사 J 데이터 레이크 고도화,계열사 J,그룹사(대내),"계열사 J 데이터 레이크 고도화에서 배치 운영 담당(Python, ETL, 메타데이터 관리 활용)"
DP0010,W000169,X-0100,2024-07-01,2025-03-31,확정완료,금융사 하 데이터 마트 구축,금융사 하,금융,"금융사 하 데이터 마트 구축에서 메타데이터 설계 담당(Text Analysis, Python, ETL 활용)"
DP0010,W000170,X-0065,2025-09-01,2025-12-31,확정완료,금융사 카 차세대 데이터 플랫폼 구축,금융사 카,금융,"금융사 카 차세대 데이터 플랫폼 구축에서 적재 파이프라인 담당(Text Analysis, Python, ETL 활용)"
DP0010,W000171,X-0239,2026-01-01,2026-01-31,확정완료,계열사 Y 데이터 레이크 고도화,계열사 Y,그룹사(대내),"계열사 Y 데이터 레이크 고도화에서 카탈로그 구축 담당(메타데이터 관리, 검색엔진, Text Analysis 활용)"
DP0010,W000172,X-0031,2026-04-01,2026-09-30,진행중,금융사 하2 비정형 문서 메타데이터 전환,금융사 하2,금융,"금융사 하2 비정형 문서 메타데이터 전환에서 메타데이터 설계 담당(Text Analysis, 비정형 문서 처리(OCR), Python 활용)"
DP0011,W000173,X-0180,2021-01-01,2021-04-30,확정완료,금융사 아 데이터 마트 구축,금융사 아,금융,"금융사 아 데이터 마트 구축에서 데이터 이관 담당(SQL, Data Lake & Data Catalog, 메타데이터 관리 활용)"
DP0011,W000174,X-0180,2021-05-01,2021-06-30,확정완료,금융사 아 데이터 마트 구축,금융사 아,금융,"금융사 아 데이터 마트 구축에서 데이터 이관 담당(메타데이터 관리, 데이터 모델링, BI Reporting 활용)"
DP0011,W000175,X-0111,2021-07-01,2021-12-31,확정완료,금융사 타2 차세대 데이터 플랫폼 구축,금융사 타2,금융,"금융사 타2 차세대 데이터 플랫폼 구축에서 적재 파이프라인 담당(SQL, 데이터 모델링, Data Lake & Data Catalog 활용)"
DP0011,W000176,X-0206,2022-01-01,2022-11-30,확정완료,계열사 E 데이터 거버넌스 구축,계열사 E,그룹사(대내),"계열사 E 데이터 거버넌스 구축에서 카탈로그 구축 담당(BI Reporting, Data Lake & Data Catalog, 데이터 모델링 활용)"
DP0011,W000177,X-0141,2022-12-01,2023-10-31,확정완료,금융사 마2 데이터 마트 구축,금융사 마2,금융,"금융사 마2 데이터 마트 구축에서 적재 파이프라인 담당(Data Lake & Data Catalog, 메타데이터 관리, BI Reporting 활용)"
DP0011,W000178,X-0122,2023-11-01,2024-04-30,확정완료,공공기관 을 공공데이터 개방 플랫폼 구축,공공기관 을,공공,"공공기관 을 공공데이터 개방 플랫폼 구축에서 개방 API 담당(BI Reporting, Data Lake & Data Catalog, 메타데이터 관리 활용)"
DP0011,W000179,X-0132,2024-05-01,2024-09-30,확정완료,계열사 P 데이터 거버넌스 구축,계열사 P,그룹사(대내),"계열사 P 데이터 거버넌스 구축에서 배치 운영 담당(메타데이터 관리, BI Reporting, Data Lake & Data Catalog 활용)"
DP0011,W000180,X-0194,2024-10-01,2025-01-31,확정완료,계열사 D 데이터 레이크 고도화,계열사 D,그룹사(대내),"계열사 D 데이터 레이크 고도화에서 카탈로그 구축 담당(BI Reporting, 메타데이터 관리, SQL 활용)"
DP0011,W000181,X-0178,2025-02-01,2025-11-30,확정완료,금융사 라 데이터 마트 구축,금융사 라,금융,"금융사 라 데이터 마트 구축에서 데이터 이관 담당(메타데이터 관리, SQL, BI Reporting 활용)"
DP0011,W000182,X-0203,2025-12-01,2026-07-31,확정완료,계열사 O 데이터 거버넌스 구축,계열사 O,그룹사(대내),"계열사 O 데이터 거버넌스 구축에서 데이터 표준화 담당(메타데이터 관리, SQL, 데이터 모델링 활용)"
DP0012,W000193,X-0136,2016-10-01,2016-10-31,확정완료,금융사 사2 차세대 데이터 플랫폼 구축,금융사 사2,금융,"금융사 사2 차세대 데이터 플랫폼 구축에서 데이터 이관 담당(Scala, Kafka, Hadoop 활용)"
DP0012,W000194,X-0043,2016-11-01,2017-06-30,확정완료,계열사 Y 데이터 거버넌스 구축,계열사 Y,그룹사(대내),"계열사 Y 데이터 거버넌스 구축에서 배치 운영 담당(Airflow, Hadoop, Python 활용)"
DP0012,W000195,X-0228,2017-07-01,2017-08-31,확정완료,금융사 라2 데이터 마트 구축,금융사 라2,금융,"금융사 라2 데이터 마트 구축에서 적재 파이프라인 담당(ETL, Hadoop, Spark 활용)"
DP0012,W000196,X-0077,2017-09-01,2017-11-30,확정완료,계열사 O 데이터 거버넌스 구축,계열사 O,그룹사(대내),"계열사 O 데이터 거버넌스 구축에서 카탈로그 구축 담당(Python, SQL, ETL 활용)"
DP0012,W000197,X-0049,2018-02-01,2018-05-31,확정완료,계열사 U 데이터 거버넌스 구축,계열사 U,그룹사(대내),"계열사 U 데이터 거버넌스 구축에서 카탈로그 구축 담당(ETL, Hadoop, Spark 활용)"
DP0012,W000198,X-0215,2018-06-01,2018-10-31,확정완료,계열사 P 데이터 레이크 고도화,계열사 P,그룹사(대내),"계열사 P 데이터 레이크 고도화에서 데이터 표준화 담당(Scala, AWS, Spark 활용)"
DP0012,W000199,X-0088,2018-11-01,2019-03-31,확정완료,계열사 R 데이터 거버넌스 구축,계열사 R,그룹사(대내),"계열사 R 데이터 거버넌스 구축에서 데이터 표준화 담당(AWS, Python, Kafka 활용)"
DP0012,W000200,X-0181,2019-04-01,2019-08-31,확정완료,계열사 S 데이터 레이크 고도화,계열사 S,그룹사(대내),"계열사 S 데이터 레이크 고도화에서 카탈로그 구축 담당(Kafka, ETL, Airflow 활용)"
DP0012,W000201,X-0204,2019-11-01,2019-12-31,확정완료,금융사 사2 차세대 데이터 플랫폼 구축,금융사 사2,금융,"금융사 사2 차세대 데이터 플랫폼 구축에서 데이터 이관 담당(AWS, Airflow, Spark 활용)"
DP0012,W000202,X-0098,2020-01-01,2020-10-31,확정완료,금융사 파2 비정형 문서 메타데이터 전환,금융사 파2,금융,"금융사 파2 비정형 문서 메타데이터 전환에서 데이터 이관 담당(AWS, Airflow, Python 활용)"
DP0012,W000203,X-0121,2020-11-01,2021-03-31,확정완료,계열사 A 데이터 레이크 고도화,계열사 A,그룹사(대내),"계열사 A 데이터 레이크 고도화에서 배치 운영 담당(ETL, Kafka, Scala 활용)"
DP0012,W000204,X-0180,2021-06-01,2021-06-30,확정완료,금융사 아 데이터 마트 구축,금융사 아,금융,"금융사 아 데이터 마트 구축에서 데이터 이관 담당(Python, Airflow, AWS 활용)"
DP0012,W000205,X-0085,2021-08-01,2021-12-31,확정완료,금융사 다2 차세대 데이터 플랫폼 구축,금융사 다2,금융,"금융사 다2 차세대 데이터 플랫폼 구축에서 데이터 이관 담당(Kafka, ETL, SQL 활용)"
DP0012,W000206,X-0174,2022-03-01,2022-05-31,확정완료,공공기관 경 공공데이터 개방 플랫폼 구축,공공기관 경,공공,"공공기관 경 공공데이터 개방 플랫폼 구축에서 개방 API 담당(Python, Spark, AWS 활용)"
DP0012,W000207,X-0174,2022-06-01,2022-11-30,확정완료,공공기관 경 공공데이터 개방 플랫폼 구축,공공기관 경,공공,"공공기관 경 공공데이터 개방 플랫폼 구축에서 개방 API 담당(ETL, Scala, Python 활용)"
DP0012,W000208,X-0093,2023-01-01,2023-03-31,확정완료,계열사 A 데이터 레이크 고도화,계열사 A,그룹사(대내),"계열사 A 데이터 레이크 고도화에서 데이터 표준화 담당(Airflow, Kafka, SQL 활용)"
DP0012,W000209,X-0093,2023-05-01,2023-12-31,확정완료,계열사 A 데이터 레이크 고도화,계열사 A,그룹사(대내),"계열사 A 데이터 레이크 고도화에서 데이터 표준화 담당(Python, Hadoop, SQL 활용)"
DP0012,W000210,X-0227,2024-01-01,2024-01-31,확정완료,계열사 W 데이터 레이크 고도화,계열사 W,그룹사(대내),"계열사 W 데이터 레이크 고도화에서 데이터 표준화 담당(Kafka, Spark, ETL 활용)"
DP0012,W000211,X-0183,2024-03-01,2024-06-30,확정완료,계열사 I 데이터 거버넌스 구축,계열사 I,그룹사(대내),"계열사 I 데이터 거버넌스 구축에서 배치 운영 담당(Hadoop, Kafka, SQL 활용)"
DP0012,W000212,X-0132,2024-08-01,2024-09-30,확정완료,계열사 P 데이터 거버넌스 구축,계열사 P,그룹사(대내),"계열사 P 데이터 거버넌스 구축에서 배치 운영 담당(Scala, Hadoop, ETL 활용)"
DP0012,W000213,X-0157,2024-10-01,2025-05-31,미등록,계열사 L 데이터 레이크 고도화,계열사 L,그룹사(대내),"계열사 L 데이터 레이크 고도화에서 데이터 표준화 담당(SQL, Hadoop, Spark 활용)"
DP0012,W000214,X-0065,2025-08-01,2026-05-31,확정완료,금융사 카 차세대 데이터 플랫폼 구축,금융사 카,금융,"금융사 카 차세대 데이터 플랫폼 구축에서 적재 파이프라인 담당(Scala, AWS, Kafka 활용)"
DP0012,W000215,X-0087,2026-06-01,2026-08-31,확정완료,계열사 K 데이터 레이크 고도화,계열사 K,그룹사(대내),"계열사 K 데이터 레이크 고도화에서 배치 운영 담당(SQL, Hadoop, AWS 활용)"
DP0012,W000216,X-0031,2026-09-01,2026-09-30,진행중,금융사 하2 비정형 문서 메타데이터 전환,금융사 하2,금융,"금융사 하2 비정형 문서 메타데이터 전환에서 메타데이터 설계 담당(Airflow, Kafka, ETL 활용)"
DP0013,W000217,X-0080,2024-06-01,2024-06-30,확정완료,계열사 J 데이터 레이크 고도화,계열사 J,그룹사(대내),"계열사 J 데이터 레이크 고도화에서 배치 운영 담당(데이터 모델링, 메타데이터 관리, BI Reporting 활용)"
DP0013,W000218,X-0028,2024-08-01,2025-01-31,확정완료,계열사 B 데이터 거버넌스 구축,계열사 B,그룹사(대내),"계열사 B 데이터 거버넌스 구축에서 배치 운영 담당(메타데이터 관리, SQL, BI Reporting 활용)"
DP0013,W000219,X-0089,2025-03-01,2026-01-31,확정완료,공공기관 병 공공데이터 개방 플랫폼 구축,공공기관 병,공공,"공공기관 병 공공데이터 개방 플랫폼 구축에서 개방 API 담당(SQL, 데이터 모델링, BI Reporting 활용)"
DP0013,W000220,X-0087,2026-03-01,2026-08-31,확정완료,계열사 K 데이터 레이크 고도화,계열사 K,그룹사(대내),"계열사 K 데이터 레이크 고도화에서 배치 운영 담당(메타데이터 관리, 데이터 모델링, SQL 활용)"
DP0013,W000221,X-0065,2026-09-01,2026-09-30,진행중,금융사 카 차세대 데이터 플랫폼 구축,금융사 카,금융,"금융사 카 차세대 데이터 플랫폼 구축에서 적재 파이프라인 담당(메타데이터 관리, BI Reporting, SQL 활용)"
DP0014,W000222,X-0080,2023-09-01,2024-01-31,미등록,계열사 J 데이터 레이크 고도화,계열사 J,그룹사(대내),"계열사 J 데이터 레이크 고도화에서 배치 운영 담당(Private Cloud, Data Lake & Data Catalog, Hadoop 활용)"
DP0014,W000223,X-0186,2024-04-01,2024-04-30,미등록,공공기관 무 공공데이터 개방 플랫폼 구축,공공기관 무,공공,"공공기관 무 공공데이터 개방 플랫폼 구축에서 개방 API 담당(AWS, Hadoop, Kafka 활용)"
DP0014,W000224,X-0132,2024-07-01,2024-09-30,미등록,계열사 P 데이터 거버넌스 구축,계열사 P,그룹사(대내),"계열사 P 데이터 거버넌스 구축에서 배치 운영 담당(Kafka, Kubernetes, Data Lake & Data Catalog 활용)"
DP0014,W000225,X-0194,2024-10-01,2025-03-31,확정완료,계열사 D 데이터 레이크 고도화,계열사 D,그룹사(대내),"계열사 D 데이터 레이크 고도화에서 카탈로그 구축 담당(Data Lake & Data Catalog, Docker, Private Cloud 활용)"
DP0014,W000226,X-0194,2025-04-01,2025-08-31,확정완료,계열사 D 데이터 레이크 고도화,계열사 D,그룹사(대내),"계열사 D 데이터 레이크 고도화에서 카탈로그 구축 담당(Private Cloud, Kubernetes, Hadoop 활용)"
DP0014,W000227,X-0020,2025-09-01,2025-11-30,미등록,계열사 D 데이터 거버넌스 구축,계열사 D,그룹사(대내),"계열사 D 데이터 거버넌스 구축에서 배치 운영 담당(Private Cloud, Kafka, Docker 활용)"
DP0014,W000228,X-0089,2026-02-01,2026-05-31,확정완료,공공기관 병 공공데이터 개방 플랫폼 구축,공공기관 병,공공,"공공기관 병 공공데이터 개방 플랫폼 구축에서 개방 API 담당(Hadoop, Private Cloud, Kafka 활용)"
DP0014,W000229,X-0211,2026-07-01,2026-09-30,진행중,금융사 라2 비정형 문서 메타데이터 전환,금융사 라2,금융,"금융사 라2 비정형 문서 메타데이터 전환에서 데이터 이관 담당(Docker, Kubernetes, Kafka 활용)"
DP0015,W000247,X-0245,2016-10-01,2017-03-31,확정완료,계열사 Y 데이터 레이크 고도화,계열사 Y,그룹사(대내),"계열사 Y 데이터 레이크 고도화에서 배치 운영 담당(Python, 검색엔진, 비정형 문서 처리(OCR) 활용)"
DP0015,W000248,X-0105,2017-06-01,2017-12-31,확정완료,금융사 다2 데이터 마트 구축,금융사 다2,금융,"금융사 다2 데이터 마트 구축에서 메타데이터 설계 담당(메타데이터 관리, Text Analysis, 검색엔진 활용)"
DP0015,W000249,X-0051,2018-01-01,2018-01-31,확정완료,계열사 S 데이터 레이크 고도화,계열사 S,그룹사(대내),"계열사 S 데이터 레이크 고도화에서 데이터 표준화 담당(검색엔진, Text Analysis, 메타데이터 관리 활용)"
DP0015,W000250,X-0160,2018-02-01,2018-09-30,확정완료,금융사 나 차세대 데이터 플랫폼 구축,금융사 나,금융,"금융사 나 차세대 데이터 플랫폼 구축에서 메타데이터 설계 담당(Python, Text Analysis, 검색엔진 활용)"
DP0015,W000251,X-0023,2018-10-01,2018-10-31,확정완료,금융사 하 차세대 데이터 플랫폼 구축,금융사 하,금융,"금융사 하 차세대 데이터 플랫폼 구축에서 데이터 이관 담당(ETL, Text Analysis, 검색엔진 활용)"
DP0015,W000252,X-0088,2019-01-01,2019-04-30,확정완료,계열사 R 데이터 거버넌스 구축,계열사 R,그룹사(대내),"계열사 R 데이터 거버넌스 구축에서 데이터 표준화 담당(메타데이터 관리, Text Analysis, Python 활용)"
DP0015,W000253,X-0026,2019-07-01,2019-11-30,확정완료,공공기관 병 공공데이터 개방 플랫폼 구축,공공기관 병,공공,"공공기관 병 공공데이터 개방 플랫폼 구축에서 개방 API 담당(ETL, 비정형 문서 처리(OCR), Text Analysis 활용)"
DP0015,W000254,X-0066,2020-01-01,2020-08-31,확정완료,계열사 P 데이터 레이크 고도화,계열사 P,그룹사(대내),"계열사 P 데이터 레이크 고도화에서 카탈로그 구축 담당(비정형 문서 처리(OCR), ETL, 메타데이터 관리 활용)"
DP0015,W000255,X-0180,2020-10-01,2021-05-31,확정완료,금융사 아 데이터 마트 구축,금융사 아,금융,"금융사 아 데이터 마트 구축에서 데이터 이관 담당(ETL, Text Analysis, 메타데이터 관리 활용)"
DP0015,W000256,X-0198,2021-06-01,2021-06-30,확정완료,계열사 R 데이터 거버넌스 구축,계열사 R,그룹사(대내),"계열사 R 데이터 거버넌스 구축에서 카탈로그 구축 담당(메타데이터 관리, 검색엔진, Python 활용)"
DP0015,W000257,X-0112,2021-07-01,2021-12-31,확정완료,금융사 가 비정형 문서 메타데이터 전환,금융사 가,금융,"금융사 가 비정형 문서 메타데이터 전환에서 메타데이터 설계 담당(Text Analysis, Python, 검색엔진 활용)"
DP0015,W000258,X-0147,2022-02-01,2022-05-31,확정완료,금융사 가 차세대 데이터 플랫폼 구축,금융사 가,금융,"금융사 가 차세대 데이터 플랫폼 구축에서 적재 파이프라인 담당(Python, ETL, Text Analysis 활용)"
DP0015,W000259,X-0206,2022-08-01,2022-11-30,확정완료,계열사 E 데이터 거버넌스 구축,계열사 E,그룹사(대내),"계열사 E 데이터 거버넌스 구축에서 카탈로그 구축 담당(메타데이터 관리, Python, ETL 활용)"
DP0015,W000260,X-0050,2023-02-01,2023-04-30,확정완료,금융사 라2 차세대 데이터 플랫폼 구축,금융사 라2,금융,"금융사 라2 차세대 데이터 플랫폼 구축에서 데이터 이관 담당(비정형 문서 처리(OCR), Python, Text Analysis 활용)"
DP0015,W000261,X-0141,2023-06-01,2023-12-31,확정완료,금융사 마2 데이터 마트 구축,금융사 마2,금융,"금융사 마2 데이터 마트 구축에서 적재 파이프라인 담당(검색엔진, ETL, 비정형 문서 처리(OCR) 활용)"
DP0015,W000262,X-0038,2024-01-01,2024-05-31,확정완료,계열사 F 데이터 거버넌스 구축,계열사 F,그룹사(대내),"계열사 F 데이터 거버넌스 구축에서 데이터 표준화 담당(Python, 비정형 문서 처리(OCR), ETL 활용)"
DP0015,W000263,X-0225,2024-06-01,2024-08-31,확정완료,금융사 카 차세대 데이터 플랫폼 구축,금융사 카,금융,"금융사 카 차세대 데이터 플랫폼 구축에서 적재 파이프라인 담당(Text Analysis, Python, 검색엔진 활용)"
DP0015,W000264,X-0157,2024-09-01,2025-04-30,확정완료,계열사 L 데이터 레이크 고도화,계열사 L,그룹사(대내),"계열사 L 데이터 레이크 고도화에서 데이터 표준화 담당(비정형 문서 처리(OCR), 메타데이터 관리, 검색엔진 활용)"
DP0015,W000265,X-0239,2025-05-01,2026-01-31,미등록,계열사 Y 데이터 레이크 고도화,계열사 Y,그룹사(대내),"계열사 Y 데이터 레이크 고도화에서 카탈로그 구축 담당(비정형 문서 처리(OCR), Text Analysis, Python 활용)"
DP0015,W000266,X-0138,2026-03-01,2026-09-30,진행중,계열사 H 데이터 레이크 고도화,계열사 H,그룹사(대내),"계열사 H 데이터 레이크 고도화에서 배치 운영 담당(Text Analysis, 검색엔진, Python 활용)"
DP0016,W000267,X-0128,2021-09-01,2022-03-31,확정완료,공공기관 갑 공공데이터 개방 플랫폼 구축,공공기관 갑,공공,"공공기관 갑 공공데이터 개방 플랫폼 구축에서 데이터 정제 담당(Python, 비정형 문서 처리(OCR), Text Analysis 활용)"
DP0016,W000268,X-0221,2022-05-01,2022-09-30,확정완료,금융사 마 차세대 데이터 플랫폼 구축,금융사 마,금융,"금융사 마 차세대 데이터 플랫폼 구축에서 데이터 이관 담당(ETL, 메타데이터 관리, Python 활용)"
DP0016,W000269,X-0141,2022-11-01,2023-03-31,확정완료,금융사 마2 데이터 마트 구축,금융사 마2,금융,"금융사 마2 데이터 마트 구축에서 적재 파이프라인 담당(Text Analysis, 비정형 문서 처리(OCR), 검색엔진 활용)"
DP0016,W000270,X-0163,2023-04-01,2023-06-30,확정완료,계열사 L 데이터 레이크 고도화,계열사 L,그룹사(대내),"계열사 L 데이터 레이크 고도화에서 배치 운영 담당(검색엔진, 비정형 문서 처리(OCR), 메타데이터 관리 활용)"
DP0016,W000271,X-0141,2023-09-01,2023-12-31,확정완료,금융사 마2 데이터 마트 구축,금융사 마2,금융,"금융사 마2 데이터 마트 구축에서 적재 파이프라인 담당(메타데이터 관리, ETL, 검색엔진 활용)"
DP0016,W000272,X-0246,2024-02-01,2024-03-31,미등록,계열사 N 데이터 거버넌스 구축,계열사 N,그룹사(대내),"계열사 N 데이터 거버넌스 구축에서 데이터 표준화 담당(검색엔진, 메타데이터 관리, Text Analysis 활용)"
DP0016,W000273,X-0183,2024-04-01,2024-06-30,확정완료,계열사 I 데이터 거버넌스 구축,계열사 I,그룹사(대내),"계열사 I 데이터 거버넌스 구축에서 배치 운영 담당(비정형 문서 처리(OCR), 검색엔진, Text Analysis 활용)"
DP0016,W000274,X-0038,2024-07-01,2024-12-31,확정완료,계열사 F 데이터 거버넌스 구축,계열사 F,그룹사(대내),"계열사 F 데이터 거버넌스 구축에서 데이터 표준화 담당(비정형 문서 처리(OCR), Text Analysis, 메타데이터 관리 활용)"
DP0016,W000275,X-0028,2025-01-01,2025-02-28,확정완료,계열사 B 데이터 거버넌스 구축,계열사 B,그룹사(대내),"계열사 B 데이터 거버넌스 구축에서 배치 운영 담당(Text Analysis, Python, 메타데이터 관리 활용)"
DP0016,W000276,X-0091,2025-03-01,2025-11-30,확정완료,금융사 가2 비정형 문서 메타데이터 전환,금융사 가2,금융,"금융사 가2 비정형 문서 메타데이터 전환에서 데이터 이관 담당(Text Analysis, 비정형 문서 처리(OCR), Python 활용)"
DP0016,W000277,X-0087,2025-12-01,2026-01-31,확정완료,계열사 K 데이터 레이크 고도화,계열사 K,그룹사(대내),"계열사 K 데이터 레이크 고도화에서 배치 운영 담당(검색엔진, 메타데이터 관리, Text Analysis 활용)"
DP0016,W000278,X-0089,2026-05-01,2026-05-31,확정완료,공공기관 병 공공데이터 개방 플랫폼 구축,공공기관 병,공공,"공공기관 병 공공데이터 개방 플랫폼 구축에서 개방 API 담당(검색엔진, ETL, 메타데이터 관리 활용)"
DP0016,W000279,X-0144,2026-06-01,2026-09-30,진행중,공공기관 병 공공데이터 개방 플랫폼 구축,공공기관 병,공공,"공공기관 병 공공데이터 개방 플랫폼 구축에서 개방 API 담당(검색엔진, Python, ETL 활용)"
DP0017,W000280,X-0208,2021-05-01,2022-02-28,확정완료,계열사 G 데이터 레이크 고도화,계열사 G,그룹사(대내),"계열사 G 데이터 레이크 고도화에서 데이터 표준화 담당(SQL, AWS, Hadoop 활용)"
DP0017,W000281,X-0206,2022-03-01,2022-07-31,미등록,계열사 E 데이터 거버넌스 구축,계열사 E,그룹사(대내),"계열사 E 데이터 거버넌스 구축에서 카탈로그 구축 담당(Hadoop, ETL, AWS 활용)"
DP0017,W000282,X-0093,2022-10-01,2023-02-28,확정완료,계열사 A 데이터 레이크 고도화,계열사 A,그룹사(대내),"계열사 A 데이터 레이크 고도화에서 데이터 표준화 담당(Scala, AWS, Kafka 활용)"
DP0017,W000283,X-0093,2023-05-01,2023-07-31,확정완료,계열사 A 데이터 레이크 고도화,계열사 A,그룹사(대내),"계열사 A 데이터 레이크 고도화에서 데이터 표준화 담당(ETL, Kafka, Spark 활용)"
DP0017,W000284,X-0044,2023-09-01,2023-12-31,확정완료,금융사 라2 비정형 문서 메타데이터 전환,금융사 라2,금융,"금융사 라2 비정형 문서 메타데이터 전환에서 데이터 이관 담당(ETL, Scala, SQL 활용)"
DP0017,W000285,X-0246,2024-02-01,2024-03-31,미등록,계열사 N 데이터 거버넌스 구축,계열사 N,그룹사(대내),"계열사 N 데이터 거버넌스 구축에서 데이터 표준화 담당(SQL, Spark, Python 활용)"
DP0017,W000286,X-0072,2024-06-01,2024-10-31,확정완료,계열사 E 데이터 거버넌스 구축,계열사 E,그룹사(대내),"계열사 E 데이터 거버넌스 구축에서 데이터 표준화 담당(Scala, Python, Kafka 활용)"
DP0017,W000287,X-0213,2024-11-01,2024-12-31,확정완료,계열사 O 데이터 레이크 고도화,계열사 O,그룹사(대내),"계열사 O 데이터 레이크 고도화에서 데이터 표준화 담당(Spark, Airflow, Python 활용)"
DP0017,W000288,X-0239,2025-06-01,2025-06-30,확정완료,계열사 Y 데이터 레이크 고도화,계열사 Y,그룹사(대내),"계열사 Y 데이터 레이크 고도화에서 카탈로그 구축 담당(AWS, Scala, Hadoop 활용)"
DP0017,W000289,X-0089,2025-11-01,2026-01-31,미등록,공공기관 병 공공데이터 개방 플랫폼 구축,공공기관 병,공공,"공공기관 병 공공데이터 개방 플랫폼 구축에서 개방 API 담당(Hadoop, Airflow, Scala 활용)"
DP0017,W000290,X-0203,2026-02-01,2026-07-31,확정완료,계열사 O 데이터 거버넌스 구축,계열사 O,그룹사(대내),"계열사 O 데이터 거버넌스 구축에서 데이터 표준화 담당(Spark, ETL, Kafka 활용)"
DP0018,W000291,X-0124,2019-11-01,2020-02-29,확정완료,공공기관 정 공공데이터 개방 플랫폼 구축,공공기관 정,공공,"공공기관 정 공공데이터 개방 플랫폼 구축에서 개방 API 담당(Kafka, Data Lake & Data Catalog, Kubernetes 활용)"
DP0018,W000292,X-0181,2020-04-01,2020-08-31,확정완료,계열사 S 데이터 레이크 고도화,계열사 S,그룹사(대내),"계열사 S 데이터 레이크 고도화에서 카탈로그 구축 담당(Private Cloud, Data Lake & Data Catalog, Hadoop 활용)"
DP0018,W000293,X-0121,2020-09-01,2020-12-31,확정완료,계열사 A 데이터 레이크 고도화,계열사 A,그룹사(대내),"계열사 A 데이터 레이크 고도화에서 배치 운영 담당(Docker, Kubernetes, Kafka 활용)"
DP0018,W000294,X-0111,2021-01-01,2021-09-30,확정완료,금융사 타2 차세대 데이터 플랫폼 구축,금융사 타2,금융,"금융사 타2 차세대 데이터 플랫폼 구축에서 적재 파이프라인 담당(Kubernetes, Kafka, AWS 활용)"
DP0018,W000295,X-0174,2021-10-01,2022-02-28,확정완료,공공기관 경 공공데이터 개방 플랫폼 구축,공공기관 경,공공,"공공기관 경 공공데이터 개방 플랫폼 구축에서 개방 API 담당(Data Lake & Data Catalog, Hadoop, AWS 활용)"
DP0018,W000296,X-0147,2022-05-01,2022-05-31,확정완료,금융사 가 차세대 데이터 플랫폼 구축,금융사 가,금융,"금융사 가 차세대 데이터 플랫폼 구축에서 적재 파이프라인 담당(Docker, Hadoop, Kubernetes 활용)"
DP0018,W000297,X-0050,2022-06-01,2023-02-28,확정완료,금융사 라2 차세대 데이터 플랫폼 구축,금융사 라2,금융,"금융사 라2 차세대 데이터 플랫폼 구축에서 데이터 이관 담당(Kafka, AWS, Hadoop 활용)"
DP0018,W000298,X-0080,2023-05-01,2023-08-31,확정완료,계열사 J 데이터 레이크 고도화,계열사 J,그룹사(대내),"계열사 J 데이터 레이크 고도화에서 배치 운영 담당(Kafka, Docker, AWS 활용)"
DP0018,W000299,X-0227,2023-09-01,2023-11-30,확정완료,계열사 W 데이터 레이크 고도화,계열사 W,그룹사(대내),"계열사 W 데이터 레이크 고도화에서 데이터 표준화 담당(Private Cloud, Docker, Kubernetes 활용)"
DP0018,W000300,X-0072,2023-12-01,2024-06-30,확정완료,계열사 E 데이터 거버넌스 구축,계열사 E,그룹사(대내),"계열사 E 데이터 거버넌스 구축에서 데이터 표준화 담당(AWS, Kubernetes, Kafka 활용)"
DP0018,W000301,X-0072,2024-07-01,2024-11-30,미등록,계열사 E 데이터 거버넌스 구축,계열사 E,그룹사(대내),"계열사 E 데이터 거버넌스 구축에서 데이터 표준화 담당(Private Cloud, Docker, Kafka 활용)"
DP0018,W000302,X-0091,2025-02-01,2025-11-30,확정완료,금융사 가2 비정형 문서 메타데이터 전환,금융사 가2,금융,"금융사 가2 비정형 문서 메타데이터 전환에서 데이터 이관 담당(AWS, Private Cloud, Kafka 활용)"
DP0018,W000303,X-0127,2025-12-01,2025-12-31,미등록,계열사 R 데이터 거버넌스 구축,계열사 R,그룹사(대내),"계열사 R 데이터 거버넌스 구축에서 카탈로그 구축 담당(Kubernetes, Kafka, Hadoop 활용)"
DP0018,W000304,X-0138,2026-01-01,2026-09-30,진행중,계열사 H 데이터 레이크 고도화,계열사 H,그룹사(대내),"계열사 H 데이터 레이크 고도화에서 배치 운영 담당(Kubernetes, Hadoop, Kafka 활용)"
DP0019,W000328,X-0062,2016-10-01,2016-10-31,확정완료,금융사 라 차세대 데이터 플랫폼 구축,금융사 라,금융,"금융사 라 차세대 데이터 플랫폼 구축에서 메타데이터 설계 담당(SQL, Data Lake & Data Catalog, 메타데이터 관리 활용)"
DP0019,W000329,X-0056,2017-01-01,2017-10-31,확정완료,계열사 N 데이터 레이크 고도화,계열사 N,그룹사(대내),"계열사 N 데이터 레이크 고도화에서 데이터 표준화 담당(Data Lake & Data Catalog, 메타데이터 관리, SQL 활용)"
DP0019,W000330,X-0192,2017-11-01,2017-11-30,확정완료,금융사 나2 비정형 문서 메타데이터 전환,금융사 나2,금융,"금융사 나2 비정형 문서 메타데이터 전환에서 메타데이터 설계 담당(메타데이터 관리, Data Lake & Data Catalog, SQL 활용)"
DP0019,W000331,X-0005,2017-12-01,2018-01-31,확정완료,금융사 라2 차세대 데이터 플랫폼 구축,금융사 라2,금융,"금융사 라2 차세대 데이터 플랫폼 구축에서 적재 파이프라인 담당(SQL, BI Reporting, 데이터 모델링 활용)"
DP0019,W000332,X-0043,2018-02-01,2018-02-28,확정완료,계열사 Y 데이터 거버넌스 구축,계열사 Y,그룹사(대내),"계열사 Y 데이터 거버넌스 구축에서 배치 운영 담당(데이터 모델링, SQL, 메타데이터 관리 활용)"
DP0019,W000333,X-0160,2018-03-01,2018-09-30,미등록,금융사 나 차세대 데이터 플랫폼 구축,금융사 나,금융,"금융사 나 차세대 데이터 플랫폼 구축에서 메타데이터 설계 담당(데이터 모델링, Data Lake & Data Catalog, BI Reporting 활용)"
DP0019,W000334,X-0215,2018-11-01,2018-11-30,확정완료,계열사 P 데이터 레이크 고도화,계열사 P,그룹사(대내),"계열사 P 데이터 레이크 고도화에서 데이터 표준화 담당(Data Lake & Data Catalog, SQL, 메타데이터 관리 활용)"
DP0019,W000335,X-0169,2018-12-01,2018-12-31,미등록,금융사 타 차세대 데이터 플랫폼 구축,금융사 타,금융,"금융사 타 차세대 데이터 플랫폼 구축에서 적재 파이프라인 담당(SQL, Data Lake & Data Catalog, BI Reporting 활용)"
DP0019,W000336,X-0167,2019-01-01,2019-04-30,확정완료,공공기관 병 공공데이터 개방 플랫폼 구축,공공기관 병,공공,"공공기관 병 공공데이터 개방 플랫폼 구축에서 개방 API 담당(Data Lake & Data Catalog, 메타데이터 관리, 데이터 모델링 활용)"
DP0019,W000337,X-0243,2019-05-01,2019-11-30,확정완료,계열사 B 데이터 레이크 고도화,계열사 B,그룹사(대내),"계열사 B 데이터 레이크 고도화에서 배치 운영 담당(메타데이터 관리, BI Reporting, 데이터 모델링 활용)"
DP0019,W000338,X-0066,2020-02-01,2020-08-31,확정완료,계열사 P 데이터 레이크 고도화,계열사 P,그룹사(대내),"계열사 P 데이터 레이크 고도화에서 카탈로그 구축 담당(SQL, 데이터 모델링, BI Reporting 활용)"
DP0019,W000339,X-0180,2020-10-01,2020-12-31,확정완료,금융사 아 데이터 마트 구축,금융사 아,금융,"금융사 아 데이터 마트 구축에서 데이터 이관 담당(Data Lake & Data Catalog, 데이터 모델링, 메타데이터 관리 활용)"
DP0019,W000340,X-0182,2021-02-01,2021-03-31,확정완료,계열사 S 데이터 레이크 고도화,계열사 S,그룹사(대내),"계열사 S 데이터 레이크 고도화에서 데이터 표준화 담당(BI Reporting, Data Lake & Data Catalog, SQL 활용)"
DP0019,W000341,X-0112,2021-06-01,2021-07-31,확정완료,금융사 가 비정형 문서 메타데이터 전환,금융사 가,금융,"금융사 가 비정형 문서 메타데이터 전환에서 메타데이터 설계 담당(BI Reporting, 데이터 모델링, Data Lake & Data Catalog 활용)"
DP0019,W000342,X-0174,2022-03-01,2022-07-31,확정완료,공공기관 경 공공데이터 개방 플랫폼 구축,공공기관 경,공공,"공공기관 경 공공데이터 개방 플랫폼 구축에서 개방 API 담당(메타데이터 관리, 데이터 모델링, Data Lake & Data Catalog 활용)"
DP0019,W000343,X-0174,2022-08-01,2022-11-30,확정완료,공공기관 경 공공데이터 개방 플랫폼 구축,공공기관 경,공공,"공공기관 경 공공데이터 개방 플랫폼 구축에서 개방 API 담당(데이터 모델링, 메타데이터 관리, Data Lake & Data Catalog 활용)"
DP0019,W000344,X-0050,2022-12-01,2023-04-30,확정완료,금융사 라2 차세대 데이터 플랫폼 구축,금융사 라2,금융,"금융사 라2 차세대 데이터 플랫폼 구축에서 데이터 이관 담당(메타데이터 관리, 데이터 모델링, SQL 활용)"
DP0019,W000345,X-0227,2023-05-01,2024-02-29,확정완료,계열사 W 데이터 레이크 고도화,계열사 W,그룹사(대내),"계열사 W 데이터 레이크 고도화에서 데이터 표준화 담당(데이터 모델링, BI Reporting, SQL 활용)"
DP0019,W000346,X-0229,2024-04-01,2024-06-30,확정완료,계열사 R 데이터 거버넌스 구축,계열사 R,그룹사(대내),"계열사 R 데이터 거버넌스 구축에서 배치 운영 담당(데이터 모델링, Data Lake & Data Catalog, 메타데이터 관리 활용)"
DP0019,W000347,X-0006,2024-08-01,2024-11-30,확정완료,금융사 자2 데이터 마트 구축,금융사 자2,금융,"금융사 자2 데이터 마트 구축에서 적재 파이프라인 담당(Data Lake & Data Catalog, SQL, 메타데이터 관리 활용)"
DP0019,W000348,X-0225,2025-01-01,2025-03-31,확정완료,금융사 카 차세대 데이터 플랫폼 구축,금융사 카,금융,"금융사 카 차세대 데이터 플랫폼 구축에서 적재 파이프라인 담당(데이터 모델링, BI Reporting, SQL 활용)"
DP0019,W000349,X-0027,2025-05-01,2025-07-31,확정완료,계열사 Q 데이터 레이크 고도화,계열사 Q,그룹사(대내),"계열사 Q 데이터 레이크 고도화에서 카탈로그 구축 담당(BI Reporting, 메타데이터 관리, 데이터 모델링 활용)"
DP0019,W000350,X-0087,2025-08-01,2025-10-31,확정완료,계열사 K 데이터 레이크 고도화,계열사 K,그룹사(대내),"계열사 K 데이터 레이크 고도화에서 배치 운영 담당(메타데이터 관리, BI Reporting, Data Lake & Data Catalog 활용)"
DP0019,W000351,X-0178,2025-11-01,2025-11-30,확정완료,금융사 라 데이터 마트 구축,금융사 라,금융,"금융사 라 데이터 마트 구축에서 데이터 이관 담당(데이터 모델링, BI Reporting, Data Lake & Data Catalog 활용)"
DP0019,W000352,X-0127,2025-12-01,2025-12-31,확정완료,계열사 R 데이터 거버넌스 구축,계열사 R,그룹사(대내),"계열사 R 데이터 거버넌스 구축에서 카탈로그 구축 담당(SQL, BI Reporting, Data Lake & Data Catalog 활용)"
DP0019,W000353,X-0239,2026-01-01,2026-01-31,확정완료,계열사 Y 데이터 레이크 고도화,계열사 Y,그룹사(대내),"계열사 Y 데이터 레이크 고도화에서 카탈로그 구축 담당(BI Reporting, Data Lake & Data Catalog, 데이터 모델링 활용)"
DP0019,W000354,X-0031,2026-02-01,2026-04-30,미등록,금융사 하2 비정형 문서 메타데이터 전환,금융사 하2,금융,"금융사 하2 비정형 문서 메타데이터 전환에서 메타데이터 설계 담당(BI Reporting, SQL, 메타데이터 관리 활용)"
DP0019,W000355,X-0087,2026-05-01,2026-07-31,확정완료,계열사 K 데이터 레이크 고도화,계열사 K,그룹사(대내),"계열사 K 데이터 레이크 고도화에서 배치 운영 담당(데이터 모델링, BI Reporting, Data Lake & Data Catalog 활용)"
DP0020,W000356,X-0245,2016-10-01,2016-10-31,확정완료,계열사 Y 데이터 레이크 고도화,계열사 Y,그룹사(대내),"계열사 Y 데이터 레이크 고도화에서 배치 운영 담당(BI Reporting, Data Lake & Data Catalog, 데이터 모델링 활용)"
DP0020,W000357,X-0107,2016-12-01,2017-10-31,확정완료,금융사 사2 차세대 데이터 플랫폼 구축,금융사 사2,금융,"금융사 사2 차세대 데이터 플랫폼 구축에서 데이터 이관 담당(Data Lake & Data Catalog, 메타데이터 관리, BI Reporting 활용)"
DP0020,W000358,X-0165,2017-11-01,2018-06-30,확정완료,공공기관 정 공공데이터 개방 플랫폼 구축,공공기관 정,공공,"공공기관 정 공공데이터 개방 플랫폼 구축에서 데이터 정제 담당(Data Lake & Data Catalog, 데이터 모델링, 메타데이터 관리 활용)"
DP0020,W000359,X-0165,2018-07-01,2018-07-31,확정완료,공공기관 정 공공데이터 개방 플랫폼 구축,공공기관 정,공공,"공공기관 정 공공데이터 개방 플랫폼 구축에서 데이터 정제 담당(BI Reporting, 메타데이터 관리, Data Lake & Data Catalog 활용)"
DP0020,W000360,X-0084,2018-10-01,2019-02-28,미등록,금융사 바2 비정형 문서 메타데이터 전환,금융사 바2,금융,"금융사 바2 비정형 문서 메타데이터 전환에서 데이터 이관 담당(메타데이터 관리, SQL, BI Reporting 활용)"
DP0020,W000361,X-0205,2019-03-01,2019-10-31,확정완료,금융사 가2 차세대 데이터 플랫폼 구축,금융사 가2,금융,"금융사 가2 차세대 데이터 플랫폼 구축에서 메타데이터 설계 담당(데이터 모델링, BI Reporting, Data Lake & Data Catalog 활용)"
DP0020,W000362,X-0189,2019-11-01,2020-08-31,확정완료,금융사 파 차세대 데이터 플랫폼 구축,금융사 파,금융,"금융사 파 차세대 데이터 플랫폼 구축에서 데이터 이관 담당(SQL, 데이터 모델링, Data Lake & Data Catalog 활용)"
DP0020,W000363,X-0066,2020-09-01,2020-09-30,확정완료,계열사 P 데이터 레이크 고도화,계열사 P,그룹사(대내),"계열사 P 데이터 레이크 고도화에서 카탈로그 구축 담당(데이터 모델링, Data Lake & Data Catalog, SQL 활용)"
DP0020,W000364,X-0002,2020-10-01,2020-12-31,확정완료,계열사 Q 데이터 레이크 고도화,계열사 Q,그룹사(대내),"계열사 Q 데이터 레이크 고도화에서 데이터 표준화 담당(BI Reporting, 데이터 모델링, SQL 활용)"
DP0020,W000365,X-0180,2021-01-01,2021-06-30,확정완료,금융사 아 데이터 마트 구축,금융사 아,금융,"금융사 아 데이터 마트 구축에서 데이터 이관 담당(메타데이터 관리, SQL, 데이터 모델링 활용)"
DP0020,W000366,X-0112,2021-07-01,2021-12-31,확정완료,금융사 가 비정형 문서 메타데이터 전환,금융사 가,금융,"금융사 가 비정형 문서 메타데이터 전환에서 메타데이터 설계 담당(데이터 모델링, SQL, Data Lake & Data Catalog 활용)"
DP0020,W000367,X-0016,2022-01-01,2022-01-31,미등록,공공기관 을 공공데이터 개방 플랫폼 구축,공공기관 을,공공,"공공기관 을 공공데이터 개방 플랫폼 구축에서 데이터 정제 담당(BI Reporting, 메타데이터 관리, SQL 활용)"
DP0020,W000368,X-0128,2022-03-01,2022-12-31,확정완료,공공기관 갑 공공데이터 개방 플랫폼 구축,공공기관 갑,공공,"공공기관 갑 공공데이터 개방 플랫폼 구축에서 데이터 정제 담당(SQL, 데이터 모델링, Data Lake & Data Catalog 활용)"
DP0020,W000369,X-0050,2023-01-01,2023-04-30,확정완료,금융사 라2 차세대 데이터 플랫폼 구축,금융사 라2,금융,"금융사 라2 차세대 데이터 플랫폼 구축에서 데이터 이관 담당(메타데이터 관리, Data Lake & Data Catalog, BI Reporting 활용)"
DP0020,W000370,X-0227,2023-07-01,2024-02-29,미등록,계열사 W 데이터 레이크 고도화,계열사 W,그룹사(대내),"계열사 W 데이터 레이크 고도화에서 데이터 표준화 담당(메타데이터 관리, Data Lake & Data Catalog, SQL 활용)"
DP0020,W000371,X-0080,2024-03-01,2024-04-30,미등록,계열사 J 데이터 레이크 고도화,계열사 J,그룹사(대내),"계열사 J 데이터 레이크 고도화에서 배치 운영 담당(데이터 모델링, SQL, 메타데이터 관리 활용)"
DP0020,W000372,X-0100,2024-07-01,2025-06-30,확정완료,금융사 하 데이터 마트 구축,금융사 하,금융,"금융사 하 데이터 마트 구축에서 메타데이터 설계 담당(메타데이터 관리, Data Lake & Data Catalog, 데이터 모델링 활용)"
DP0020,W000373,X-0178,2025-08-01,2025-11-30,확정완료,금융사 라 데이터 마트 구축,금융사 라,금융,"금융사 라 데이터 마트 구축에서 데이터 이관 담당(SQL, 메타데이터 관리, BI Reporting 활용)"
DP0020,W000374,X-0108,2025-12-01,2026-03-31,확정완료,계열사 V 데이터 거버넌스 구축,계열사 V,그룹사(대내),"계열사 V 데이터 거버넌스 구축에서 카탈로그 구축 담당(BI Reporting, 메타데이터 관리, 데이터 모델링 활용)"
DP0020,W000375,X-0089,2026-04-01,2026-05-31,확정완료,공공기관 병 공공데이터 개방 플랫폼 구축,공공기관 병,공공,"공공기관 병 공공데이터 개방 플랫폼 구축에서 개방 API 담당(메타데이터 관리, SQL, 데이터 모델링 활용)"
DP0020,W000376,X-0031,2026-06-01,2026-09-30,진행중,금융사 하2 비정형 문서 메타데이터 전환,금융사 하2,금융,"금융사 하2 비정형 문서 메타데이터 전환에서 메타데이터 설계 담당(SQL, BI Reporting, 데이터 모델링 활용)"
DP0021,W000384,X-0248,2016-10-01,2016-10-31,확정완료,계열사 K 데이터 거버넌스 구축,계열사 K,그룹사(대내),"계열사 K 데이터 거버넌스 구축에서 카탈로그 구축 담당(Text Analysis, ETL, Python 활용)"
DP0021,W000385,X-0106,2016-11-01,2017-05-31,미등록,공공기관 을 공공데이터 개방 플랫폼 구축,공공기관 을,공공,"공공기관 을 공공데이터 개방 플랫폼 구축에서 개방 API 담당(Python, Text Analysis, 비정형 문서 처리(OCR) 활용)"
DP0021,W000386,X-0005,2017-06-01,2018-01-31,확정완료,금융사 라2 차세대 데이터 플랫폼 구축,금융사 라2,금융,"금융사 라2 차세대 데이터 플랫폼 구축에서 적재 파이프라인 담당(Text Analysis, ETL, 비정형 문서 처리(OCR) 활용)"
DP0021,W000387,X-0160,2018-02-01,2018-07-31,확정완료,금융사 나 차세대 데이터 플랫폼 구축,금융사 나,금융,"금융사 나 차세대 데이터 플랫폼 구축에서 메타데이터 설계 담당(비정형 문서 처리(OCR), Python, ETL 활용)"
DP0021,W000388,X-0017,2018-09-01,2018-11-30,확정완료,공공기관 기 공공데이터 개방 플랫폼 구축,공공기관 기,공공,"공공기관 기 공공데이터 개방 플랫폼 구축에서 데이터 정제 담당(검색엔진, ETL, Python 활용)"
DP0021,W000389,X-0169,2018-12-01,2018-12-31,확정완료,금융사 타 차세대 데이터 플랫폼 구축,금융사 타,금융,"금융사 타 차세대 데이터 플랫폼 구축에서 적재 파이프라인 담당(비정형 문서 처리(OCR), ETL, Python 활용)"
DP0021,W000390,X-0084,2019-01-01,2019-02-28,확정완료,금융사 바2 비정형 문서 메타데이터 전환,금융사 바2,금융,"금융사 바2 비정형 문서 메타데이터 전환에서 데이터 이관 담당(메타데이터 관리, 비정형 문서 처리(OCR), Python 활용)"
DP0021,W000391,X-0243,2019-03-01,2019-10-31,확정완료,계열사 B 데이터 레이크 고도화,계열사 B,그룹사(대내),"계열사 B 데이터 레이크 고도화에서 배치 운영 담당(Python, 검색엔진, Text Analysis 활용)"
DP0021,W000392,X-0189,2019-11-01,2020-09-30,확정완료,금융사 파 차세대 데이터 플랫폼 구축,금융사 파,금융,"금융사 파 차세대 데이터 플랫폼 구축에서 데이터 이관 담당(ETL, 메타데이터 관리, Python 활용)"
DP0021,W000393,X-0098,2020-10-01,2020-10-31,미등록,금융사 파2 비정형 문서 메타데이터 전환,금융사 파2,금융,"금융사 파2 비정형 문서 메타데이터 전환에서 데이터 이관 담당(메타데이터 관리, 비정형 문서 처리(OCR), Text Analysis 활용)"
DP0021,W000394,X-0182,2020-11-01,2021-03-31,확정완료,계열사 S 데이터 레이크 고도화,계열사 S,그룹사(대내),"계열사 S 데이터 레이크 고도화에서 데이터 표준화 담당(비정형 문서 처리(OCR), ETL, Python 활용)"
DP0021,W000395,X-0198,2021-04-01,2021-06-30,미등록,계열사 R 데이터 거버넌스 구축,계열사 R,그룹사(대내),"계열사 R 데이터 거버넌스 구축에서 카탈로그 구축 담당(메타데이터 관리, ETL, Text Analysis 활용)"
DP0021,W000396,X-0174,2021-07-01,2021-10-31,미등록,공공기관 경 공공데이터 개방 플랫폼 구축,공공기관 경,공공,"공공기관 경 공공데이터 개방 플랫폼 구축에서 개방 API 담당(메타데이터 관리, 검색엔진, Text Analysis 활용)"
DP0021,W000397,X-0111,2021-11-01,2021-12-31,미등록,금융사 타2 차세대 데이터 플랫폼 구축,금융사 타2,금융,"금융사 타2 차세대 데이터 플랫폼 구축에서 적재 파이프라인 담당(ETL, 검색엔진, Text Analysis 활용)"
DP0021,W000398,X-0050,2022-03-01,2022-11-30,확정완료,금융사 라2 차세대 데이터 플랫폼 구축,금융사 라2,금융,"금융사 라2 차세대 데이터 플랫폼 구축에서 데이터 이관 담당(Text Analysis, 비정형 문서 처리(OCR), ETL 활용)"
DP0021,W000399,X-0141,2023-02-01,2023-10-31,확정완료,금융사 마2 데이터 마트 구축,금융사 마2,금융,"금융사 마2 데이터 마트 구축에서 적재 파이프라인 담당(Text Analysis, 메타데이터 관리, 비정형 문서 처리(OCR) 활용)"
DP0021,W000400,X-0028,2023-11-01,2024-04-30,확정완료,계열사 B 데이터 거버넌스 구축,계열사 B,그룹사(대내),"계열사 B 데이터 거버넌스 구축에서 배치 운영 담당(Python, 메타데이터 관리, 검색엔진 활용)"
DP0021,W000401,X-0072,2024-05-01,2024-10-31,확정완료,계열사 E 데이터 거버넌스 구축,계열사 E,그룹사(대내),"계열사 E 데이터 거버넌스 구축에서 데이터 표준화 담당(메타데이터 관리, Python, ETL 활용)"
DP0021,W000402,X-0239,2025-01-01,2025-08-31,미등록,계열사 Y 데이터 레이크 고도화,계열사 Y,그룹사(대내),"계열사 Y 데이터 레이크 고도화에서 카탈로그 구축 담당(Python, 검색엔진, Text Analysis 활용)"
DP0021,W000403,X-0031,2025-11-01,2026-09-30,진행중,금융사 하2 비정형 문서 메타데이터 전환,금융사 하2,금융,"금융사 하2 비정형 문서 메타데이터 전환에서 메타데이터 설계 담당(Python, Text Analysis, 메타데이터 관리 활용)"
DP0022,W000404,X-0124,2019-10-01,2020-02-29,확정완료,공공기관 정 공공데이터 개방 플랫폼 구축,공공기관 정,공공,"공공기관 정 공공데이터 개방 플랫폼 구축에서 개방 API 담당(Data Lake & Data Catalog, 메타데이터 관리, SQL 활용)"
DP0022,W000405,X-0182,2020-05-01,2020-08-31,확정완료,계열사 S 데이터 레이크 고도화,계열사 S,그룹사(대내),"계열사 S 데이터 레이크 고도화에서 데이터 표준화 담당(데이터 모델링, 메타데이터 관리, Data Lake & Data Catalog 활용)"
DP0022,W000406,X-0182,2020-09-01,2021-03-31,확정완료,계열사 S 데이터 레이크 고도화,계열사 S,그룹사(대내),"계열사 S 데이터 레이크 고도화에서 데이터 표준화 담당(BI Reporting, 데이터 모델링, Data Lake & Data Catalog 활용)"
DP0022,W000407,X-0111,2021-06-01,2021-11-30,확정완료,금융사 타2 차세대 데이터 플랫폼 구축,금융사 타2,금융,"금융사 타2 차세대 데이터 플랫폼 구축에서 적재 파이프라인 담당(데이터 모델링, Data Lake & Data Catalog, BI Reporting 활용)"
DP0022,W000408,X-0061,2022-01-01,2022-04-30,확정완료,금융사 가 차세대 데이터 플랫폼 구축,금융사 가,금융,"금융사 가 차세대 데이터 플랫폼 구축에서 적재 파이프라인 담당(BI Reporting, 데이터 모델링, SQL 활용)"
DP0022,W000409,X-0050,2022-05-01,2022-09-30,확정완료,금융사 라2 차세대 데이터 플랫폼 구축,금융사 라2,금융,"금융사 라2 차세대 데이터 플랫폼 구축에서 데이터 이관 담당(SQL, Data Lake & Data Catalog, BI Reporting 활용)"
DP0022,W000410,X-0141,2022-12-01,2023-04-30,확정완료,금융사 마2 데이터 마트 구축,금융사 마2,금융,"금융사 마2 데이터 마트 구축에서 적재 파이프라인 담당(SQL, 데이터 모델링, BI Reporting 활용)"
DP0022,W000411,X-0080,2023-07-01,2024-02-29,확정완료,계열사 J 데이터 레이크 고도화,계열사 J,그룹사(대내),"계열사 J 데이터 레이크 고도화에서 배치 운영 담당(데이터 모델링, 메타데이터 관리, SQL 활용)"
DP0022,W000412,X-0183,2024-03-01,2024-06-30,확정완료,계열사 I 데이터 거버넌스 구축,계열사 I,그룹사(대내),"계열사 I 데이터 거버넌스 구축에서 배치 운영 담당(Data Lake & Data Catalog, SQL, 데이터 모델링 활용)"
DP0022,W000413,X-0072,2024-08-01,2025-01-31,확정완료,계열사 E 데이터 거버넌스 구축,계열사 E,그룹사(대내),"계열사 E 데이터 거버넌스 구축에서 데이터 표준화 담당(Data Lake & Data Catalog, 데이터 모델링, 메타데이터 관리 활용)"
DP0022,W000414,X-0239,2025-04-01,2026-01-31,확정완료,계열사 Y 데이터 레이크 고도화,계열사 Y,그룹사(대내),"계열사 Y 데이터 레이크 고도화에서 카탈로그 구축 담당(메타데이터 관리, SQL, Data Lake & Data Catalog 활용)"
DP0022,W000415,X-0203,2026-03-01,2026-07-31,확정완료,계열사 O 데이터 거버넌스 구축,계열사 O,그룹사(대내),"계열사 O 데이터 거버넌스 구축에서 데이터 표준화 담당(SQL, 메타데이터 관리, BI Reporting 활용)"
DP0022,W000416,X-0031,2026-08-01,2026-09-30,진행중,금융사 하2 비정형 문서 메타데이터 전환,금융사 하2,금융,"금융사 하2 비정형 문서 메타데이터 전환에서 메타데이터 설계 담당(메타데이터 관리, SQL, 데이터 모델링 활용)"
DP0023,W000417,X-0056,2017-10-01,2017-10-31,확정완료,계열사 N 데이터 레이크 고도화,계열사 N,그룹사(대내),"계열사 N 데이터 레이크 고도화에서 데이터 표준화 담당(ETL, AWS, Spark 활용)"
DP0023,W000418,X-0051,2017-11-01,2018-01-31,확정완료,계열사 S 데이터 레이크 고도화,계열사 S,그룹사(대내),"계열사 S 데이터 레이크 고도화에서 데이터 표준화 담당(Scala, Kafka, Spark 활용)"
DP0023,W000419,X-0023,2018-04-01,2018-07-31,미등록,금융사 하 차세대 데이터 플랫폼 구축,금융사 하,금융,"금융사 하 차세대 데이터 플랫폼 구축에서 데이터 이관 담당(Hadoop, SQL, Spark 활용)"
DP0023,W000420,X-0215,2018-09-01,2018-11-30,확정완료,계열사 P 데이터 레이크 고도화,계열사 P,그룹사(대내),"계열사 P 데이터 레이크 고도화에서 데이터 표준화 담당(ETL, Spark, Hadoop 활용)"
DP0023,W000421,X-0084,2019-01-01,2019-02-28,미등록,금융사 바2 비정형 문서 메타데이터 전환,금융사 바2,금융,"금융사 바2 비정형 문서 메타데이터 전환에서 데이터 이관 담당(Python, Spark, Kafka 활용)"
DP0023,W000422,X-0243,2019-03-01,2019-09-30,확정완료,계열사 B 데이터 레이크 고도화,계열사 B,그룹사(대내),"계열사 B 데이터 레이크 고도화에서 배치 운영 담당(Hadoop, ETL, AWS 활용)"
DP0023,W000423,X-0193,2019-12-01,2020-02-29,확정완료,금융사 가 차세대 데이터 플랫폼 구축,금융사 가,금융,"금융사 가 차세대 데이터 플랫폼 구축에서 메타데이터 설계 담당(Hadoop, Airflow, SQL 활용)"
DP0023,W000424,X-0189,2020-04-01,2020-07-31,미등록,금융사 파 차세대 데이터 플랫폼 구축,금융사 파,금융,"금융사 파 차세대 데이터 플랫폼 구축에서 데이터 이관 담당(SQL, AWS, Python 활용)"
DP0023,W000425,X-0002,2020-10-01,2020-12-31,확정완료,계열사 Q 데이터 레이크 고도화,계열사 Q,그룹사(대내),"계열사 Q 데이터 레이크 고도화에서 데이터 표준화 담당(Kafka, ETL, Spark 활용)"
DP0023,W000426,X-0112,2021-03-01,2021-08-31,확정완료,금융사 가 비정형 문서 메타데이터 전환,금융사 가,금융,"금융사 가 비정형 문서 메타데이터 전환에서 메타데이터 설계 담당(Kafka, Scala, Hadoop 활용)"
DP0023,W000427,X-0174,2021-11-01,2022-08-31,확정완료,공공기관 경 공공데이터 개방 플랫폼 구축,공공기관 경,공공,"공공기관 경 공공데이터 개방 플랫폼 구축에서 개방 API 담당(SQL, Airflow, Kafka 활용)"
DP0023,W000428,X-0128,2022-09-01,2022-12-31,확정완료,공공기관 갑 공공데이터 개방 플랫폼 구축,공공기관 갑,공공,"공공기관 갑 공공데이터 개방 플랫폼 구축에서 데이터 정제 담당(Hadoop, Spark, SQL 활용)"
DP0023,W000429,X-0093,2023-01-01,2023-09-30,확정완료,계열사 A 데이터 레이크 고도화,계열사 A,그룹사(대내),"계열사 A 데이터 레이크 고도화에서 데이터 표준화 담당(Scala, Kafka, AWS 활용)"
DP0023,W000430,X-0132,2023-10-01,2024-01-31,확정완료,계열사 P 데이터 거버넌스 구축,계열사 P,그룹사(대내),"계열사 P 데이터 거버넌스 구축에서 배치 운영 담당(Scala, SQL, Python 활용)"
DP0023,W000431,X-0229,2024-02-01,2024-06-30,확정완료,계열사 R 데이터 거버넌스 구축,계열사 R,그룹사(대내),"계열사 R 데이터 거버넌스 구축에서 배치 운영 담당(AWS, Scala, ETL 활용)"
DP0023,W000432,X-0038,2024-07-01,2024-10-31,확정완료,계열사 F 데이터 거버넌스 구축,계열사 F,그룹사(대내),"계열사 F 데이터 거버넌스 구축에서 데이터 표준화 담당(Spark, Kafka, AWS 활용)"
DP0023,W000433,X-0038,2024-11-01,2024-12-31,확정완료,계열사 F 데이터 거버넌스 구축,계열사 F,그룹사(대내),"계열사 F 데이터 거버넌스 구축에서 데이터 표준화 담당(Scala, Kafka, AWS 활용)"
DP0023,W000434,X-0028,2025-01-01,2025-02-28,확정완료,계열사 B 데이터 거버넌스 구축,계열사 B,그룹사(대내),"계열사 B 데이터 거버넌스 구축에서 배치 운영 담당(AWS, ETL, Hadoop 활용)"
DP0023,W000435,X-0241,2025-03-01,2025-06-30,확정완료,계열사 X 데이터 레이크 고도화,계열사 X,그룹사(대내),"계열사 X 데이터 레이크 고도화에서 데이터 표준화 담당(Hadoop, AWS, Airflow 활용)"
DP0023,W000436,X-0065,2025-07-01,2025-10-31,확정완료,금융사 카 차세대 데이터 플랫폼 구축,금융사 카,금융,"금융사 카 차세대 데이터 플랫폼 구축에서 적재 파이프라인 담당(Hadoop, Airflow, Python 활용)"
DP0023,W000437,X-0239,2025-11-01,2026-01-31,확정완료,계열사 Y 데이터 레이크 고도화,계열사 Y,그룹사(대내),"계열사 Y 데이터 레이크 고도화에서 카탈로그 구축 담당(Scala, AWS, Airflow 활용)"
DP0023,W000438,X-0138,2026-02-01,2026-09-30,진행중,계열사 H 데이터 레이크 고도화,계열사 H,그룹사(대내),"계열사 H 데이터 레이크 고도화에서 배치 운영 담당(SQL, Python, Hadoop 활용)"
DP0024,W000439,X-0098,2020-08-01,2020-10-31,미등록,금융사 파2 비정형 문서 메타데이터 전환,금융사 파2,금융,"금융사 파2 비정형 문서 메타데이터 전환에서 데이터 이관 담당(Docker, AWS, Data Lake & Data Catalog 활용)"
DP0024,W000440,X-0180,2020-11-01,2021-06-30,확정완료,금융사 아 데이터 마트 구축,금융사 아,금융,"금융사 아 데이터 마트 구축에서 데이터 이관 담당(Kafka, Data Lake & Data Catalog, Docker 활용)"
DP0024,W000441,X-0061,2021-08-01,2021-11-30,확정완료,금융사 가 차세대 데이터 플랫폼 구축,금융사 가,금융,"금융사 가 차세대 데이터 플랫폼 구축에서 적재 파이프라인 담당(Docker, Hadoop, Kafka 활용)"
DP0024,W000442,X-0208,2021-12-01,2022-04-30,확정완료,계열사 G 데이터 레이크 고도화,계열사 G,그룹사(대내),"계열사 G 데이터 레이크 고도화에서 데이터 표준화 담당(Kafka, Kubernetes, AWS 활용)"
DP0024,W000443,X-0093,2022-07-01,2022-11-30,미등록,계열사 A 데이터 레이크 고도화,계열사 A,그룹사(대내),"계열사 A 데이터 레이크 고도화에서 데이터 표준화 담당(AWS, Kubernetes, Data Lake & Data Catalog 활용)"
DP0024,W000444,X-0093,2022-12-01,2023-11-30,확정완료,계열사 A 데이터 레이크 고도화,계열사 A,그룹사(대내),"계열사 A 데이터 레이크 고도화에서 데이터 표준화 담당(Private Cloud, Hadoop, Kafka 활용)"
DP0024,W000445,X-0028,2023-12-01,2024-10-31,확정완료,계열사 B 데이터 거버넌스 구축,계열사 B,그룹사(대내),"계열사 B 데이터 거버넌스 구축에서 배치 운영 담당(Docker, Kafka, Private Cloud 활용)"
DP0024,W000446,X-0038,2024-11-01,2024-12-31,확정완료,계열사 F 데이터 거버넌스 구축,계열사 F,그룹사(대내),"계열사 F 데이터 거버넌스 구축에서 데이터 표준화 담당(Data Lake & Data Catalog, Hadoop, AWS 활용)"
DP0024,W000447,X-0178,2025-03-01,2025-11-30,확정완료,금융사 라 데이터 마트 구축,금융사 라,금융,"금융사 라 데이터 마트 구축에서 데이터 이관 담당(Kubernetes, Docker, Kafka 활용)"
DP0024,W000448,X-0031,2026-01-01,2026-09-30,진행중,금융사 하2 비정형 문서 메타데이터 전환,금융사 하2,금융,"금융사 하2 비정형 문서 메타데이터 전환에서 메타데이터 설계 담당(Private Cloud, Hadoop, Kafka 활용)"
DP0025,W000449,X-0093,2023-01-01,2023-07-31,확정완료,계열사 A 데이터 레이크 고도화,계열사 A,그룹사(대내),"계열사 A 데이터 레이크 고도화에서 데이터 표준화 담당(Python, 메타데이터 관리, ETL 활용)"
DP0025,W000450,X-0044,2023-09-01,2023-12-31,확정완료,금융사 라2 비정형 문서 메타데이터 전환,금융사 라2,금융,"금융사 라2 비정형 문서 메타데이터 전환에서 데이터 이관 담당(메타데이터 관리, ETL, 검색엔진 활용)"
DP0025,W000451,X-0122,2024-01-01,2024-04-30,미등록,공공기관 을 공공데이터 개방 플랫폼 구축,공공기관 을,공공,"공공기관 을 공공데이터 개방 플랫폼 구축에서 개방 API 담당(검색엔진, ETL, 메타데이터 관리 활용)"
DP0025,W000452,X-0080,2024-05-01,2024-06-30,미등록,계열사 J 데이터 레이크 고도화,계열사 J,그룹사(대내),"계열사 J 데이터 레이크 고도화에서 배치 운영 담당(비정형 문서 처리(OCR), 검색엔진, ETL 활용)"
DP0025,W000453,X-0225,2024-07-01,2025-01-31,확정완료,금융사 카 차세대 데이터 플랫폼 구축,금융사 카,금융,"금융사 카 차세대 데이터 플랫폼 구축에서 적재 파이프라인 담당(비정형 문서 처리(OCR), Python, Text Analysis 활용)"
DP0025,W000454,X-0028,2025-02-01,2025-02-28,확정완료,계열사 B 데이터 거버넌스 구축,계열사 B,그룹사(대내),"계열사 B 데이터 거버넌스 구축에서 배치 운영 담당(Text Analysis, 검색엔진, Python 활용)"
DP0025,W000455,X-0089,2025-03-01,2025-10-31,확정완료,공공기관 병 공공데이터 개방 플랫폼 구축,공공기관 병,공공,"공공기관 병 공공데이터 개방 플랫폼 구축에서 개방 API 담당(Python, 검색엔진, Text Analysis 활용)"
DP0025,W000456,X-0100,2025-11-01,2025-11-30,확정완료,금융사 하 데이터 마트 구축,금융사 하,금융,"금융사 하 데이터 마트 구축에서 메타데이터 설계 담당(검색엔진, Text Analysis, 메타데이터 관리 활용)"
DP0025,W000457,X-0031,2025-12-01,2026-05-31,확정완료,금융사 하2 비정형 문서 메타데이터 전환,금융사 하2,금융,"금융사 하2 비정형 문서 메타데이터 전환에서 메타데이터 설계 담당(검색엔진, 비정형 문서 처리(OCR), ETL 활용)"
DP0025,W000458,X-0144,2026-06-01,2026-09-30,진행중,공공기관 병 공공데이터 개방 플랫폼 구축,공공기관 병,공공,"공공기관 병 공공데이터 개방 플랫폼 구축에서 개방 API 담당(메타데이터 관리, 검색엔진, Text Analysis 활용)"
DP0026,W000459,X-0032,2017-08-01,2017-10-31,확정완료,계열사 R 데이터 레이크 고도화,계열사 R,그룹사(대내),"계열사 R 데이터 레이크 고도화에서 배치 운영 담당(Airflow, Kafka, SQL 활용)"
DP0026,W000460,X-0051,2017-11-01,2018-01-31,미등록,계열사 S 데이터 레이크 고도화,계열사 S,그룹사(대내),"계열사 S 데이터 레이크 고도화에서 데이터 표준화 담당(Spark, Kafka, ETL 활용)"
DP0026,W000461,X-0049,2018-04-01,2018-07-31,확정완료,계열사 U 데이터 거버넌스 구축,계열사 U,그룹사(대내),"계열사 U 데이터 거버넌스 구축에서 카탈로그 구축 담당(AWS, Airflow, SQL 활용)"
DP0026,W000462,X-0169,2018-08-01,2018-12-31,확정완료,금융사 타 차세대 데이터 플랫폼 구축,금융사 타,금융,"금융사 타 차세대 데이터 플랫폼 구축에서 적재 파이프라인 담당(Python, Hadoop, AWS 활용)"
DP0026,W000463,X-0205,2019-03-01,2019-10-31,확정완료,금융사 가2 차세대 데이터 플랫폼 구축,금융사 가2,금융,"금융사 가2 차세대 데이터 플랫폼 구축에서 메타데이터 설계 담당(SQL, Hadoop, Airflow 활용)"
DP0026,W000464,X-0182,2019-11-01,2020-06-30,미등록,계열사 S 데이터 레이크 고도화,계열사 S,그룹사(대내),"계열사 S 데이터 레이크 고도화에서 데이터 표준화 담당(SQL, Scala, Python 활용)"
DP0026,W000465,X-0098,2020-07-01,2020-10-31,확정완료,금융사 파2 비정형 문서 메타데이터 전환,금융사 파2,금융,"금융사 파2 비정형 문서 메타데이터 전환에서 데이터 이관 담당(Scala, SQL, Kafka 활용)"
DP0026,W000466,X-0002,2020-11-01,2020-12-31,확정완료,계열사 Q 데이터 레이크 고도화,계열사 Q,그룹사(대내),"계열사 Q 데이터 레이크 고도화에서 데이터 표준화 담당(Python, Hadoop, AWS 활용)"
DP0026,W000467,X-0112,2021-02-01,2022-01-31,확정완료,금융사 가 비정형 문서 메타데이터 전환,금융사 가,금융,"금융사 가 비정형 문서 메타데이터 전환에서 메타데이터 설계 담당(Kafka, SQL, AWS 활용)"
DP0026,W000468,X-0050,2022-02-01,2022-06-30,확정완료,금융사 라2 차세대 데이터 플랫폼 구축,금융사 라2,금융,"금융사 라2 차세대 데이터 플랫폼 구축에서 데이터 이관 담당(Airflow, Hadoop, AWS 활용)"
DP0026,W000469,X-0174,2022-08-01,2022-11-30,확정완료,공공기관 경 공공데이터 개방 플랫폼 구축,공공기관 경,공공,"공공기관 경 공공데이터 개방 플랫폼 구축에서 개방 API 담당(Spark, ETL, Kafka 활용)"
DP0026,W000470,X-0093,2022-12-01,2023-02-28,확정완료,계열사 A 데이터 레이크 고도화,계열사 A,그룹사(대내),"계열사 A 데이터 레이크 고도화에서 데이터 표준화 담당(SQL, ETL, Spark 활용)"
DP0026,W000471,X-0227,2023-04-01,2024-02-29,확정완료,계열사 W 데이터 레이크 고도화,계열사 W,그룹사(대내),"계열사 W 데이터 레이크 고도화에서 데이터 표준화 담당(ETL, AWS, Spark 활용)"
DP0026,W000472,X-0183,2024-05-01,2024-06-30,확정완료,계열사 I 데이터 거버넌스 구축,계열사 I,그룹사(대내),"계열사 I 데이터 거버넌스 구축에서 배치 운영 담당(Spark, AWS, Scala 활용)"
DP0026,W000473,X-0235,2024-07-01,2025-01-31,확정완료,금융사 파 차세대 데이터 플랫폼 구축,금융사 파,금융,"금융사 파 차세대 데이터 플랫폼 구축에서 데이터 이관 담당(SQL, Kafka, Spark 활용)"
DP0026,W000474,X-0063,2025-02-01,2025-09-30,확정완료,금융사 타 차세대 데이터 플랫폼 구축,금융사 타,금융,"금융사 타 차세대 데이터 플랫폼 구축에서 메타데이터 설계 담당(Kafka, Python, Hadoop 활용)"
DP0026,W000475,X-0108,2025-10-01,2025-12-31,확정완료,계열사 V 데이터 거버넌스 구축,계열사 V,그룹사(대내),"계열사 V 데이터 거버넌스 구축에서 카탈로그 구축 담당(Scala, Spark, ETL 활용)"
DP0026,W000476,X-0203,2026-02-01,2026-07-31,확정완료,계열사 O 데이터 거버넌스 구축,계열사 O,그룹사(대내),"계열사 O 데이터 거버넌스 구축에서 데이터 표준화 담당(Airflow, Scala, Spark 활용)"
DP0026,W000477,X-0144,2026-08-01,2026-09-30,진행중,공공기관 병 공공데이터 개방 플랫폼 구축,공공기관 병,공공,"공공기관 병 공공데이터 개방 플랫폼 구축에서 개방 API 담당(Hadoop, Kafka, AWS 활용)"
DP0027,W000478,X-0098,2020-01-01,2020-10-31,확정완료,금융사 파2 비정형 문서 메타데이터 전환,금융사 파2,금융,"금융사 파2 비정형 문서 메타데이터 전환에서 데이터 이관 담당(BI Reporting, 데이터 모델링, 메타데이터 관리 활용)"
DP0027,W000479,X-0121,2020-11-01,2021-06-30,확정완료,계열사 A 데이터 레이크 고도화,계열사 A,그룹사(대내),"계열사 A 데이터 레이크 고도화에서 배치 운영 담당(데이터 모델링, 메타데이터 관리, BI Reporting 활용)"
DP0027,W000480,X-0208,2021-07-01,2021-12-31,확정완료,계열사 G 데이터 레이크 고도화,계열사 G,그룹사(대내),"계열사 G 데이터 레이크 고도화에서 데이터 표준화 담당(데이터 모델링, 메타데이터 관리, SQL 활용)"
DP0027,W000481,X-0208,2022-01-01,2022-04-30,미등록,계열사 G 데이터 레이크 고도화,계열사 G,그룹사(대내),"계열사 G 데이터 레이크 고도화에서 데이터 표준화 담당(BI Reporting, 데이터 모델링, SQL 활용)"
DP0027,W000482,X-0128,2022-05-01,2022-10-31,확정완료,공공기관 갑 공공데이터 개방 플랫폼 구축,공공기관 갑,공공,"공공기관 갑 공공데이터 개방 플랫폼 구축에서 데이터 정제 담당(메타데이터 관리, BI Reporting, SQL 활용)"
DP0027,W000483,X-0141,2022-11-01,2023-10-31,미등록,금융사 마2 데이터 마트 구축,금융사 마2,금융,"금융사 마2 데이터 마트 구축에서 적재 파이프라인 담당(메타데이터 관리, SQL, BI Reporting 활용)"
DP0027,W000484,X-0044,2023-11-01,2023-12-31,확정완료,금융사 라2 비정형 문서 메타데이터 전환,금융사 라2,금융,"금융사 라2 비정형 문서 메타데이터 전환에서 데이터 이관 담당(데이터 모델링, SQL, BI Reporting 활용)"
DP0027,W000485,X-0132,2024-01-01,2024-06-30,확정완료,계열사 P 데이터 거버넌스 구축,계열사 P,그룹사(대내),"계열사 P 데이터 거버넌스 구축에서 배치 운영 담당(BI Reporting, 데이터 모델링, 메타데이터 관리 활용)"
DP0027,W000486,X-0132,2024-07-01,2024-09-30,확정완료,계열사 P 데이터 거버넌스 구축,계열사 P,그룹사(대내),"계열사 P 데이터 거버넌스 구축에서 배치 운영 담당(BI Reporting, 메타데이터 관리, 데이터 모델링 활용)"
DP0027,W000487,X-0038,2024-12-01,2024-12-31,확정완료,계열사 F 데이터 거버넌스 구축,계열사 F,그룹사(대내),"계열사 F 데이터 거버넌스 구축에서 데이터 표준화 담당(데이터 모델링, BI Reporting, 메타데이터 관리 활용)"
DP0027,W000488,X-0006,2025-01-01,2025-02-28,확정완료,금융사 자2 데이터 마트 구축,금융사 자2,금융,"금융사 자2 데이터 마트 구축에서 적재 파이프라인 담당(BI Reporting, SQL, 데이터 모델링 활용)"
DP0027,W000489,X-0027,2025-05-01,2025-07-31,미등록,계열사 Q 데이터 레이크 고도화,계열사 Q,그룹사(대내),"계열사 Q 데이터 레이크 고도화에서 카탈로그 구축 담당(SQL, BI Reporting, 데이터 모델링 활용)"
DP0027,W000490,X-0108,2025-08-01,2026-01-31,확정완료,계열사 V 데이터 거버넌스 구축,계열사 V,그룹사(대내),"계열사 V 데이터 거버넌스 구축에서 카탈로그 구축 담당(SQL, 메타데이터 관리, BI Reporting 활용)"
DP0027,W000491,X-0108,2026-03-01,2026-03-31,미등록,계열사 V 데이터 거버넌스 구축,계열사 V,그룹사(대내),"계열사 V 데이터 거버넌스 구축에서 카탈로그 구축 담당(BI Reporting, 메타데이터 관리, SQL 활용)"
DP0027,W000492,X-0031,2026-04-01,2026-09-30,진행중,금융사 하2 비정형 문서 메타데이터 전환,금융사 하2,금융,"금융사 하2 비정형 문서 메타데이터 전환에서 메타데이터 설계 담당(데이터 모델링, BI Reporting, SQL 활용)"
DP0028,W000518,X-0005,2016-10-01,2016-12-31,확정완료,금융사 라2 차세대 데이터 플랫폼 구축,금융사 라2,금융,"금융사 라2 차세대 데이터 플랫폼 구축에서 적재 파이프라인 담당(비정형 문서 처리(OCR), 검색엔진, Text Analysis 활용)"
DP0028,W000519,X-0075,2017-01-01,2017-02-28,확정완료,계열사 I 데이터 레이크 고도화,계열사 I,그룹사(대내),"계열사 I 데이터 레이크 고도화에서 카탈로그 구축 담당(Text Analysis, 메타데이터 관리, 검색엔진 활용)"
DP0028,W000520,X-0142,2017-03-01,2017-03-31,미등록,계열사 S 데이터 거버넌스 구축,계열사 S,그룹사(대내),"계열사 S 데이터 거버넌스 구축에서 배치 운영 담당(검색엔진, Python, ETL 활용)"
DP0028,W000521,X-0051,2017-06-01,2017-11-30,확정완료,계열사 S 데이터 레이크 고도화,계열사 S,그룹사(대내),"계열사 S 데이터 레이크 고도화에서 데이터 표준화 담당(Text Analysis, 비정형 문서 처리(OCR), 검색엔진 활용)"
DP0028,W000522,X-0160,2018-01-01,2018-07-31,확정완료,금융사 나 차세대 데이터 플랫폼 구축,금융사 나,금융,"금융사 나 차세대 데이터 플랫폼 구축에서 메타데이터 설계 담당(Text Analysis, 비정형 문서 처리(OCR), 검색엔진 활용)"
DP0028,W000523,X-0160,2018-08-01,2018-10-31,확정완료,금융사 나 차세대 데이터 플랫폼 구축,금융사 나,금융,"금융사 나 차세대 데이터 플랫폼 구축에서 메타데이터 설계 담당(비정형 문서 처리(OCR), 검색엔진, Python 활용)"
DP0028,W000524,X-0017,2018-11-01,2018-11-30,확정완료,공공기관 기 공공데이터 개방 플랫폼 구축,공공기관 기,공공,"공공기관 기 공공데이터 개방 플랫폼 구축에서 데이터 정제 담당(Python, 비정형 문서 처리(OCR), Text Analysis 활용)"
DP0028,W000525,X-0205,2018-12-01,2019-10-31,확정완료,금융사 가2 차세대 데이터 플랫폼 구축,금융사 가2,금융,"금융사 가2 차세대 데이터 플랫폼 구축에서 메타데이터 설계 담당(검색엔진, ETL, 비정형 문서 처리(OCR) 활용)"
DP0028,W000526,X-0098,2019-11-01,2020-02-29,확정완료,금융사 파2 비정형 문서 메타데이터 전환,금융사 파2,금융,"금융사 파2 비정형 문서 메타데이터 전환에서 데이터 이관 담당(Text Analysis, 검색엔진, ETL 활용)"
DP0028,W000527,X-0181,2020-03-01,2020-08-31,확정완료,계열사 S 데이터 레이크 고도화,계열사 S,그룹사(대내),"계열사 S 데이터 레이크 고도화에서 카탈로그 구축 담당(Text Analysis, 비정형 문서 처리(OCR), Python 활용)"
DP0028,W000528,X-0180,2020-09-01,2021-03-31,확정완료,금융사 아 데이터 마트 구축,금융사 아,금융,"금융사 아 데이터 마트 구축에서 데이터 이관 담당(Text Analysis, 메타데이터 관리, 비정형 문서 처리(OCR) 활용)"
DP0028,W000529,X-0061,2021-05-01,2021-08-31,확정완료,금융사 가 차세대 데이터 플랫폼 구축,금융사 가,금융,"금융사 가 차세대 데이터 플랫폼 구축에서 적재 파이프라인 담당(검색엔진, 메타데이터 관리, Text Analysis 활용)"
DP0028,W000530,X-0174,2021-10-01,2022-03-31,미등록,공공기관 경 공공데이터 개방 플랫폼 구축,공공기관 경,공공,"공공기관 경 공공데이터 개방 플랫폼 구축에서 개방 API 담당(Python, 비정형 문서 처리(OCR), Text Analysis 활용)"
DP0028,W000531,X-0206,2022-05-01,2022-11-30,미등록,계열사 E 데이터 거버넌스 구축,계열사 E,그룹사(대내),"계열사 E 데이터 거버넌스 구축에서 카탈로그 구축 담당(검색엔진, Text Analysis, ETL 활용)"
DP0028,W000532,X-0128,2022-12-01,2022-12-31,미등록,공공기관 갑 공공데이터 개방 플랫폼 구축,공공기관 갑,공공,"공공기관 갑 공공데이터 개방 플랫폼 구축에서 데이터 정제 담당(비정형 문서 처리(OCR), 검색엔진, Text Analysis 활용)"
DP0028,W000533,X-0050,2023-02-01,2023-04-30,확정완료,금융사 라2 차세대 데이터 플랫폼 구축,금융사 라2,금융,"금융사 라2 차세대 데이터 플랫폼 구축에서 데이터 이관 담당(검색엔진, 비정형 문서 처리(OCR), 메타데이터 관리 활용)"
DP0028,W000534,X-0080,2023-05-01,2023-12-31,확정완료,계열사 J 데이터 레이크 고도화,계열사 J,그룹사(대내),"계열사 J 데이터 레이크 고도화에서 배치 운영 담당(비정형 문서 처리(OCR), 메타데이터 관리, Python 활용)"
DP0028,W000535,X-0028,2024-01-01,2024-09-30,확정완료,계열사 B 데이터 거버넌스 구축,계열사 B,그룹사(대내),"계열사 B 데이터 거버넌스 구축에서 배치 운영 담당(ETL, 검색엔진, 메타데이터 관리 활용)"
DP0028,W000536,X-0225,2024-12-01,2025-03-31,확정완료,금융사 카 차세대 데이터 플랫폼 구축,금융사 카,금융,"금융사 카 차세대 데이터 플랫폼 구축에서 적재 파이프라인 담당(메타데이터 관리, Text Analysis, 비정형 문서 처리(OCR) 활용)"
DP0028,W000537,X-0241,2025-05-01,2025-06-30,확정완료,계열사 X 데이터 레이크 고도화,계열사 X,그룹사(대내),"계열사 X 데이터 레이크 고도화에서 데이터 표준화 담당(Text Analysis, 검색엔진, Python 활용)"
DP0028,W000538,X-0178,2025-09-01,2025-11-30,미등록,금융사 라 데이터 마트 구축,금융사 라,금융,"금융사 라 데이터 마트 구축에서 데이터 이관 담당(Text Analysis, 비정형 문서 처리(OCR), 검색엔진 활용)"
DP0028,W000539,X-0087,2026-01-01,2026-08-31,확정완료,계열사 K 데이터 레이크 고도화,계열사 K,그룹사(대내),"계열사 K 데이터 레이크 고도화에서 배치 운영 담당(검색엔진, ETL, 비정형 문서 처리(OCR) 활용)"
DP0028,W000540,X-0211,2026-09-01,2026-09-30,진행중,금융사 라2 비정형 문서 메타데이터 전환,금융사 라2,금융,"금융사 라2 비정형 문서 메타데이터 전환에서 데이터 이관 담당(Python, 메타데이터 관리, 검색엔진 활용)"
DP0029,W000547,X-0062,2016-10-01,2016-10-31,확정완료,금융사 라 차세대 데이터 플랫폼 구축,금융사 라,금융,"금융사 라 차세대 데이터 플랫폼 구축에서 메타데이터 설계 담당(Airflow, Kafka, Spark 활용)"
DP0029,W000548,X-0056,2017-01-01,2017-10-31,확정완료,계열사 N 데이터 레이크 고도화,계열사 N,그룹사(대내),"계열사 N 데이터 레이크 고도화에서 데이터 표준화 담당(Hadoop, ETL, Scala 활용)"
DP0029,W000549,X-0043,2017-11-01,2018-02-28,확정완료,계열사 Y 데이터 거버넌스 구축,계열사 Y,그룹사(대내),"계열사 Y 데이터 거버넌스 구축에서 배치 운영 담당(Scala, AWS, Airflow 활용)"
DP0029,W000550,X-0165,2018-04-01,2018-07-31,확정완료,공공기관 정 공공데이터 개방 플랫폼 구축,공공기관 정,공공,"공공기관 정 공공데이터 개방 플랫폼 구축에서 데이터 정제 담당(SQL, Spark, Kafka 활용)"
DP0029,W000551,X-0084,2018-10-01,2019-02-28,확정완료,금융사 바2 비정형 문서 메타데이터 전환,금융사 바2,금융,"금융사 바2 비정형 문서 메타데이터 전환에서 데이터 이관 담당(Airflow, Python, Spark 활용)"
DP0029,W000552,X-0177,2019-03-01,2019-05-31,미등록,금융사 다 데이터 마트 구축,금융사 다,금융,"금융사 다 데이터 마트 구축에서 적재 파이프라인 담당(Airflow, Scala, SQL 활용)"
DP0029,W000553,X-0243,2019-06-01,2019-11-30,미등록,계열사 B 데이터 레이크 고도화,계열사 B,그룹사(대내),"계열사 B 데이터 레이크 고도화에서 배치 운영 담당(ETL, Scala, Airflow 활용)"
DP0029,W000554,X-0124,2020-01-01,2020-02-29,확정완료,공공기관 정 공공데이터 개방 플랫폼 구축,공공기관 정,공공,"공공기관 정 공공데이터 개방 플랫폼 구축에서 개방 API 담당(Scala, AWS, SQL 활용)"
DP0029,W000555,X-0189,2020-03-01,2020-05-31,확정완료,금융사 파 차세대 데이터 플랫폼 구축,금융사 파,금융,"금융사 파 차세대 데이터 플랫폼 구축에서 데이터 이관 담당(Scala, AWS, Kafka 활용)"
DP0029,W000556,X-0180,2020-06-01,2021-02-28,확정완료,금융사 아 데이터 마트 구축,금융사 아,금융,"금융사 아 데이터 마트 구축에서 데이터 이관 담당(Python, Spark, AWS 활용)"
DP0029,W000557,X-0198,2021-05-01,2021-06-30,확정완료,계열사 R 데이터 거버넌스 구축,계열사 R,그룹사(대내),"계열사 R 데이터 거버넌스 구축에서 카탈로그 구축 담당(Airflow, ETL, Kafka 활용)"
DP0029,W000558,X-0061,2021-07-01,2022-04-30,확정완료,금융사 가 차세대 데이터 플랫폼 구축,금융사 가,금융,"금융사 가 차세대 데이터 플랫폼 구축에서 적재 파이프라인 담당(Kafka, SQL, Spark 활용)"
DP0029,W000559,X-0128,2022-05-01,2022-12-31,확정완료,공공기관 갑 공공데이터 개방 플랫폼 구축,공공기관 갑,공공,"공공기관 갑 공공데이터 개방 플랫폼 구축에서 데이터 정제 담당(AWS, Spark, Python 활용)"
DP0029,W000560,X-0050,2023-01-01,2023-04-30,확정완료,금융사 라2 차세대 데이터 플랫폼 구축,금융사 라2,금융,"금융사 라2 차세대 데이터 플랫폼 구축에서 데이터 이관 담당(Hadoop, Scala, SQL 활용)"
DP0029,W000561,X-0093,2023-05-01,2023-09-30,확정완료,계열사 A 데이터 레이크 고도화,계열사 A,그룹사(대내),"계열사 A 데이터 레이크 고도화에서 데이터 표준화 담당(Python, Spark, AWS 활용)"
DP0029,W000562,X-0227,2023-10-01,2024-02-29,확정완료,계열사 W 데이터 레이크 고도화,계열사 W,그룹사(대내),"계열사 W 데이터 레이크 고도화에서 데이터 표준화 담당(Airflow, ETL, Scala 활용)"
DP0029,W000563,X-0072,2024-04-01,2024-09-30,확정완료,계열사 E 데이터 거버넌스 구축,계열사 E,그룹사(대내),"계열사 E 데이터 거버넌스 구축에서 데이터 표준화 담당(Spark, Kafka, Python 활용)"
DP0029,W000564,X-0239,2024-11-01,2025-04-30,확정완료,계열사 Y 데이터 레이크 고도화,계열사 Y,그룹사(대내),"계열사 Y 데이터 레이크 고도화에서 카탈로그 구축 담당(Scala, SQL, ETL 활용)"
DP0029,W000565,X-0194,2025-05-01,2025-08-31,확정완료,계열사 D 데이터 레이크 고도화,계열사 D,그룹사(대내),"계열사 D 데이터 레이크 고도화에서 카탈로그 구축 담당(Kafka, Airflow, ETL 활용)"
DP0029,W000566,X-0020,2025-09-01,2025-11-30,확정완료,계열사 D 데이터 거버넌스 구축,계열사 D,그룹사(대내),"계열사 D 데이터 거버넌스 구축에서 배치 운영 담당(Airflow, ETL, Scala 활용)"
DP0029,W000567,X-0007,2025-12-01,2026-08-31,확정완료,금융사 차 차세대 데이터 플랫폼 구축,금융사 차,금융,"금융사 차 차세대 데이터 플랫폼 구축에서 메타데이터 설계 담당(Hadoop, SQL, Airflow 활용)"
DP0030,W000568,X-0169,2018-12-01,2018-12-31,확정완료,금융사 타 차세대 데이터 플랫폼 구축,금융사 타,금융,"금융사 타 차세대 데이터 플랫폼 구축에서 적재 파이프라인 담당(Hadoop, Kafka, Spark 활용)"
DP0030,W000569,X-0095,2019-01-01,2019-06-30,확정완료,공공기관 병 공공데이터 개방 플랫폼 구축,공공기관 병,공공,"공공기관 병 공공데이터 개방 플랫폼 구축에서 데이터 정제 담당(Spark, ETL, Hadoop 활용)"
DP0030,W000570,X-0204,2019-07-01,2019-09-30,확정완료,금융사 사2 차세대 데이터 플랫폼 구축,금융사 사2,금융,"금융사 사2 차세대 데이터 플랫폼 구축에서 데이터 이관 담당(Airflow, Kafka, Spark 활용)"
DP0030,W000571,X-0124,2019-10-01,2020-02-29,확정완료,공공기관 정 공공데이터 개방 플랫폼 구축,공공기관 정,공공,"공공기관 정 공공데이터 개방 플랫폼 구축에서 개방 API 담당(AWS, Python, ETL 활용)"
DP0030,W000572,X-0180,2020-04-01,2020-12-31,확정완료,금융사 아 데이터 마트 구축,금융사 아,금융,"금융사 아 데이터 마트 구축에서 데이터 이관 담당(ETL, Kafka, Hadoop 활용)"
DP0030,W000573,X-0112,2021-02-01,2021-12-31,확정완료,금융사 가 비정형 문서 메타데이터 전환,금융사 가,금융,"금융사 가 비정형 문서 메타데이터 전환에서 메타데이터 설계 담당(Scala, Kafka, Hadoop 활용)"
DP0030,W000574,X-0061,2022-01-01,2022-04-30,확정완료,금융사 가 차세대 데이터 플랫폼 구축,금융사 가,금융,"금융사 가 차세대 데이터 플랫폼 구축에서 적재 파이프라인 담당(Scala, Kafka, ETL 활용)"
DP0030,W000575,X-0050,2022-05-01,2023-03-31,확정완료,금융사 라2 차세대 데이터 플랫폼 구축,금융사 라2,금융,"금융사 라2 차세대 데이터 플랫폼 구축에서 데이터 이관 담당(Kafka, SQL, Airflow 활용)"
DP0030,W000576,X-0080,2023-06-01,2024-03-31,미등록,계열사 J 데이터 레이크 고도화,계열사 J,그룹사(대내),"계열사 J 데이터 레이크 고도화에서 배치 운영 담당(ETL, Kafka, Scala 활용)"
DP0030,W000577,X-0235,2024-04-01,2024-07-31,확정완료,금융사 파 차세대 데이터 플랫폼 구축,금융사 파,금융,"금융사 파 차세대 데이터 플랫폼 구축에서 데이터 이관 담당(Hadoop, SQL, Airflow 활용)"
DP0030,W000578,X-0100,2024-10-01,2024-11-30,확정완료,금융사 하 데이터 마트 구축,금융사 하,금융,"금융사 하 데이터 마트 구축에서 메타데이터 설계 담당(Spark, SQL, Airflow 활용)"
DP0030,W000579,X-0027,2025-06-01,2025-07-31,확정완료,계열사 Q 데이터 레이크 고도화,계열사 Q,그룹사(대내),"계열사 Q 데이터 레이크 고도화에서 카탈로그 구축 담당(ETL, Hadoop, SQL 활용)"
DP0030,W000580,X-0091,2025-08-01,2025-11-30,확정완료,금융사 가2 비정형 문서 메타데이터 전환,금융사 가2,금융,"금융사 가2 비정형 문서 메타데이터 전환에서 데이터 이관 담당(Hadoop, AWS, Spark 활용)"
DP0030,W000581,X-0108,2026-02-01,2026-03-31,확정완료,계열사 V 데이터 거버넌스 구축,계열사 V,그룹사(대내),"계열사 V 데이터 거버넌스 구축에서 카탈로그 구축 담당(Kafka, Scala, Python 활용)"
DP0030,W000582,X-0065,2026-04-01,2026-09-30,진행중,금융사 카 차세대 데이터 플랫폼 구축,금융사 카,금융,"금융사 카 차세대 데이터 플랫폼 구축에서 적재 파이프라인 담당(Hadoop, SQL, Airflow 활용)"
DP0031,W000592,X-0245,2016-10-01,2017-03-31,확정완료,계열사 Y 데이터 레이크 고도화,계열사 Y,그룹사(대내),"계열사 Y 데이터 레이크 고도화에서 배치 운영 담당(AWS, Hadoop, Kubernetes 활용)"
DP0031,W000593,X-0056,2017-05-01,2017-09-30,확정완료,계열사 N 데이터 레이크 고도화,계열사 N,그룹사(대내),"계열사 N 데이터 레이크 고도화에서 데이터 표준화 담당(Private Cloud, Data Lake & Data Catalog, Kubernetes 활용)"
DP0031,W000594,X-0165,2017-11-01,2018-07-31,확정완료,공공기관 정 공공데이터 개방 플랫폼 구축,공공기관 정,공공,"공공기관 정 공공데이터 개방 플랫폼 구축에서 데이터 정제 담당(AWS, Kafka, Private Cloud 활용)"
DP0031,W000595,X-0088,2018-09-01,2018-12-31,확정완료,계열사 R 데이터 거버넌스 구축,계열사 R,그룹사(대내),"계열사 R 데이터 거버넌스 구축에서 데이터 표준화 담당(Private Cloud, Kafka, Hadoop 활용)"
DP0031,W000596,X-0205,2019-02-01,2019-08-31,확정완료,금융사 가2 차세대 데이터 플랫폼 구축,금융사 가2,금융,"금융사 가2 차세대 데이터 플랫폼 구축에서 메타데이터 설계 담당(Private Cloud, Data Lake & Data Catalog, Docker 활용)"
DP0031,W000597,X-0204,2019-09-01,2019-11-30,확정완료,금융사 사2 차세대 데이터 플랫폼 구축,금융사 사2,금융,"금융사 사2 차세대 데이터 플랫폼 구축에서 데이터 이관 담당(Kafka, Data Lake & Data Catalog, Hadoop 활용)"
DP0031,W000598,X-0124,2019-12-01,2020-02-29,확정완료,공공기관 정 공공데이터 개방 플랫폼 구축,공공기관 정,공공,"공공기관 정 공공데이터 개방 플랫폼 구축에서 개방 API 담당(Hadoop, Kafka, Private Cloud 활용)"
DP0031,W000599,X-0121,2020-05-01,2021-01-31,확정완료,계열사 A 데이터 레이크 고도화,계열사 A,그룹사(대내),"계열사 A 데이터 레이크 고도화에서 배치 운영 담당(Private Cloud, Docker, Kafka 활용)"
DP0031,W000600,X-0112,2021-04-01,2021-10-31,확정완료,금융사 가 비정형 문서 메타데이터 전환,금융사 가,금융,"금융사 가 비정형 문서 메타데이터 전환에서 메타데이터 설계 담당(Hadoop, Private Cloud, AWS 활용)"
DP0031,W000601,X-0111,2021-12-01,2021-12-31,미등록,금융사 타2 차세대 데이터 플랫폼 구축,금융사 타2,금융,"금융사 타2 차세대 데이터 플랫폼 구축에서 적재 파이프라인 담당(Private Cloud, Hadoop, Docker 활용)"
DP0031,W000602,X-0221,2022-03-01,2022-10-31,확정완료,금융사 마 차세대 데이터 플랫폼 구축,금융사 마,금융,"금융사 마 차세대 데이터 플랫폼 구축에서 데이터 이관 담당(AWS, Private Cloud, Hadoop 활용)"
DP0031,W000603,X-0093,2023-01-01,2023-06-30,확정완료,계열사 A 데이터 레이크 고도화,계열사 A,그룹사(대내),"계열사 A 데이터 레이크 고도화에서 데이터 표준화 담당(Data Lake & Data Catalog, Kafka, Hadoop 활용)"
DP0031,W000604,X-0163,2023-07-01,2023-12-31,확정완료,계열사 L 데이터 레이크 고도화,계열사 L,그룹사(대내),"계열사 L 데이터 레이크 고도화에서 배치 운영 담당(Hadoop, Data Lake & Data Catalog, Private Cloud 활용)"
DP0031,W000605,X-0225,2024-02-01,2024-11-30,확정완료,금융사 카 차세대 데이터 플랫폼 구축,금융사 카,금융,"금융사 카 차세대 데이터 플랫폼 구축에서 적재 파이프라인 담당(Data Lake & Data Catalog, Kafka, Hadoop 활용)"
DP0031,W000606,X-0235,2024-12-01,2024-12-31,확정완료,금융사 파 차세대 데이터 플랫폼 구축,금융사 파,금융,"금융사 파 차세대 데이터 플랫폼 구축에서 데이터 이관 담당(Kubernetes, Docker, Private Cloud 활용)"
DP0031,W000607,X-0063,2025-04-01,2025-11-30,확정완료,금융사 타 차세대 데이터 플랫폼 구축,금융사 타,금융,"금융사 타 차세대 데이터 플랫폼 구축에서 메타데이터 설계 담당(Kafka, Docker, Private Cloud 활용)"
DP0031,W000608,X-0089,2025-12-01,2026-05-31,확정완료,공공기관 병 공공데이터 개방 플랫폼 구축,공공기관 병,공공,"공공기관 병 공공데이터 개방 플랫폼 구축에서 개방 API 담당(Docker, Hadoop, Private Cloud 활용)"
DP0031,W000609,X-0031,2026-08-01,2026-09-30,진행중,금융사 하2 비정형 문서 메타데이터 전환,금융사 하2,금융,"금융사 하2 비정형 문서 메타데이터 전환에서 메타데이터 설계 담당(Private Cloud, AWS, Kubernetes 활용)"
DP0032,W000610,X-0051,2017-01-01,2017-07-31,확정완료,계열사 S 데이터 레이크 고도화,계열사 S,그룹사(대내),"계열사 S 데이터 레이크 고도화에서 데이터 표준화 담당(데이터 모델링, 메타데이터 관리, BI Reporting 활용)"
DP0032,W000611,X-0190,2017-08-01,2017-12-31,확정완료,계열사 N 데이터 레이크 고도화,계열사 N,그룹사(대내),"계열사 N 데이터 레이크 고도화에서 배치 운영 담당(BI Reporting, Data Lake & Data Catalog, 메타데이터 관리 활용)"
DP0032,W000612,X-0005,2018-01-01,2018-01-31,확정완료,금융사 라2 차세대 데이터 플랫폼 구축,금융사 라2,금융,"금융사 라2 차세대 데이터 플랫폼 구축에서 적재 파이프라인 담당(데이터 모델링, Data Lake & Data Catalog, BI Reporting 활용)"
DP0032,W000613,X-0023,2018-02-01,2018-10-31,확정완료,금융사 하 차세대 데이터 플랫폼 구축,금융사 하,금융,"금융사 하 차세대 데이터 플랫폼 구축에서 데이터 이관 담당(SQL, BI Reporting, 메타데이터 관리 활용)"
DP0032,W000614,X-0088,2019-01-01,2019-04-30,확정완료,계열사 R 데이터 거버넌스 구축,계열사 R,그룹사(대내),"계열사 R 데이터 거버넌스 구축에서 데이터 표준화 담당(데이터 모델링, SQL, 메타데이터 관리 활용)"
DP0032,W000615,X-0172,2019-05-01,2019-08-31,미등록,계열사 G 데이터 레이크 고도화,계열사 G,그룹사(대내),"계열사 G 데이터 레이크 고도화에서 카탈로그 구축 담당(메타데이터 관리, 데이터 모델링, Data Lake & Data Catalog 활용)"
DP0032,W000616,X-0001,2019-11-01,2019-12-31,확정완료,금융사 카 차세대 데이터 플랫폼 구축,금융사 카,금융,"금융사 카 차세대 데이터 플랫폼 구축에서 메타데이터 설계 담당(BI Reporting, 데이터 모델링, SQL 활용)"
DP0032,W000617,X-0193,2020-01-01,2020-02-29,확정완료,금융사 가 차세대 데이터 플랫폼 구축,금융사 가,금융,"금융사 가 차세대 데이터 플랫폼 구축에서 메타데이터 설계 담당(SQL, 데이터 모델링, 메타데이터 관리 활용)"
DP0032,W000618,X-0189,2020-05-01,2020-10-31,미등록,금융사 파 차세대 데이터 플랫폼 구축,금융사 파,금융,"금융사 파 차세대 데이터 플랫폼 구축에서 데이터 이관 담당(Data Lake & Data Catalog, SQL, 데이터 모델링 활용)"
DP0032,W000619,X-0180,2020-11-01,2021-06-30,확정완료,금융사 아 데이터 마트 구축,금융사 아,금융,"금융사 아 데이터 마트 구축에서 데이터 이관 담당(메타데이터 관리, Data Lake & Data Catalog, SQL 활용)"
DP0032,W000620,X-0128,2021-09-01,2022-04-30,확정완료,공공기관 갑 공공데이터 개방 플랫폼 구축,공공기관 갑,공공,"공공기관 갑 공공데이터 개방 플랫폼 구축에서 데이터 정제 담당(Data Lake & Data Catalog, SQL, BI Reporting 활용)"
DP0032,W000621,X-0050,2022-05-01,2022-10-31,확정완료,금융사 라2 차세대 데이터 플랫폼 구축,금융사 라2,금융,"금융사 라2 차세대 데이터 플랫폼 구축에서 데이터 이관 담당(메타데이터 관리, BI Reporting, 데이터 모델링 활용)"
DP0032,W000622,X-0227,2022-12-01,2023-10-31,확정완료,계열사 W 데이터 레이크 고도화,계열사 W,그룹사(대내),"계열사 W 데이터 레이크 고도화에서 데이터 표준화 담당(Data Lake & Data Catalog, SQL, BI Reporting 활용)"
DP0032,W000623,X-0080,2023-11-01,2024-06-30,미등록,계열사 J 데이터 레이크 고도화,계열사 J,그룹사(대내),"계열사 J 데이터 레이크 고도화에서 배치 운영 담당(BI Reporting, SQL, Data Lake & Data Catalog 활용)"
DP0032,W000624,X-0047,2024-07-01,2024-10-31,확정완료,계열사 H 데이터 거버넌스 구축,계열사 H,그룹사(대내),"계열사 H 데이터 거버넌스 구축에서 데이터 표준화 담당(SQL, 메타데이터 관리, Data Lake & Data Catalog 활용)"
DP0032,W000625,X-0178,2025-01-01,2025-07-31,확정완료,금융사 라 데이터 마트 구축,금융사 라,금융,"금융사 라 데이터 마트 구축에서 데이터 이관 담당(메타데이터 관리, SQL, BI Reporting 활용)"
DP0032,W000626,X-0065,2025-08-01,2025-12-31,미등록,금융사 카 차세대 데이터 플랫폼 구축,금융사 카,금융,"금융사 카 차세대 데이터 플랫폼 구축에서 적재 파이프라인 담당(SQL, Data Lake & Data Catalog, BI Reporting 활용)"
DP0032,W000627,X-0007,2026-03-01,2026-05-31,확정완료,금융사 차 차세대 데이터 플랫폼 구축,금융사 차,금융,"금융사 차 차세대 데이터 플랫폼 구축에서 메타데이터 설계 담당(Data Lake & Data Catalog, BI Reporting, SQL 활용)"
DP0032,W000628,X-0031,2026-07-01,2026-09-30,진행중,금융사 하2 비정형 문서 메타데이터 전환,금융사 하2,금융,"금융사 하2 비정형 문서 메타데이터 전환에서 메타데이터 설계 담당(Data Lake & Data Catalog, SQL, BI Reporting 활용)"
DP0033,W000631,X-0136,2016-10-01,2016-10-31,확정완료,금융사 사2 차세대 데이터 플랫폼 구축,금융사 사2,금융,"금융사 사2 차세대 데이터 플랫폼 구축에서 데이터 이관 담당(Python, Text Analysis, ETL 활용)"
DP0033,W000632,X-0192,2016-11-01,2017-04-30,확정완료,금융사 나2 비정형 문서 메타데이터 전환,금융사 나2,금융,"금융사 나2 비정형 문서 메타데이터 전환에서 메타데이터 설계 담당(Text Analysis, Python, 비정형 문서 처리(OCR) 활용)"
DP0033,W000633,X-0043,2017-06-01,2018-02-28,확정완료,계열사 Y 데이터 거버넌스 구축,계열사 Y,그룹사(대내),"계열사 Y 데이터 거버넌스 구축에서 배치 운영 담당(비정형 문서 처리(OCR), 메타데이터 관리, 검색엔진 활용)"
DP0033,W000634,X-0023,2018-04-01,2018-06-30,확정완료,금융사 하 차세대 데이터 플랫폼 구축,금융사 하,금융,"금융사 하 차세대 데이터 플랫폼 구축에서 데이터 이관 담당(Text Analysis, 메타데이터 관리, Python 활용)"
DP0033,W000635,X-0049,2018-07-01,2018-07-31,미등록,계열사 U 데이터 거버넌스 구축,계열사 U,그룹사(대내),"계열사 U 데이터 거버넌스 구축에서 카탈로그 구축 담당(Text Analysis, ETL, 메타데이터 관리 활용)"
DP0033,W000636,X-0023,2018-08-01,2018-10-31,확정완료,금융사 하 차세대 데이터 플랫폼 구축,금융사 하,금융,"금융사 하 차세대 데이터 플랫폼 구축에서 데이터 이관 담당(검색엔진, Text Analysis, Python 활용)"
DP0033,W000637,X-0215,2018-11-01,2018-11-30,확정완료,계열사 P 데이터 레이크 고도화,계열사 P,그룹사(대내),"계열사 P 데이터 레이크 고도화에서 데이터 표준화 담당(검색엔진, ETL, Text Analysis 활용)"
DP0033,W000638,X-0084,2019-01-01,2019-02-28,확정완료,금융사 바2 비정형 문서 메타데이터 전환,금융사 바2,금융,"금융사 바2 비정형 문서 메타데이터 전환에서 데이터 이관 담당(Python, 메타데이터 관리, 검색엔진 활용)"
DP0033,W000639,X-0205,2019-03-01,2019-10-31,미등록,금융사 가2 차세대 데이터 플랫폼 구축,금융사 가2,금융,"금융사 가2 차세대 데이터 플랫폼 구축에서 메타데이터 설계 담당(ETL, 메타데이터 관리, Text Analysis 활용)"
DP0033,W000640,X-0124,2019-12-01,2020-02-29,확정완료,공공기관 정 공공데이터 개방 플랫폼 구축,공공기관 정,공공,"공공기관 정 공공데이터 개방 플랫폼 구축에서 개방 API 담당(ETL, 비정형 문서 처리(OCR), 검색엔진 활용)"
DP0033,W000641,X-0189,2020-03-01,2020-06-30,확정완료,금융사 파 차세대 데이터 플랫폼 구축,금융사 파,금융,"금융사 파 차세대 데이터 플랫폼 구축에서 데이터 이관 담당(Python, 메타데이터 관리, ETL 활용)"
DP0033,W000642,X-0182,2020-07-01,2021-03-31,확정완료,계열사 S 데이터 레이크 고도화,계열사 S,그룹사(대내),"계열사 S 데이터 레이크 고도화에서 데이터 표준화 담당(Python, Text Analysis, 메타데이터 관리 활용)"
DP0033,W000643,X-0085,2021-06-01,2021-12-31,확정완료,금융사 다2 차세대 데이터 플랫폼 구축,금융사 다2,금융,"금융사 다2 차세대 데이터 플랫폼 구축에서 데이터 이관 담당(ETL, Python, 검색엔진 활용)"
DP0033,W000644,X-0206,2022-01-01,2022-05-31,확정완료,계열사 E 데이터 거버넌스 구축,계열사 E,그룹사(대내),"계열사 E 데이터 거버넌스 구축에서 카탈로그 구축 담당(ETL, Text Analysis, 비정형 문서 처리(OCR) 활용)"
DP0033,W000645,X-0221,2022-06-01,2022-10-31,미등록,금융사 마 차세대 데이터 플랫폼 구축,금융사 마,금융,"금융사 마 차세대 데이터 플랫폼 구축에서 데이터 이관 담당(검색엔진, Python, ETL 활용)"
DP0033,W000646,X-0128,2022-12-01,2022-12-31,확정완료,공공기관 갑 공공데이터 개방 플랫폼 구축,공공기관 갑,공공,"공공기관 갑 공공데이터 개방 플랫폼 구축에서 데이터 정제 담당(검색엔진, Python, 비정형 문서 처리(OCR) 활용)"
DP0033,W000647,X-0093,2023-03-01,2023-08-31,확정완료,계열사 A 데이터 레이크 고도화,계열사 A,그룹사(대내),"계열사 A 데이터 레이크 고도화에서 데이터 표준화 담당(ETL, 메타데이터 관리, Text Analysis 활용)"
DP0033,W000648,X-0086,2023-09-01,2024-02-29,확정완료,계열사 I 데이터 레이크 고도화,계열사 I,그룹사(대내),"계열사 I 데이터 레이크 고도화에서 데이터 표준화 담당(비정형 문서 처리(OCR), Python, 검색엔진 활용)"
DP0033,W000649,X-0038,2024-05-01,2024-12-31,확정완료,계열사 F 데이터 거버넌스 구축,계열사 F,그룹사(대내),"계열사 F 데이터 거버넌스 구축에서 데이터 표준화 담당(Text Analysis, Python, ETL 활용)"
DP0033,W000650,X-0157,2025-01-01,2025-05-31,확정완료,계열사 L 데이터 레이크 고도화,계열사 L,그룹사(대내),"계열사 L 데이터 레이크 고도화에서 데이터 표준화 담당(Text Analysis, 검색엔진, Python 활용)"
DP0033,W000651,X-0194,2025-06-01,2025-08-31,확정완료,계열사 D 데이터 레이크 고도화,계열사 D,그룹사(대내),"계열사 D 데이터 레이크 고도화에서 카탈로그 구축 담당(비정형 문서 처리(OCR), 메타데이터 관리, ETL 활용)"
DP0033,W000652,X-0108,2025-09-01,2026-03-31,확정완료,계열사 V 데이터 거버넌스 구축,계열사 V,그룹사(대내),"계열사 V 데이터 거버넌스 구축에서 카탈로그 구축 담당(Python, 비정형 문서 처리(OCR), 메타데이터 관리 활용)"
DP0033,W000653,X-0211,2026-04-01,2026-09-30,진행중,금융사 라2 비정형 문서 메타데이터 전환,금융사 라2,금융,"금융사 라2 비정형 문서 메타데이터 전환에서 데이터 이관 담당(ETL, Text Analysis, 비정형 문서 처리(OCR) 활용)"
DP0034,W000654,X-0182,2020-11-01,2021-02-28,확정완료,계열사 S 데이터 레이크 고도화,계열사 S,그룹사(대내),"계열사 S 데이터 레이크 고도화에서 데이터 표준화 담당(Kubernetes, Data Lake & Data Catalog, Hadoop 활용)"
DP0034,W000655,X-0112,2021-03-01,2022-02-28,확정완료,금융사 가 비정형 문서 메타데이터 전환,금융사 가,금융,"금융사 가 비정형 문서 메타데이터 전환에서 메타데이터 설계 담당(Private Cloud, AWS, Kafka 활용)"
DP0034,W000656,X-0061,2022-04-01,2022-04-30,확정완료,금융사 가 차세대 데이터 플랫폼 구축,금융사 가,금융,"금융사 가 차세대 데이터 플랫폼 구축에서 적재 파이프라인 담당(Kubernetes, Kafka, Hadoop 활용)"
DP0034,W000657,X-0174,2022-05-01,2022-11-30,미등록,공공기관 경 공공데이터 개방 플랫폼 구축,공공기관 경,공공,"공공기관 경 공공데이터 개방 플랫폼 구축에서 개방 API 담당(Private Cloud, Data Lake & Data Catalog, Docker 활용)"
DP0034,W000658,X-0128,2022-12-01,2022-12-31,확정완료,공공기관 갑 공공데이터 개방 플랫폼 구축,공공기관 갑,공공,"공공기관 갑 공공데이터 개방 플랫폼 구축에서 데이터 정제 담당(Data Lake & Data Catalog, AWS, Kubernetes 활용)"
DP0034,W000659,X-0227,2023-01-01,2023-07-31,확정완료,계열사 W 데이터 레이크 고도화,계열사 W,그룹사(대내),"계열사 W 데이터 레이크 고도화에서 데이터 표준화 담당(Data Lake & Data Catalog, Hadoop, AWS 활용)"
DP0034,W000660,X-0038,2023-09-01,2024-06-30,미등록,계열사 F 데이터 거버넌스 구축,계열사 F,그룹사(대내),"계열사 F 데이터 거버넌스 구축에서 데이터 표준화 담당(AWS, Private Cloud, Kafka 활용)"
DP0034,W000661,X-0006,2024-08-01,2024-11-30,확정완료,금융사 자2 데이터 마트 구축,금융사 자2,금융,"금융사 자2 데이터 마트 구축에서 적재 파이프라인 담당(Kafka, Hadoop, Kubernetes 활용)"
DP0034,W000662,X-0178,2025-03-01,2025-11-30,확정완료,금융사 라 데이터 마트 구축,금융사 라,금융,"금융사 라 데이터 마트 구축에서 데이터 이관 담당(Data Lake & Data Catalog, Private Cloud, Hadoop 활용)"
DP0034,W000663,X-0138,2025-12-01,2026-09-30,진행중,계열사 H 데이터 레이크 고도화,계열사 H,그룹사(대내),"계열사 H 데이터 레이크 고도화에서 배치 운영 담당(Private Cloud, Docker, Data Lake & Data Catalog 활용)"
DP0035,W000664,X-0168,2017-11-01,2017-11-30,미등록,계열사 D 데이터 거버넌스 구축,계열사 D,그룹사(대내),"계열사 D 데이터 거버넌스 구축에서 데이터 표준화 담당(메타데이터 관리, 검색엔진, ETL 활용)"
DP0035,W000665,X-0084,2018-02-01,2018-05-31,확정완료,금융사 바2 비정형 문서 메타데이터 전환,금융사 바2,금융,"금융사 바2 비정형 문서 메타데이터 전환에서 데이터 이관 담당(메타데이터 관리, 비정형 문서 처리(OCR), ETL 활용)"
DP0035,W000666,X-0151,2018-07-01,2018-09-30,확정완료,금융사 가2 차세대 데이터 플랫폼 구축,금융사 가2,금융,"금융사 가2 차세대 데이터 플랫폼 구축에서 메타데이터 설계 담당(비정형 문서 처리(OCR), ETL, Python 활용)"
DP0035,W000667,X-0088,2018-10-01,2018-12-31,확정완료,계열사 R 데이터 거버넌스 구축,계열사 R,그룹사(대내),"계열사 R 데이터 거버넌스 구축에서 데이터 표준화 담당(Python, 검색엔진, 메타데이터 관리 활용)"
DP0035,W000668,X-0177,2019-03-01,2019-06-30,확정완료,금융사 다 데이터 마트 구축,금융사 다,금융,"금융사 다 데이터 마트 구축에서 적재 파이프라인 담당(ETL, Python, Text Analysis 활용)"
DP0035,W000669,X-0026,2019-07-01,2019-09-30,확정완료,공공기관 병 공공데이터 개방 플랫폼 구축,공공기관 병,공공,"공공기관 병 공공데이터 개방 플랫폼 구축에서 개방 API 담당(Python, Text Analysis, 비정형 문서 처리(OCR) 활용)"
DP0035,W000670,X-0189,2019-10-01,2020-03-31,확정완료,금융사 파 차세대 데이터 플랫폼 구축,금융사 파,금융,"금융사 파 차세대 데이터 플랫폼 구축에서 데이터 이관 담당(Python, Text Analysis, 비정형 문서 처리(OCR) 활용)"
DP0035,W000671,X-0182,2020-04-01,2020-07-31,확정완료,계열사 S 데이터 레이크 고도화,계열사 S,그룹사(대내),"계열사 S 데이터 레이크 고도화에서 데이터 표준화 담당(Text Analysis, ETL, 비정형 문서 처리(OCR) 활용)"
DP0035,W000672,X-0189,2020-09-01,2020-10-31,미등록,금융사 파 차세대 데이터 플랫폼 구축,금융사 파,금융,"금융사 파 차세대 데이터 플랫폼 구축에서 데이터 이관 담당(Python, Text Analysis, ETL 활용)"
DP0035,W000673,X-0182,2020-11-01,2021-01-31,확정완료,계열사 S 데이터 레이크 고도화,계열사 S,그룹사(대내),"계열사 S 데이터 레이크 고도화에서 데이터 표준화 담당(Python, 검색엔진, ETL 활용)"
DP0035,W000674,X-0182,2021-03-01,2021-03-31,확정완료,계열사 S 데이터 레이크 고도화,계열사 S,그룹사(대내),"계열사 S 데이터 레이크 고도화에서 데이터 표준화 담당(Python, ETL, Text Analysis 활용)"
DP0035,W000675,X-0061,2021-04-01,2021-11-30,확정완료,금융사 가 차세대 데이터 플랫폼 구축,금융사 가,금융,"금융사 가 차세대 데이터 플랫폼 구축에서 적재 파이프라인 담당(메타데이터 관리, ETL, Text Analysis 활용)"
DP0035,W000676,X-0112,2021-12-01,2022-02-28,확정완료,금융사 가 비정형 문서 메타데이터 전환,금융사 가,금융,"금융사 가 비정형 문서 메타데이터 전환에서 메타데이터 설계 담당(Text Analysis, Python, ETL 활용)"
DP0035,W000677,X-0050,2022-03-01,2023-01-31,미등록,금융사 라2 차세대 데이터 플랫폼 구축,금융사 라2,금융,"금융사 라2 차세대 데이터 플랫폼 구축에서 데이터 이관 담당(메타데이터 관리, Python, Text Analysis 활용)"
DP0035,W000678,X-0050,2023-02-01,2023-04-30,확정완료,금융사 라2 차세대 데이터 플랫폼 구축,금융사 라2,금융,"금융사 라2 차세대 데이터 플랫폼 구축에서 데이터 이관 담당(비정형 문서 처리(OCR), Python, 메타데이터 관리 활용)"
DP0035,W000679,X-0093,2023-06-01,2023-10-31,확정완료,계열사 A 데이터 레이크 고도화,계열사 A,그룹사(대내),"계열사 A 데이터 레이크 고도화에서 데이터 표준화 담당(Python, 비정형 문서 처리(OCR), Text Analysis 활용)"
DP0035,W000680,X-0183,2024-01-01,2024-06-30,확정완료,계열사 I 데이터 거버넌스 구축,계열사 I,그룹사(대내),"계열사 I 데이터 거버넌스 구축에서 배치 운영 담당(Text Analysis, 검색엔진, 메타데이터 관리 활용)"
DP0035,W000681,X-0225,2024-08-01,2025-03-31,확정완료,금융사 카 차세대 데이터 플랫폼 구축,금융사 카,금융,"금융사 카 차세대 데이터 플랫폼 구축에서 적재 파이프라인 담당(ETL, 메타데이터 관리, 검색엔진 활용)"
DP0035,W000682,X-0178,2025-05-01,2025-08-31,확정완료,금융사 라 데이터 마트 구축,금융사 라,금융,"금융사 라 데이터 마트 구축에서 데이터 이관 담당(Python, 비정형 문서 처리(OCR), 검색엔진 활용)"
DP0035,W000683,X-0007,2025-11-01,2026-06-30,확정완료,금융사 차 차세대 데이터 플랫폼 구축,금융사 차,금융,"금융사 차 차세대 데이터 플랫폼 구축에서 메타데이터 설계 담당(Text Analysis, 비정형 문서 처리(OCR), Python 활용)"
DP0035,W000684,X-0211,2026-07-01,2026-09-30,진행중,금융사 라2 비정형 문서 메타데이터 전환,금융사 라2,금융,"금융사 라2 비정형 문서 메타데이터 전환에서 데이터 이관 담당(메타데이터 관리, Python, 비정형 문서 처리(OCR) 활용)"
DP0036,W000685,X-0098,2020-10-01,2020-10-31,확정완료,금융사 파2 비정형 문서 메타데이터 전환,금융사 파2,금융,"금융사 파2 비정형 문서 메타데이터 전환에서 데이터 이관 담당(BI Reporting, 메타데이터 관리, 데이터 모델링 활용)"
DP0036,W000686,X-0182,2020-11-01,2021-02-28,확정완료,계열사 S 데이터 레이크 고도화,계열사 S,그룹사(대내),"계열사 S 데이터 레이크 고도화에서 데이터 표준화 담당(BI Reporting, 메타데이터 관리, SQL 활용)"
DP0036,W000687,X-0061,2021-04-01,2021-10-31,확정완료,금융사 가 차세대 데이터 플랫폼 구축,금융사 가,금융,"금융사 가 차세대 데이터 플랫폼 구축에서 적재 파이프라인 담당(데이터 모델링, SQL, 메타데이터 관리 활용)"
DP0036,W000688,X-0147,2022-01-01,2022-03-31,확정완료,금융사 가 차세대 데이터 플랫폼 구축,금융사 가,금융,"금융사 가 차세대 데이터 플랫폼 구축에서 적재 파이프라인 담당(메타데이터 관리, SQL, BI Reporting 활용)"
DP0036,W000689,X-0061,2022-04-01,2022-04-30,확정완료,금융사 가 차세대 데이터 플랫폼 구축,금융사 가,금융,"금융사 가 차세대 데이터 플랫폼 구축에서 적재 파이프라인 담당(데이터 모델링, SQL, BI Reporting 활용)"
DP0036,W000690,X-0174,2022-05-01,2022-10-31,확정완료,공공기관 경 공공데이터 개방 플랫폼 구축,공공기관 경,공공,"공공기관 경 공공데이터 개방 플랫폼 구축에서 개방 API 담당(메타데이터 관리, BI Reporting, 데이터 모델링 활용)"
DP0036,W000691,X-0128,2022-12-01,2022-12-31,미등록,공공기관 갑 공공데이터 개방 플랫폼 구축,공공기관 갑,공공,"공공기관 갑 공공데이터 개방 플랫폼 구축에서 데이터 정제 담당(BI Reporting, SQL, 메타데이터 관리 활용)"
DP0036,W000692,X-0141,2023-01-01,2023-12-31,확정완료,금융사 마2 데이터 마트 구축,금융사 마2,금융,"금융사 마2 데이터 마트 구축에서 적재 파이프라인 담당(데이터 모델링, 메타데이터 관리, BI Reporting 활용)"
DP0036,W000693,X-0132,2024-03-01,2024-09-30,미등록,계열사 P 데이터 거버넌스 구축,계열사 P,그룹사(대내),"계열사 P 데이터 거버넌스 구축에서 배치 운영 담당(BI Reporting, SQL, 메타데이터 관리 활용)"
DP0036,W000694,X-0194,2024-10-01,2025-07-31,미등록,계열사 D 데이터 레이크 고도화,계열사 D,그룹사(대내),"계열사 D 데이터 레이크 고도화에서 카탈로그 구축 담당(메타데이터 관리, 데이터 모델링, BI Reporting 활용)"
DP0036,W000695,X-0031,2025-09-01,2026-05-31,미등록,금융사 하2 비정형 문서 메타데이터 전환,금융사 하2,금융,"금융사 하2 비정형 문서 메타데이터 전환에서 메타데이터 설계 담당(데이터 모델링, SQL, BI Reporting 활용)"
DP0036,W000696,X-0007,2026-06-01,2026-09-30,진행중,금융사 차 차세대 데이터 플랫폼 구축,금융사 차,금융,"금융사 차 차세대 데이터 플랫폼 구축에서 메타데이터 설계 담당(메타데이터 관리, 데이터 모델링, BI Reporting 활용)"
DP0037,W000697,X-0112,2021-03-01,2021-11-30,확정완료,금융사 가 비정형 문서 메타데이터 전환,금융사 가,금융,"금융사 가 비정형 문서 메타데이터 전환에서 메타데이터 설계 담당(메타데이터 관리, 검색엔진, 비정형 문서 처리(OCR) 활용)"
DP0037,W000698,X-0111,2021-12-01,2021-12-31,확정완료,금융사 타2 차세대 데이터 플랫폼 구축,금융사 타2,금융,"금융사 타2 차세대 데이터 플랫폼 구축에서 적재 파이프라인 담당(ETL, 메타데이터 관리, Text Analysis 활용)"
DP0037,W000699,X-0206,2022-01-01,2022-09-30,확정완료,계열사 E 데이터 거버넌스 구축,계열사 E,그룹사(대내),"계열사 E 데이터 거버넌스 구축에서 카탈로그 구축 담당(ETL, Python, 비정형 문서 처리(OCR) 활용)"
DP0037,W000700,X-0128,2022-12-01,2022-12-31,확정완료,공공기관 갑 공공데이터 개방 플랫폼 구축,공공기관 갑,공공,"공공기관 갑 공공데이터 개방 플랫폼 구축에서 데이터 정제 담당(Python, Text Analysis, ETL 활용)"
DP0037,W000701,X-0050,2023-03-01,2023-04-30,확정완료,금융사 라2 차세대 데이터 플랫폼 구축,금융사 라2,금융,"금융사 라2 차세대 데이터 플랫폼 구축에서 데이터 이관 담당(ETL, Python, Text Analysis 활용)"
DP0037,W000702,X-0080,2023-06-01,2023-12-31,확정완료,계열사 J 데이터 레이크 고도화,계열사 J,그룹사(대내),"계열사 J 데이터 레이크 고도화에서 배치 운영 담당(비정형 문서 처리(OCR), Python, 메타데이터 관리 활용)"
DP0037,W000703,X-0028,2024-01-01,2024-12-31,확정완료,계열사 B 데이터 거버넌스 구축,계열사 B,그룹사(대내),"계열사 B 데이터 거버넌스 구축에서 배치 운영 담당(Text Analysis, 비정형 문서 처리(OCR), 메타데이터 관리 활용)"
DP0037,W000704,X-0213,2025-02-01,2025-03-31,확정완료,계열사 O 데이터 레이크 고도화,계열사 O,그룹사(대내),"계열사 O 데이터 레이크 고도화에서 데이터 표준화 담당(검색엔진, 메타데이터 관리, ETL 활용)"
DP0037,W000705,X-0203,2025-06-01,2025-11-30,미등록,계열사 O 데이터 거버넌스 구축,계열사 O,그룹사(대내),"계열사 O 데이터 거버넌스 구축에서 데이터 표준화 담당(검색엔진, ETL, 비정형 문서 처리(OCR) 활용)"
DP0037,W000706,X-0203,2025-12-01,2026-07-31,확정완료,계열사 O 데이터 거버넌스 구축,계열사 O,그룹사(대내),"계열사 O 데이터 거버넌스 구축에서 데이터 표준화 담당(메타데이터 관리, Text Analysis, 비정형 문서 처리(OCR) 활용)"
DP0037,W000707,X-0138,2026-09-01,2026-09-30,진행중,계열사 H 데이터 레이크 고도화,계열사 H,그룹사(대내),"계열사 H 데이터 레이크 고도화에서 배치 운영 담당(Text Analysis, 메타데이터 관리, 비정형 문서 처리(OCR) 활용)"
DP0038,W000716,X-0192,2016-10-01,2017-02-28,미등록,금융사 나2 비정형 문서 메타데이터 전환,금융사 나2,금융,"금융사 나2 비정형 문서 메타데이터 전환에서 메타데이터 설계 담당(SQL, 메타데이터 관리, BI Reporting 활용)"
DP0038,W000717,X-0005,2017-03-01,2017-07-31,확정완료,금융사 라2 차세대 데이터 플랫폼 구축,금융사 라2,금융,"금융사 라2 차세대 데이터 플랫폼 구축에서 적재 파이프라인 담당(BI Reporting, Data Lake & Data Catalog, SQL 활용)"
DP0038,W000718,X-0043,2017-09-01,2018-02-28,확정완료,계열사 Y 데이터 거버넌스 구축,계열사 Y,그룹사(대내),"계열사 Y 데이터 거버넌스 구축에서 배치 운영 담당(데이터 모델링, Data Lake & Data Catalog, 메타데이터 관리 활용)"
DP0038,W000719,X-0151,2018-03-01,2018-09-30,확정완료,금융사 가2 차세대 데이터 플랫폼 구축,금융사 가2,금융,"금융사 가2 차세대 데이터 플랫폼 구축에서 메타데이터 설계 담당(BI Reporting, 데이터 모델링, Data Lake & Data Catalog 활용)"
DP0038,W000720,X-0084,2018-10-01,2019-02-28,확정완료,금융사 바2 비정형 문서 메타데이터 전환,금융사 바2,금융,"금융사 바2 비정형 문서 메타데이터 전환에서 데이터 이관 담당(Data Lake & Data Catalog, BI Reporting, 메타데이터 관리 활용)"
DP0038,W000721,X-0095,2019-03-01,2019-06-30,확정완료,공공기관 병 공공데이터 개방 플랫폼 구축,공공기관 병,공공,"공공기관 병 공공데이터 개방 플랫폼 구축에서 데이터 정제 담당(BI Reporting, Data Lake & Data Catalog, 데이터 모델링 활용)"
DP0038,W000722,X-0193,2019-08-01,2020-02-29,확정완료,금융사 가 차세대 데이터 플랫폼 구축,금융사 가,금융,"금융사 가 차세대 데이터 플랫폼 구축에서 메타데이터 설계 담당(BI Reporting, SQL, 메타데이터 관리 활용)"
DP0038,W000723,X-0180,2020-03-01,2020-08-31,확정완료,금융사 아 데이터 마트 구축,금융사 아,금융,"금융사 아 데이터 마트 구축에서 데이터 이관 담당(SQL, Data Lake & Data Catalog, BI Reporting 활용)"
DP0038,W000724,X-0098,2020-09-01,2020-10-31,확정완료,금융사 파2 비정형 문서 메타데이터 전환,금융사 파2,금융,"금융사 파2 비정형 문서 메타데이터 전환에서 데이터 이관 담당(메타데이터 관리, Data Lake & Data Catalog, 데이터 모델링 활용)"
DP0038,W000725,X-0182,2020-12-01,2021-03-31,확정완료,계열사 S 데이터 레이크 고도화,계열사 S,그룹사(대내),"계열사 S 데이터 레이크 고도화에서 데이터 표준화 담당(데이터 모델링, BI Reporting, SQL 활용)"
DP0038,W000726,X-0112,2021-04-01,2021-08-31,확정완료,금융사 가 비정형 문서 메타데이터 전환,금융사 가,금융,"금융사 가 비정형 문서 메타데이터 전환에서 메타데이터 설계 담당(데이터 모델링, 메타데이터 관리, SQL 활용)"
DP0038,W000727,X-0061,2021-09-01,2022-02-28,미등록,금융사 가 차세대 데이터 플랫폼 구축,금융사 가,금융,"금융사 가 차세대 데이터 플랫폼 구축에서 적재 파이프라인 담당(SQL, 메타데이터 관리, Data Lake & Data Catalog 활용)"
DP0038,W000728,X-0221,2022-03-01,2022-10-31,확정완료,금융사 마 차세대 데이터 플랫폼 구축,금융사 마,금융,"금융사 마 차세대 데이터 플랫폼 구축에서 데이터 이관 담당(데이터 모델링, SQL, 메타데이터 관리 활용)"
DP0038,W000729,X-0227,2023-01-01,2023-07-31,확정완료,계열사 W 데이터 레이크 고도화,계열사 W,그룹사(대내),"계열사 W 데이터 레이크 고도화에서 데이터 표준화 담당(데이터 모델링, SQL, Data Lake & Data Catalog 활용)"
DP0038,W000730,X-0246,2023-08-01,2024-03-31,확정완료,계열사 N 데이터 거버넌스 구축,계열사 N,그룹사(대내),"계열사 N 데이터 거버넌스 구축에서 데이터 표준화 담당(BI Reporting, 데이터 모델링, SQL 활용)"
DP0038,W000731,X-0072,2024-06-01,2024-08-31,확정완료,계열사 E 데이터 거버넌스 구축,계열사 E,그룹사(대내),"계열사 E 데이터 거버넌스 구축에서 데이터 표준화 담당(Data Lake & Data Catalog, 메타데이터 관리, BI Reporting 활용)"
DP0038,W000732,X-0132,2024-09-01,2024-09-30,미등록,계열사 P 데이터 거버넌스 구축,계열사 P,그룹사(대내),"계열사 P 데이터 거버넌스 구축에서 배치 운영 담당(메타데이터 관리, SQL, 데이터 모델링 활용)"
DP0038,W000733,X-0028,2024-12-01,2025-02-28,확정완료,계열사 B 데이터 거버넌스 구축,계열사 B,그룹사(대내),"계열사 B 데이터 거버넌스 구축에서 배치 운영 담당(SQL, Data Lake & Data Catalog, 데이터 모델링 활용)"
DP0038,W000734,X-0091,2025-05-01,2025-11-30,확정완료,금융사 가2 비정형 문서 메타데이터 전환,금융사 가2,금융,"금융사 가2 비정형 문서 메타데이터 전환에서 데이터 이관 담당(BI Reporting, 데이터 모델링, SQL 활용)"
DP0038,W000735,X-0087,2026-01-01,2026-02-28,확정완료,계열사 K 데이터 레이크 고도화,계열사 K,그룹사(대내),"계열사 K 데이터 레이크 고도화에서 배치 운영 담당(BI Reporting, Data Lake & Data Catalog, SQL 활용)"
DP0038,W000736,X-0203,2026-07-01,2026-07-31,미등록,계열사 O 데이터 거버넌스 구축,계열사 O,그룹사(대내),"계열사 O 데이터 거버넌스 구축에서 데이터 표준화 담당(Data Lake & Data Catalog, BI Reporting, 메타데이터 관리 활용)"
DP0038,W000737,X-0211,2026-08-01,2026-09-30,진행중,금융사 라2 비정형 문서 메타데이터 전환,금융사 라2,금융,"금융사 라2 비정형 문서 메타데이터 전환에서 데이터 이관 담당(데이터 모델링, SQL, BI Reporting 활용)"
DP0039,W000738,X-0111,2021-07-01,2021-09-30,확정완료,금융사 타2 차세대 데이터 플랫폼 구축,금융사 타2,금융,"금융사 타2 차세대 데이터 플랫폼 구축에서 적재 파이프라인 담당(Hadoop, Data Lake & Data Catalog, Docker 활용)"
DP0039,W000739,X-0016,2021-12-01,2022-02-28,확정완료,공공기관 을 공공데이터 개방 플랫폼 구축,공공기관 을,공공,"공공기관 을 공공데이터 개방 플랫폼 구축에서 데이터 정제 담당(Private Cloud, Kafka, AWS 활용)"
DP0039,W000740,X-0221,2022-04-01,2022-08-31,확정완료,금융사 마 차세대 데이터 플랫폼 구축,금융사 마,금융,"금융사 마 차세대 데이터 플랫폼 구축에서 데이터 이관 담당(Kafka, Kubernetes, Private Cloud 활용)"
DP0039,W000741,X-0093,2022-09-01,2023-06-30,확정완료,계열사 A 데이터 레이크 고도화,계열사 A,그룹사(대내),"계열사 A 데이터 레이크 고도화에서 데이터 표준화 담당(Hadoop, Kafka, Data Lake & Data Catalog 활용)"
DP0039,W000742,X-0086,2023-09-01,2024-02-29,미등록,계열사 I 데이터 레이크 고도화,계열사 I,그룹사(대내),"계열사 I 데이터 레이크 고도화에서 데이터 표준화 담당(Private Cloud, Kubernetes, Hadoop 활용)"
DP0039,W000743,X-0225,2024-05-01,2024-09-30,확정완료,금융사 카 차세대 데이터 플랫폼 구축,금융사 카,금융,"금융사 카 차세대 데이터 플랫폼 구축에서 적재 파이프라인 담당(AWS, Hadoop, Docker 활용)"
DP0039,W000744,X-0235,2024-12-01,2025-01-31,확정완료,금융사 파 차세대 데이터 플랫폼 구축,금융사 파,금융,"금융사 파 차세대 데이터 플랫폼 구축에서 데이터 이관 담당(Data Lake & Data Catalog, Private Cloud, Kafka 활용)"
DP0039,W000745,X-0157,2025-04-01,2025-05-31,확정완료,계열사 L 데이터 레이크 고도화,계열사 L,그룹사(대내),"계열사 L 데이터 레이크 고도화에서 데이터 표준화 담당(AWS, Docker, Data Lake & Data Catalog 활용)"
DP0039,W000746,X-0239,2025-06-01,2026-01-31,확정완료,계열사 Y 데이터 레이크 고도화,계열사 Y,그룹사(대내),"계열사 Y 데이터 레이크 고도화에서 카탈로그 구축 담당(Private Cloud, Data Lake & Data Catalog, AWS 활용)"
DP0039,W000747,X-0065,2026-03-01,2026-06-30,미등록,금융사 카 차세대 데이터 플랫폼 구축,금융사 카,금융,"금융사 카 차세대 데이터 플랫폼 구축에서 적재 파이프라인 담당(Kafka, Docker, AWS 활용)"
DP0039,W000748,X-0087,2026-07-01,2026-08-31,확정완료,계열사 K 데이터 레이크 고도화,계열사 K,그룹사(대내),"계열사 K 데이터 레이크 고도화에서 배치 운영 담당(Docker, Hadoop, Data Lake & Data Catalog 활용)"
DP0040,W000749,X-0063,2025-01-01,2025-10-31,확정완료,금융사 타 차세대 데이터 플랫폼 구축,금융사 타,금융,"금융사 타 차세대 데이터 플랫폼 구축에서 메타데이터 설계 담당(Python, 검색엔진, 비정형 문서 처리(OCR) 활용)"
DP0040,W000750,X-0031,2025-11-01,2026-09-30,진행중,금융사 하2 비정형 문서 메타데이터 전환,금융사 하2,금융,"금융사 하2 비정형 문서 메타데이터 전환에서 메타데이터 설계 담당(검색엔진, 메타데이터 관리, Text Analysis 활용)"
DP0041,W000753,X-0212,2016-10-01,2016-10-31,확정완료,금융사 라2 차세대 데이터 플랫폼 구축,금융사 라2,금융,"금융사 라2 차세대 데이터 플랫폼 구축에서 데이터 이관 담당(비정형 문서 처리(OCR), Text Analysis, ETL 활용)"
DP0041,W000754,X-0054,2016-11-01,2016-11-30,확정완료,계열사 V 데이터 레이크 고도화,계열사 V,그룹사(대내),"계열사 V 데이터 레이크 고도화에서 카탈로그 구축 담당(비정형 문서 처리(OCR), ETL, 메타데이터 관리 활용)"
DP0041,W000755,X-0075,2016-12-01,2017-02-28,미등록,계열사 I 데이터 레이크 고도화,계열사 I,그룹사(대내),"계열사 I 데이터 레이크 고도화에서 카탈로그 구축 담당(ETL, 검색엔진, 비정형 문서 처리(OCR) 활용)"
DP0041,W000756,X-0105,2017-04-01,2017-05-31,확정완료,금융사 다2 데이터 마트 구축,금융사 다2,금융,"금융사 다2 데이터 마트 구축에서 메타데이터 설계 담당(비정형 문서 처리(OCR), 메타데이터 관리, 검색엔진 활용)"
DP0041,W000757,X-0043,2018-01-01,2018-01-31,확정완료,계열사 Y 데이터 거버넌스 구축,계열사 Y,그룹사(대내),"계열사 Y 데이터 거버넌스 구축에서 배치 운영 담당(Text Analysis, 검색엔진, 비정형 문서 처리(OCR) 활용)"
DP0041,W000758,X-0165,2018-04-01,2018-05-31,확정완료,공공기관 정 공공데이터 개방 플랫폼 구축,공공기관 정,공공,"공공기관 정 공공데이터 개방 플랫폼 구축에서 데이터 정제 담당(검색엔진, Python, ETL 활용)"
DP0041,W000759,X-0167,2018-08-01,2019-04-30,확정완료,공공기관 병 공공데이터 개방 플랫폼 구축,공공기관 병,공공,"공공기관 병 공공데이터 개방 플랫폼 구축에서 개방 API 담당(비정형 문서 처리(OCR), Python, 메타데이터 관리 활용)"
DP0041,W000760,X-0001,2019-05-01,2019-12-31,확정완료,금융사 카 차세대 데이터 플랫폼 구축,금융사 카,금융,"금융사 카 차세대 데이터 플랫폼 구축에서 메타데이터 설계 담당(ETL, Text Analysis, Python 활용)"
DP0041,W000761,X-0193,2020-01-01,2020-02-29,미등록,금융사 가 차세대 데이터 플랫폼 구축,금융사 가,금융,"금융사 가 차세대 데이터 플랫폼 구축에서 메타데이터 설계 담당(ETL, 메타데이터 관리, 비정형 문서 처리(OCR) 활용)"
DP0041,W000762,X-0181,2020-05-01,2020-07-31,확정완료,계열사 S 데이터 레이크 고도화,계열사 S,그룹사(대내),"계열사 S 데이터 레이크 고도화에서 카탈로그 구축 담당(비정형 문서 처리(OCR), ETL, Text Analysis 활용)"
DP0041,W000763,X-0189,2020-10-01,2020-10-31,확정완료,금융사 파 차세대 데이터 플랫폼 구축,금융사 파,금융,"금융사 파 차세대 데이터 플랫폼 구축에서 데이터 이관 담당(Text Analysis, 메타데이터 관리, 비정형 문서 처리(OCR) 활용)"
DP0041,W000764,X-0180,2020-11-01,2021-06-30,확정완료,금융사 아 데이터 마트 구축,금융사 아,금융,"금융사 아 데이터 마트 구축에서 데이터 이관 담당(검색엔진, Text Analysis, 비정형 문서 처리(OCR) 활용)"
DP0041,W000765,X-0061,2021-09-01,2021-11-30,확정완료,금융사 가 차세대 데이터 플랫폼 구축,금융사 가,금융,"금융사 가 차세대 데이터 플랫폼 구축에서 적재 파이프라인 담당(Text Analysis, 검색엔진, 메타데이터 관리 활용)"
DP0041,W000766,X-0206,2022-01-01,2022-11-30,확정완료,계열사 E 데이터 거버넌스 구축,계열사 E,그룹사(대내),"계열사 E 데이터 거버넌스 구축에서 카탈로그 구축 담당(ETL, 검색엔진, 메타데이터 관리 활용)"
DP0041,W000767,X-0141,2022-12-01,2023-05-31,확정완료,금융사 마2 데이터 마트 구축,금융사 마2,금융,"금융사 마2 데이터 마트 구축에서 적재 파이프라인 담당(ETL, 비정형 문서 처리(OCR), Text Analysis 활용)"
DP0041,W000768,X-0093,2023-06-01,2023-12-31,확정완료,계열사 A 데이터 레이크 고도화,계열사 A,그룹사(대내),"계열사 A 데이터 레이크 고도화에서 데이터 표준화 담당(Python, 비정형 문서 처리(OCR), ETL 활용)"
DP0041,W000769,X-0186,2024-01-01,2024-04-30,확정완료,공공기관 무 공공데이터 개방 플랫폼 구축,공공기관 무,공공,"공공기관 무 공공데이터 개방 플랫폼 구축에서 개방 API 담당(Python, 메타데이터 관리, 비정형 문서 처리(OCR) 활용)"
DP0041,W000770,X-0183,2024-05-01,2024-06-30,확정완료,계열사 I 데이터 거버넌스 구축,계열사 I,그룹사(대내),"계열사 I 데이터 거버넌스 구축에서 배치 운영 담당(검색엔진, 비정형 문서 처리(OCR), Text Analysis 활용)"
DP0041,W000771,X-0072,2024-07-01,2025-01-31,확정완료,계열사 E 데이터 거버넌스 구축,계열사 E,그룹사(대내),"계열사 E 데이터 거버넌스 구축에서 데이터 표준화 담당(검색엔진, Text Analysis, 비정형 문서 처리(OCR) 활용)"
DP0041,W000772,X-0063,2025-02-01,2025-06-30,확정완료,금융사 타 차세대 데이터 플랫폼 구축,금융사 타,금융,"금융사 타 차세대 데이터 플랫폼 구축에서 메타데이터 설계 담당(비정형 문서 처리(OCR), 메타데이터 관리, Python 활용)"
DP0041,W000773,X-0020,2025-08-01,2025-09-30,확정완료,계열사 D 데이터 거버넌스 구축,계열사 D,그룹사(대내),"계열사 D 데이터 거버넌스 구축에서 배치 운영 담당(메타데이터 관리, ETL, 검색엔진 활용)"
DP0041,W000774,X-0108,2026-01-01,2026-03-31,확정완료,계열사 V 데이터 거버넌스 구축,계열사 V,그룹사(대내),"계열사 V 데이터 거버넌스 구축에서 카탈로그 구축 담당(메타데이터 관리, Python, 비정형 문서 처리(OCR) 활용)"
DP0041,W000775,X-0031,2026-04-01,2026-09-30,진행중,금융사 하2 비정형 문서 메타데이터 전환,금융사 하2,금융,"금융사 하2 비정형 문서 메타데이터 전환에서 메타데이터 설계 담당(Text Analysis, 비정형 문서 처리(OCR), 검색엔진 활용)"
DP0042,W000786,X-0228,2016-10-01,2016-10-31,확정완료,금융사 라2 데이터 마트 구축,금융사 라2,금융,"금융사 라2 데이터 마트 구축에서 적재 파이프라인 담당(Airflow, Scala, SQL 활용)"
DP0042,W000787,X-0106,2016-11-01,2017-01-31,확정완료,공공기관 을 공공데이터 개방 플랫폼 구축,공공기관 을,공공,"공공기관 을 공공데이터 개방 플랫폼 구축에서 개방 API 담당(ETL, Spark, AWS 활용)"
DP0042,W000788,X-0192,2017-04-01,2017-08-31,확정완료,금융사 나2 비정형 문서 메타데이터 전환,금융사 나2,금융,"금융사 나2 비정형 문서 메타데이터 전환에서 메타데이터 설계 담당(Python, AWS, Spark 활용)"
DP0042,W000789,X-0192,2017-09-01,2017-09-30,확정완료,금융사 나2 비정형 문서 메타데이터 전환,금융사 나2,금융,"금융사 나2 비정형 문서 메타데이터 전환에서 메타데이터 설계 담당(Spark, Hadoop, Airflow 활용)"
DP0042,W000790,X-0005,2017-12-01,2018-01-31,확정완료,금융사 라2 차세대 데이터 플랫폼 구축,금융사 라2,금융,"금융사 라2 차세대 데이터 플랫폼 구축에서 적재 파이프라인 담당(Hadoop, Scala, SQL 활용)"
DP0042,W000791,X-0084,2018-04-01,2018-09-30,확정완료,금융사 바2 비정형 문서 메타데이터 전환,금융사 바2,금융,"금융사 바2 비정형 문서 메타데이터 전환에서 데이터 이관 담당(Kafka, Airflow, Python 활용)"
DP0042,W000792,X-0167,2018-12-01,2019-04-30,확정완료,공공기관 병 공공데이터 개방 플랫폼 구축,공공기관 병,공공,"공공기관 병 공공데이터 개방 플랫폼 구축에서 개방 API 담당(SQL, Spark, Kafka 활용)"
DP0042,W000793,X-0204,2019-05-01,2019-12-31,확정완료,금융사 사2 차세대 데이터 플랫폼 구축,금융사 사2,금융,"금융사 사2 차세대 데이터 플랫폼 구축에서 데이터 이관 담당(SQL, Kafka, Scala 활용)"
DP0042,W000794,X-0026,2020-01-01,2020-01-31,확정완료,공공기관 병 공공데이터 개방 플랫폼 구축,공공기관 병,공공,"공공기관 병 공공데이터 개방 플랫폼 구축에서 개방 API 담당(Hadoop, Scala, ETL 활용)"
DP0042,W000795,X-0189,2020-02-01,2020-10-31,확정완료,금융사 파 차세대 데이터 플랫폼 구축,금융사 파,금융,"금융사 파 차세대 데이터 플랫폼 구축에서 데이터 이관 담당(Kafka, AWS, Hadoop 활용)"
DP0042,W000796,X-0111,2021-01-01,2021-04-30,확정완료,금융사 타2 차세대 데이터 플랫폼 구축,금융사 타2,금융,"금융사 타2 차세대 데이터 플랫폼 구축에서 적재 파이프라인 담당(Hadoop, Scala, Airflow 활용)"
DP0042,W000797,X-0061,2021-07-01,2022-04-30,확정완료,금융사 가 차세대 데이터 플랫폼 구축,금융사 가,금융,"금융사 가 차세대 데이터 플랫폼 구축에서 적재 파이프라인 담당(Scala, ETL, Airflow 활용)"
DP0042,W000798,X-0174,2022-06-01,2022-07-31,확정완료,공공기관 경 공공데이터 개방 플랫폼 구축,공공기관 경,공공,"공공기관 경 공공데이터 개방 플랫폼 구축에서 개방 API 담당(Spark, Python, ETL 활용)"
DP0042,W000799,X-0227,2023-01-01,2023-06-30,확정완료,계열사 W 데이터 레이크 고도화,계열사 W,그룹사(대내),"계열사 W 데이터 레이크 고도화에서 데이터 표준화 담당(AWS, Airflow, Kafka 활용)"
DP0042,W000800,X-0227,2023-09-01,2024-02-29,확정완료,계열사 W 데이터 레이크 고도화,계열사 W,그룹사(대내),"계열사 W 데이터 레이크 고도화에서 데이터 표준화 담당(Spark, SQL, Kafka 활용)"
DP0042,W000801,X-0235,2024-05-01,2024-08-31,미등록,금융사 파 차세대 데이터 플랫폼 구축,금융사 파,금융,"금융사 파 차세대 데이터 플랫폼 구축에서 데이터 이관 담당(AWS, Airflow, ETL 활용)"
DP0042,W000802,X-0028,2024-09-01,2024-11-30,미등록,계열사 B 데이터 거버넌스 구축,계열사 B,그룹사(대내),"계열사 B 데이터 거버넌스 구축에서 배치 운영 담당(Kafka, AWS, Spark 활용)"
DP0042,W000803,X-0225,2025-02-01,2025-02-28,확정완료,금융사 카 차세대 데이터 플랫폼 구축,금융사 카,금융,"금융사 카 차세대 데이터 플랫폼 구축에서 적재 파이프라인 담당(SQL, Airflow, Python 활용)"
DP0042,W000804,X-0178,2025-06-01,2025-11-30,확정완료,금융사 라 데이터 마트 구축,금융사 라,금융,"금융사 라 데이터 마트 구축에서 데이터 이관 담당(Python, Kafka, ETL 활용)"
DP0042,W000805,X-0031,2025-12-01,2026-05-31,확정완료,금융사 하2 비정형 문서 메타데이터 전환,금융사 하2,금융,"금융사 하2 비정형 문서 메타데이터 전환에서 메타데이터 설계 담당(AWS, Scala, ETL 활용)"
DP0042,W000806,X-0138,2026-07-01,2026-09-30,진행중,계열사 H 데이터 레이크 고도화,계열사 H,그룹사(대내),"계열사 H 데이터 레이크 고도화에서 배치 운영 담당(Scala, Hadoop, SQL 활용)"
DP0043,W000807,X-0121,2020-10-01,2021-06-30,확정완료,계열사 A 데이터 레이크 고도화,계열사 A,그룹사(대내),"계열사 A 데이터 레이크 고도화에서 배치 운영 담당(BI Reporting, Data Lake & Data Catalog, 데이터 모델링 활용)"
DP0043,W000808,X-0085,2021-08-01,2021-11-30,확정완료,금융사 다2 차세대 데이터 플랫폼 구축,금융사 다2,금융,"금융사 다2 차세대 데이터 플랫폼 구축에서 데이터 이관 담당(메타데이터 관리, SQL, 데이터 모델링 활용)"
DP0043,W000809,X-0174,2021-12-01,2022-02-28,확정완료,공공기관 경 공공데이터 개방 플랫폼 구축,공공기관 경,공공,"공공기관 경 공공데이터 개방 플랫폼 구축에서 개방 API 담당(BI Reporting, 메타데이터 관리, 데이터 모델링 활용)"
DP0043,W000810,X-0128,2022-03-01,2022-09-30,확정완료,공공기관 갑 공공데이터 개방 플랫폼 구축,공공기관 갑,공공,"공공기관 갑 공공데이터 개방 플랫폼 구축에서 데이터 정제 담당(Data Lake & Data Catalog, 메타데이터 관리, 데이터 모델링 활용)"
DP0043,W000811,X-0227,2022-10-01,2023-07-31,확정완료,계열사 W 데이터 레이크 고도화,계열사 W,그룹사(대내),"계열사 W 데이터 레이크 고도화에서 데이터 표준화 담당(데이터 모델링, Data Lake & Data Catalog, SQL 활용)"
DP0043,W000812,X-0086,2023-08-01,2023-11-30,확정완료,계열사 I 데이터 레이크 고도화,계열사 I,그룹사(대내),"계열사 I 데이터 레이크 고도화에서 데이터 표준화 담당(BI Reporting, 데이터 모델링, 메타데이터 관리 활용)"
DP0043,W000813,X-0227,2024-01-01,2024-02-29,확정완료,계열사 W 데이터 레이크 고도화,계열사 W,그룹사(대내),"계열사 W 데이터 레이크 고도화에서 데이터 표준화 담당(BI Reporting, SQL, Data Lake & Data Catalog 활용)"
DP0043,W000814,X-0235,2024-03-01,2024-08-31,확정완료,금융사 파 차세대 데이터 플랫폼 구축,금융사 파,금융,"금융사 파 차세대 데이터 플랫폼 구축에서 데이터 이관 담당(데이터 모델링, BI Reporting, SQL 활용)"
DP0043,W000815,X-0100,2024-09-01,2024-12-31,확정완료,금융사 하 데이터 마트 구축,금융사 하,금융,"금융사 하 데이터 마트 구축에서 메타데이터 설계 담당(SQL, BI Reporting, Data Lake & Data Catalog 활용)"
DP0043,W000816,X-0063,2025-01-01,2025-03-31,미등록,금융사 타 차세대 데이터 플랫폼 구축,금융사 타,금융,"금융사 타 차세대 데이터 플랫폼 구축에서 메타데이터 설계 담당(SQL, Data Lake & Data Catalog, BI Reporting 활용)"
DP0043,W000817,X-0027,2025-04-01,2025-07-31,확정완료,계열사 Q 데이터 레이크 고도화,계열사 Q,그룹사(대내),"계열사 Q 데이터 레이크 고도화에서 카탈로그 구축 담당(SQL, 데이터 모델링, BI Reporting 활용)"
DP0043,W000818,X-0203,2025-08-01,2025-12-31,확정완료,계열사 O 데이터 거버넌스 구축,계열사 O,그룹사(대내),"계열사 O 데이터 거버넌스 구축에서 데이터 표준화 담당(BI Reporting, Data Lake & Data Catalog, SQL 활용)"
DP0043,W000819,X-0089,2026-01-01,2026-05-31,확정완료,공공기관 병 공공데이터 개방 플랫폼 구축,공공기관 병,공공,"공공기관 병 공공데이터 개방 플랫폼 구축에서 개방 API 담당(SQL, BI Reporting, 데이터 모델링 활용)"
DP0043,W000820,X-0031,2026-08-01,2026-09-30,진행중,금융사 하2 비정형 문서 메타데이터 전환,금융사 하2,금융,"금융사 하2 비정형 문서 메타데이터 전환에서 메타데이터 설계 담당(데이터 모델링, Data Lake & Data Catalog, BI Reporting 활용)"
DP0044,W000821,X-0121,2021-04-01,2021-06-30,확정완료,계열사 A 데이터 레이크 고도화,계열사 A,그룹사(대내),"계열사 A 데이터 레이크 고도화에서 배치 운영 담당(Python, 비정형 문서 처리(OCR), Text Analysis 활용)"
DP0044,W000822,X-0109,2021-08-01,2022-04-30,확정완료,계열사 Z 데이터 거버넌스 구축,계열사 Z,그룹사(대내),"계열사 Z 데이터 거버넌스 구축에서 카탈로그 구축 담당(ETL, 메타데이터 관리, 검색엔진 활용)"
DP0044,W000823,X-0206,2022-05-01,2022-10-31,확정완료,계열사 E 데이터 거버넌스 구축,계열사 E,그룹사(대내),"계열사 E 데이터 거버넌스 구축에서 카탈로그 구축 담당(비정형 문서 처리(OCR), 검색엔진, Python 활용)"
DP0044,W000824,X-0093,2023-01-01,2023-10-31,확정완료,계열사 A 데이터 레이크 고도화,계열사 A,그룹사(대내),"계열사 A 데이터 레이크 고도화에서 데이터 표준화 담당(Text Analysis, 검색엔진, Python 활용)"
DP0044,W000825,X-0246,2023-12-01,2024-02-29,확정완료,계열사 N 데이터 거버넌스 구축,계열사 N,그룹사(대내),"계열사 N 데이터 거버넌스 구축에서 데이터 표준화 담당(ETL, Text Analysis, 메타데이터 관리 활용)"
DP0044,W000826,X-0132,2024-04-01,2024-09-30,확정완료,계열사 P 데이터 거버넌스 구축,계열사 P,그룹사(대내),"계열사 P 데이터 거버넌스 구축에서 배치 운영 담당(비정형 문서 처리(OCR), ETL, Text Analysis 활용)"
DP0044,W000827,X-0028,2024-10-01,2025-02-28,확정완료,계열사 B 데이터 거버넌스 구축,계열사 B,그룹사(대내),"계열사 B 데이터 거버넌스 구축에서 배치 운영 담당(검색엔진, 비정형 문서 처리(OCR), Text Analysis 활용)"
DP0044,W000828,X-0225,2025-03-01,2025-03-31,미등록,금융사 카 차세대 데이터 플랫폼 구축,금융사 카,금융,"금융사 카 차세대 데이터 플랫폼 구축에서 적재 파이프라인 담당(Text Analysis, 검색엔진, ETL 활용)"
DP0044,W000829,X-0091,2025-04-01,2025-11-30,확정완료,금융사 가2 비정형 문서 메타데이터 전환,금융사 가2,금융,"금융사 가2 비정형 문서 메타데이터 전환에서 데이터 이관 담당(ETL, 검색엔진, Python 활용)"
DP0044,W000830,X-0089,2025-12-01,2026-03-31,확정완료,공공기관 병 공공데이터 개방 플랫폼 구축,공공기관 병,공공,"공공기관 병 공공데이터 개방 플랫폼 구축에서 개방 API 담당(Text Analysis, 비정형 문서 처리(OCR), ETL 활용)"
DP0044,W000831,X-0144,2026-04-01,2026-09-30,진행중,공공기관 병 공공데이터 개방 플랫폼 구축,공공기관 병,공공,"공공기관 병 공공데이터 개방 플랫폼 구축에서 개방 API 담당(검색엔진, 메타데이터 관리, Text Analysis 활용)"
DP0045,W000832,X-0006,2024-11-01,2025-02-28,확정완료,금융사 자2 데이터 마트 구축,금융사 자2,금융,"금융사 자2 데이터 마트 구축에서 적재 파이프라인 담당(Python, ETL, Text Analysis 활용)"
DP0045,W000833,X-0089,2025-03-01,2025-07-31,확정완료,공공기관 병 공공데이터 개방 플랫폼 구축,공공기관 병,공공,"공공기관 병 공공데이터 개방 플랫폼 구축에서 개방 API 담당(Text Analysis, ETL, 메타데이터 관리 활용)"
DP0045,W000834,X-0063,2025-08-01,2025-11-30,확정완료,금융사 타 차세대 데이터 플랫폼 구축,금융사 타,금융,"금융사 타 차세대 데이터 플랫폼 구축에서 메타데이터 설계 담당(비정형 문서 처리(OCR), Text Analysis, Python 활용)"
DP0045,W000835,X-0031,2026-01-01,2026-09-30,진행중,금융사 하2 비정형 문서 메타데이터 전환,금융사 하2,금융,"금융사 하2 비정형 문서 메타데이터 전환에서 메타데이터 설계 담당(메타데이터 관리, Text Analysis, 비정형 문서 처리(OCR) 활용)"
DP0046,W000836,X-0169,2018-09-01,2018-09-30,확정완료,금융사 타 차세대 데이터 플랫폼 구축,금융사 타,금융,"금융사 타 차세대 데이터 플랫폼 구축에서 적재 파이프라인 담당(ETL, AWS, Scala 활용)"
DP0046,W000837,X-0243,2019-03-01,2019-09-30,확정완료,계열사 B 데이터 레이크 고도화,계열사 B,그룹사(대내),"계열사 B 데이터 레이크 고도화에서 배치 운영 담당(Scala, Python, Spark 활용)"
DP0046,W000838,X-0066,2019-12-01,2020-09-30,미등록,계열사 P 데이터 레이크 고도화,계열사 P,그룹사(대내),"계열사 P 데이터 레이크 고도화에서 카탈로그 구축 담당(AWS, Hadoop, Scala 활용)"
DP0046,W000839,X-0189,2020-10-01,2020-10-31,확정완료,금융사 파 차세대 데이터 플랫폼 구축,금융사 파,금융,"금융사 파 차세대 데이터 플랫폼 구축에서 데이터 이관 담당(Airflow, Kafka, Python 활용)"
DP0046,W000840,X-0121,2020-11-01,2021-05-31,확정완료,계열사 A 데이터 레이크 고도화,계열사 A,그룹사(대내),"계열사 A 데이터 레이크 고도화에서 배치 운영 담당(Spark, Kafka, Python 활용)"
DP0046,W000841,X-0085,2021-06-01,2021-12-31,확정완료,금융사 다2 차세대 데이터 플랫폼 구축,금융사 다2,금융,"금융사 다2 차세대 데이터 플랫폼 구축에서 데이터 이관 담당(Hadoop, ETL, Python 활용)"
DP0046,W000842,X-0128,2022-01-01,2022-07-31,확정완료,공공기관 갑 공공데이터 개방 플랫폼 구축,공공기관 갑,공공,"공공기관 갑 공공데이터 개방 플랫폼 구축에서 데이터 정제 담당(Hadoop, Python, Spark 활용)"
DP0046,W000843,X-0174,2022-08-01,2022-11-30,확정완료,공공기관 경 공공데이터 개방 플랫폼 구축,공공기관 경,공공,"공공기관 경 공공데이터 개방 플랫폼 구축에서 개방 API 담당(ETL, AWS, SQL 활용)"
DP0046,W000844,X-0141,2023-02-01,2023-11-30,확정완료,금융사 마2 데이터 마트 구축,금융사 마2,금융,"금융사 마2 데이터 마트 구축에서 적재 파이프라인 담당(Python, ETL, AWS 활용)"
DP0046,W000845,X-0229,2024-02-01,2024-07-31,확정완료,계열사 R 데이터 거버넌스 구축,계열사 R,그룹사(대내),"계열사 R 데이터 거버넌스 구축에서 배치 운영 담당(Spark, Airflow, Kafka 활용)"
DP0046,W000846,X-0229,2024-08-01,2024-09-30,확정완료,계열사 R 데이터 거버넌스 구축,계열사 R,그룹사(대내),"계열사 R 데이터 거버넌스 구축에서 배치 운영 담당(Python, Airflow, SQL 활용)"
DP0046,W000847,X-0072,2024-10-01,2025-01-31,확정완료,계열사 E 데이터 거버넌스 구축,계열사 E,그룹사(대내),"계열사 E 데이터 거버넌스 구축에서 데이터 표준화 담당(ETL, Airflow, Spark 활용)"
DP0046,W000848,X-0178,2025-02-01,2025-11-30,확정완료,금융사 라 데이터 마트 구축,금융사 라,금융,"금융사 라 데이터 마트 구축에서 데이터 이관 담당(Scala, Airflow, ETL 활용)"
DP0046,W000849,X-0239,2025-12-01,2026-01-31,확정완료,계열사 Y 데이터 레이크 고도화,계열사 Y,그룹사(대내),"계열사 Y 데이터 레이크 고도화에서 카탈로그 구축 담당(Spark, AWS, Python 활용)"
DP0046,W000850,X-0138,2026-02-01,2026-09-30,진행중,계열사 H 데이터 레이크 고도화,계열사 H,그룹사(대내),"계열사 H 데이터 레이크 고도화에서 배치 운영 담당(Spark, AWS, Python 활용)"
DP0047,W000851,X-0178,2025-06-01,2025-08-31,확정완료,금융사 라 데이터 마트 구축,금융사 라,금융,"금융사 라 데이터 마트 구축에서 데이터 이관 담당(검색엔진, Text Analysis, 메타데이터 관리 활용)"
DP0047,W000852,X-0091,2025-09-01,2025-11-30,확정완료,금융사 가2 비정형 문서 메타데이터 전환,금융사 가2,금융,"금융사 가2 비정형 문서 메타데이터 전환에서 데이터 이관 담당(검색엔진, ETL, 비정형 문서 처리(OCR) 활용)"
DP0047,W000853,X-0087,2025-12-01,2026-02-28,확정완료,계열사 K 데이터 레이크 고도화,계열사 K,그룹사(대내),"계열사 K 데이터 레이크 고도화에서 배치 운영 담당(메타데이터 관리, Python, 검색엔진 활용)"
DP0047,W000854,X-0089,2026-03-01,2026-05-31,미등록,공공기관 병 공공데이터 개방 플랫폼 구축,공공기관 병,공공,"공공기관 병 공공데이터 개방 플랫폼 구축에서 개방 API 담당(Text Analysis, 메타데이터 관리, ETL 활용)"
DP0047,W000855,X-0138,2026-07-01,2026-09-30,진행중,계열사 H 데이터 레이크 고도화,계열사 H,그룹사(대내),"계열사 H 데이터 레이크 고도화에서 배치 운영 담당(Python, 비정형 문서 처리(OCR), 메타데이터 관리 활용)"
DP0048,W000856,X-0049,2018-02-01,2018-07-31,확정완료,계열사 U 데이터 거버넌스 구축,계열사 U,그룹사(대내),"계열사 U 데이터 거버넌스 구축에서 카탈로그 구축 담당(Private Cloud, Kafka, Data Lake & Data Catalog 활용)"
DP0048,W000857,X-0088,2018-10-01,2019-03-31,확정완료,계열사 R 데이터 거버넌스 구축,계열사 R,그룹사(대내),"계열사 R 데이터 거버넌스 구축에서 데이터 표준화 담당(Docker, Data Lake & Data Catalog, AWS 활용)"
DP0048,W000858,X-0243,2019-06-01,2019-07-31,확정완료,계열사 B 데이터 레이크 고도화,계열사 B,그룹사(대내),"계열사 B 데이터 레이크 고도화에서 배치 운영 담당(Docker, Hadoop, Private Cloud 활용)"
DP0048,W000859,X-0182,2019-12-01,2020-07-31,확정완료,계열사 S 데이터 레이크 고도화,계열사 S,그룹사(대내),"계열사 S 데이터 레이크 고도화에서 데이터 표준화 담당(Docker, AWS, Data Lake & Data Catalog 활용)"
DP0048,W000860,X-0180,2020-08-01,2021-05-31,확정완료,금융사 아 데이터 마트 구축,금융사 아,금융,"금융사 아 데이터 마트 구축에서 데이터 이관 담당(Kafka, AWS, Hadoop 활용)"
DP0048,W000861,X-0085,2021-06-01,2021-12-31,미등록,금융사 다2 차세대 데이터 플랫폼 구축,금융사 다2,금융,"금융사 다2 차세대 데이터 플랫폼 구축에서 데이터 이관 담당(Kubernetes, Private Cloud, Kafka 활용)"
DP0048,W000862,X-0061,2022-01-01,2022-04-30,미등록,금융사 가 차세대 데이터 플랫폼 구축,금융사 가,금융,"금융사 가 차세대 데이터 플랫폼 구축에서 적재 파이프라인 담당(Data Lake & Data Catalog, Kubernetes, Hadoop 활용)"
DP0048,W000863,X-0221,2022-05-01,2022-10-31,확정완료,금융사 마 차세대 데이터 플랫폼 구축,금융사 마,금융,"금융사 마 차세대 데이터 플랫폼 구축에서 데이터 이관 담당(Kafka, Kubernetes, Hadoop 활용)"
DP0048,W000864,X-0141,2022-11-01,2023-06-30,확정완료,금융사 마2 데이터 마트 구축,금융사 마2,금융,"금융사 마2 데이터 마트 구축에서 적재 파이프라인 담당(Hadoop, Docker, Kafka 활용)"
DP0048,W000865,X-0093,2023-07-01,2023-12-31,확정완료,계열사 A 데이터 레이크 고도화,계열사 A,그룹사(대내),"계열사 A 데이터 레이크 고도화에서 데이터 표준화 담당(Kafka, Hadoop, Private Cloud 활용)"
DP0048,W000866,X-0183,2024-01-01,2024-06-30,확정완료,계열사 I 데이터 거버넌스 구축,계열사 I,그룹사(대내),"계열사 I 데이터 거버넌스 구축에서 배치 운영 담당(Private Cloud, Kafka, Data Lake & Data Catalog 활용)"
DP0048,W000867,X-0038,2024-07-01,2024-11-30,미등록,계열사 F 데이터 거버넌스 구축,계열사 F,그룹사(대내),"계열사 F 데이터 거버넌스 구축에서 데이터 표준화 담당(Kubernetes, Docker, Data Lake & Data Catalog 활용)"
DP0048,W000868,X-0091,2024-12-01,2025-03-31,확정완료,금융사 가2 비정형 문서 메타데이터 전환,금융사 가2,금융,"금융사 가2 비정형 문서 메타데이터 전환에서 데이터 이관 담당(Kubernetes, Docker, Hadoop 활용)"
DP0048,W000869,X-0091,2025-05-01,2025-11-30,확정완료,금융사 가2 비정형 문서 메타데이터 전환,금융사 가2,금융,"금융사 가2 비정형 문서 메타데이터 전환에서 데이터 이관 담당(AWS, Kubernetes, Hadoop 활용)"
DP0048,W000870,X-0127,2025-12-01,2025-12-31,확정완료,계열사 R 데이터 거버넌스 구축,계열사 R,그룹사(대내),"계열사 R 데이터 거버넌스 구축에서 카탈로그 구축 담당(Kafka, AWS, Data Lake & Data Catalog 활용)"
DP0048,W000871,X-0138,2026-02-01,2026-07-31,확정완료,계열사 H 데이터 레이크 고도화,계열사 H,그룹사(대내),"계열사 H 데이터 레이크 고도화에서 배치 운영 담당(Docker, AWS, Data Lake & Data Catalog 활용)"
DP0048,W000872,X-0007,2026-09-01,2026-09-30,진행중,금융사 차 차세대 데이터 플랫폼 구축,금융사 차,금융,"금융사 차 차세대 데이터 플랫폼 구축에서 메타데이터 설계 담당(AWS, Private Cloud, Hadoop 활용)"
DP0049,W000873,X-0050,2021-12-01,2022-05-31,확정완료,금융사 라2 차세대 데이터 플랫폼 구축,금융사 라2,금융,"금융사 라2 차세대 데이터 플랫폼 구축에서 데이터 이관 담당(데이터 모델링, BI Reporting, 메타데이터 관리 활용)"
DP0049,W000874,X-0141,2022-11-01,2023-01-31,확정완료,금융사 마2 데이터 마트 구축,금융사 마2,금융,"금융사 마2 데이터 마트 구축에서 적재 파이프라인 담당(데이터 모델링, SQL, 메타데이터 관리 활용)"
DP0049,W000875,X-0093,2023-02-01,2023-12-31,확정완료,계열사 A 데이터 레이크 고도화,계열사 A,그룹사(대내),"계열사 A 데이터 레이크 고도화에서 데이터 표준화 담당(데이터 모델링, BI Reporting, 메타데이터 관리 활용)"
DP0049,W000876,X-0028,2024-01-01,2024-12-31,확정완료,계열사 B 데이터 거버넌스 구축,계열사 B,그룹사(대내),"계열사 B 데이터 거버넌스 구축에서 배치 운영 담당(데이터 모델링, BI Reporting, 메타데이터 관리 활용)"
DP0049,W000877,X-0006,2025-01-01,2025-02-28,확정완료,금융사 자2 데이터 마트 구축,금융사 자2,금융,"금융사 자2 데이터 마트 구축에서 적재 파이프라인 담당(데이터 모델링, BI Reporting, 메타데이터 관리 활용)"
DP0049,W000878,X-0241,2025-05-01,2025-06-30,확정완료,계열사 X 데이터 레이크 고도화,계열사 X,그룹사(대내),"계열사 X 데이터 레이크 고도화에서 데이터 표준화 담당(BI Reporting, 메타데이터 관리, 데이터 모델링 활용)"
DP0049,W000879,X-0108,2025-07-01,2025-10-31,확정완료,계열사 V 데이터 거버넌스 구축,계열사 V,그룹사(대내),"계열사 V 데이터 거버넌스 구축에서 카탈로그 구축 담당(BI Reporting, SQL, 데이터 모델링 활용)"
DP0049,W000880,X-0203,2025-12-01,2026-07-31,확정완료,계열사 O 데이터 거버넌스 구축,계열사 O,그룹사(대내),"계열사 O 데이터 거버넌스 구축에서 데이터 표준화 담당(데이터 모델링, 메타데이터 관리, SQL 활용)"
DP0049,W000881,X-0138,2026-08-01,2026-09-30,진행중,계열사 H 데이터 레이크 고도화,계열사 H,그룹사(대내),"계열사 H 데이터 레이크 고도화에서 배치 운영 담당(메타데이터 관리, SQL, 데이터 모델링 활용)"
DP0050,W000882,X-0050,2022-12-01,2023-04-30,확정완료,금융사 라2 차세대 데이터 플랫폼 구축,금융사 라2,금융,"금융사 라2 차세대 데이터 플랫폼 구축에서 데이터 이관 담당(ETL, Text Analysis, 검색엔진 활용)"
DP0050,W000883,X-0080,2023-05-01,2024-01-31,미등록,계열사 J 데이터 레이크 고도화,계열사 J,그룹사(대내),"계열사 J 데이터 레이크 고도화에서 배치 운영 담당(Python, 비정형 문서 처리(OCR), 메타데이터 관리 활용)"
DP0050,W000884,X-0229,2024-02-01,2024-06-30,확정완료,계열사 R 데이터 거버넌스 구축,계열사 R,그룹사(대내),"계열사 R 데이터 거버넌스 구축에서 배치 운영 담당(ETL, Python, 비정형 문서 처리(OCR) 활용)"
DP0050,W000885,X-0229,2024-08-01,2024-09-30,확정완료,계열사 R 데이터 거버넌스 구축,계열사 R,그룹사(대내),"계열사 R 데이터 거버넌스 구축에서 배치 운영 담당(Text Analysis, Python, 검색엔진 활용)"
DP0050,W000886,X-0047,2024-10-01,2024-10-31,확정완료,계열사 H 데이터 거버넌스 구축,계열사 H,그룹사(대내),"계열사 H 데이터 거버넌스 구축에서 데이터 표준화 담당(Python, 검색엔진, 메타데이터 관리 활용)"
DP0050,W000887,X-0100,2024-11-01,2025-08-31,확정완료,금융사 하 데이터 마트 구축,금융사 하,금융,"금융사 하 데이터 마트 구축에서 메타데이터 설계 담당(Python, ETL, 메타데이터 관리 활용)"
DP0050,W000888,X-0127,2025-09-01,2025-11-30,확정완료,계열사 R 데이터 거버넌스 구축,계열사 R,그룹사(대내),"계열사 R 데이터 거버넌스 구축에서 카탈로그 구축 담당(Text Analysis, 메타데이터 관리, 검색엔진 활용)"
DP0050,W000889,X-0031,2025-12-01,2026-07-31,확정완료,금융사 하2 비정형 문서 메타데이터 전환,금융사 하2,금융,"금융사 하2 비정형 문서 메타데이터 전환에서 메타데이터 설계 담당(메타데이터 관리, ETL, Text Analysis 활용)"
DP0050,W000890,X-0007,2026-08-01,2026-09-30,진행중,금융사 차 차세대 데이터 플랫폼 구축,금융사 차,금융,"금융사 차 차세대 데이터 플랫폼 구축에서 메타데이터 설계 담당(ETL, 메타데이터 관리, Text Analysis 활용)"
DP0051,W000891,X-0098,2020-05-01,2020-10-31,확정완료,금융사 파2 비정형 문서 메타데이터 전환,금융사 파2,금융,"금융사 파2 비정형 문서 메타데이터 전환에서 데이터 이관 담당(ETL, Airflow, Hadoop 활용)"
DP0051,W000892,X-0180,2021-01-01,2021-03-31,미등록,금융사 아 데이터 마트 구축,금융사 아,금융,"금융사 아 데이터 마트 구축에서 데이터 이관 담당(Airflow, ETL, SQL 활용)"
DP0051,W000893,X-0121,2021-04-01,2021-06-30,확정완료,계열사 A 데이터 레이크 고도화,계열사 A,그룹사(대내),"계열사 A 데이터 레이크 고도화에서 배치 운영 담당(Airflow, SQL, Kafka 활용)"
DP0051,W000894,X-0085,2021-09-01,2021-12-31,확정완료,금융사 다2 차세대 데이터 플랫폼 구축,금융사 다2,금융,"금융사 다2 차세대 데이터 플랫폼 구축에서 데이터 이관 담당(ETL, Python, SQL 활용)"
DP0051,W000895,X-0061,2022-01-01,2022-04-30,확정완료,금융사 가 차세대 데이터 플랫폼 구축,금융사 가,금융,"금융사 가 차세대 데이터 플랫폼 구축에서 적재 파이프라인 담당(Hadoop, Scala, AWS 활용)"
DP0051,W000896,X-0147,2022-05-01,2022-05-31,확정완료,금융사 가 차세대 데이터 플랫폼 구축,금융사 가,금융,"금융사 가 차세대 데이터 플랫폼 구축에서 적재 파이프라인 담당(Spark, SQL, AWS 활용)"
DP0051,W000897,X-0128,2022-06-01,2022-12-31,확정완료,공공기관 갑 공공데이터 개방 플랫폼 구축,공공기관 갑,공공,"공공기관 갑 공공데이터 개방 플랫폼 구축에서 데이터 정제 담당(Airflow, AWS, Kafka 활용)"
DP0051,W000898,X-0141,2023-01-01,2023-08-31,확정완료,금융사 마2 데이터 마트 구축,금융사 마2,금융,"금융사 마2 데이터 마트 구축에서 적재 파이프라인 담당(Python, Spark, Airflow 활용)"
DP0051,W000899,X-0163,2023-09-01,2023-12-31,확정완료,계열사 L 데이터 레이크 고도화,계열사 L,그룹사(대내),"계열사 L 데이터 레이크 고도화에서 배치 운영 담당(Hadoop, ETL, AWS 활용)"
DP0051,W000900,X-0186,2024-01-01,2024-04-30,확정완료,공공기관 무 공공데이터 개방 플랫폼 구축,공공기관 무,공공,"공공기관 무 공공데이터 개방 플랫폼 구축에서 개방 API 담당(ETL, SQL, Kafka 활용)"
DP0051,W000901,X-0080,2024-06-01,2024-06-30,미등록,계열사 J 데이터 레이크 고도화,계열사 J,그룹사(대내),"계열사 J 데이터 레이크 고도화에서 배치 운영 담당(Python, Hadoop, Scala 활용)"
DP0051,W000902,X-0132,2024-08-01,2024-09-30,확정완료,계열사 P 데이터 거버넌스 구축,계열사 P,그룹사(대내),"계열사 P 데이터 거버넌스 구축에서 배치 운영 담당(Spark, SQL, AWS 활용)"
DP0051,W000903,X-0063,2024-12-01,2025-02-28,확정완료,금융사 타 차세대 데이터 플랫폼 구축,금융사 타,금융,"금융사 타 차세대 데이터 플랫폼 구축에서 메타데이터 설계 담당(Kafka, Spark, SQL 활용)"
DP0051,W000904,X-0178,2025-03-01,2025-11-30,미등록,금융사 라 데이터 마트 구축,금융사 라,금융,"금융사 라 데이터 마트 구축에서 데이터 이관 담당(ETL, Kafka, Scala 활용)"
DP0051,W000905,X-0239,2025-12-01,2026-01-31,확정완료,계열사 Y 데이터 레이크 고도화,계열사 Y,그룹사(대내),"계열사 Y 데이터 레이크 고도화에서 카탈로그 구축 담당(ETL, Hadoop, Spark 활용)"
DP0051,W000906,X-0203,2026-02-01,2026-07-31,확정완료,계열사 O 데이터 거버넌스 구축,계열사 O,그룹사(대내),"계열사 O 데이터 거버넌스 구축에서 데이터 표준화 담당(SQL, Hadoop, Scala 활용)"
DP0052,W000907,X-0111,2021-03-01,2021-12-31,확정완료,금융사 타2 차세대 데이터 플랫폼 구축,금융사 타2,금융,"금융사 타2 차세대 데이터 플랫폼 구축에서 적재 파이프라인 담당(Private Cloud, Hadoop, AWS 활용)"
DP0052,W000908,X-0128,2022-01-01,2022-05-31,확정완료,공공기관 갑 공공데이터 개방 플랫폼 구축,공공기관 갑,공공,"공공기관 갑 공공데이터 개방 플랫폼 구축에서 데이터 정제 담당(Kubernetes, Private Cloud, Hadoop 활용)"
DP0052,W000909,X-0174,2022-07-01,2022-11-30,확정완료,공공기관 경 공공데이터 개방 플랫폼 구축,공공기관 경,공공,"공공기관 경 공공데이터 개방 플랫폼 구축에서 개방 API 담당(Private Cloud, Data Lake & Data Catalog, Hadoop 활용)"
DP0052,W000910,X-0093,2023-01-01,2023-08-31,확정완료,계열사 A 데이터 레이크 고도화,계열사 A,그룹사(대내),"계열사 A 데이터 레이크 고도화에서 데이터 표준화 담당(Private Cloud, Data Lake & Data Catalog, Hadoop 활용)"
DP0052,W000911,X-0132,2023-09-01,2023-11-30,확정완료,계열사 P 데이터 거버넌스 구축,계열사 P,그룹사(대내),"계열사 P 데이터 거버넌스 구축에서 배치 운영 담당(Data Lake & Data Catalog, Kubernetes, AWS 활용)"
DP0052,W000912,X-0086,2024-01-01,2024-02-29,확정완료,계열사 I 데이터 레이크 고도화,계열사 I,그룹사(대내),"계열사 I 데이터 레이크 고도화에서 데이터 표준화 담당(Hadoop, Docker, Kubernetes 활용)"
DP0052,W000913,X-0094,2024-03-01,2024-04-30,확정완료,계열사 C 데이터 레이크 고도화,계열사 C,그룹사(대내),"계열사 C 데이터 레이크 고도화에서 배치 운영 담당(Kafka, Docker, Hadoop 활용)"
DP0052,W000914,X-0132,2024-07-01,2024-09-30,확정완료,계열사 P 데이터 거버넌스 구축,계열사 P,그룹사(대내),"계열사 P 데이터 거버넌스 구축에서 배치 운영 담당(AWS, Kubernetes, Private Cloud 활용)"
DP0052,W000915,X-0028,2024-10-01,2025-02-28,확정완료,계열사 B 데이터 거버넌스 구축,계열사 B,그룹사(대내),"계열사 B 데이터 거버넌스 구축에서 배치 운영 담당(Data Lake & Data Catalog, Private Cloud, Kafka 활용)"
DP0052,W000916,X-0213,2025-03-01,2025-03-31,확정완료,계열사 O 데이터 레이크 고도화,계열사 O,그룹사(대내),"계열사 O 데이터 레이크 고도화에서 데이터 표준화 담당(Data Lake & Data Catalog, Kubernetes, Private Cloud 활용)"
DP0052,W000917,X-0091,2025-04-01,2025-09-30,확정완료,금융사 가2 비정형 문서 메타데이터 전환,금융사 가2,금융,"금융사 가2 비정형 문서 메타데이터 전환에서 데이터 이관 담당(Kafka, Docker, AWS 활용)"
DP0052,W000918,X-0178,2025-11-01,2025-11-30,확정완료,금융사 라 데이터 마트 구축,금융사 라,금융,"금융사 라 데이터 마트 구축에서 데이터 이관 담당(Docker, AWS, Hadoop 활용)"
DP0052,W000919,X-0138,2025-12-01,2026-09-30,진행중,계열사 H 데이터 레이크 고도화,계열사 H,그룹사(대내),"계열사 H 데이터 레이크 고도화에서 배치 운영 담당(Hadoop, Kubernetes, Docker 활용)"
DP0053,W000920,X-0147,2022-02-01,2022-05-31,확정완료,금융사 가 차세대 데이터 플랫폼 구축,금융사 가,금융,"금융사 가 차세대 데이터 플랫폼 구축에서 적재 파이프라인 담당(검색엔진, Python, 비정형 문서 처리(OCR) 활용)"
DP0053,W000921,X-0128,2022-06-01,2022-12-31,확정완료,공공기관 갑 공공데이터 개방 플랫폼 구축,공공기관 갑,공공,"공공기관 갑 공공데이터 개방 플랫폼 구축에서 데이터 정제 담당(ETL, 검색엔진, Python 활용)"
DP0053,W000922,X-0227,2023-02-01,2023-04-30,확정완료,계열사 W 데이터 레이크 고도화,계열사 W,그룹사(대내),"계열사 W 데이터 레이크 고도화에서 데이터 표준화 담당(Python, 비정형 문서 처리(OCR), 메타데이터 관리 활용)"
DP0053,W000923,X-0080,2023-06-01,2024-02-29,미등록,계열사 J 데이터 레이크 고도화,계열사 J,그룹사(대내),"계열사 J 데이터 레이크 고도화에서 배치 운영 담당(메타데이터 관리, 검색엔진, ETL 활용)"
DP0053,W000924,X-0080,2024-03-01,2024-06-30,확정완료,계열사 J 데이터 레이크 고도화,계열사 J,그룹사(대내),"계열사 J 데이터 레이크 고도화에서 배치 운영 담당(검색엔진, Python, ETL 활용)"
DP0053,W000925,X-0235,2024-09-01,2024-09-30,확정완료,금융사 파 차세대 데이터 플랫폼 구축,금융사 파,금융,"금융사 파 차세대 데이터 플랫폼 구축에서 데이터 이관 담당(ETL, 메타데이터 관리, 검색엔진 활용)"
DP0053,W000926,X-0089,2025-04-01,2025-12-31,확정완료,공공기관 병 공공데이터 개방 플랫폼 구축,공공기관 병,공공,"공공기관 병 공공데이터 개방 플랫폼 구축에서 개방 API 담당(검색엔진, Python, Text Analysis 활용)"
DP0053,W000927,X-0031,2026-02-01,2026-09-30,진행중,금융사 하2 비정형 문서 메타데이터 전환,금융사 하2,금융,"금융사 하2 비정형 문서 메타데이터 전환에서 메타데이터 설계 담당(ETL, 비정형 문서 처리(OCR), Text Analysis 활용)"
DP0054,W000928,X-0006,2024-08-01,2024-11-30,확정완료,금융사 자2 데이터 마트 구축,금융사 자2,금융,"금융사 자2 데이터 마트 구축에서 적재 파이프라인 담당(메타데이터 관리, 데이터 모델링, BI Reporting 활용)"
DP0054,W000929,X-0157,2025-01-01,2025-04-30,미등록,계열사 L 데이터 레이크 고도화,계열사 L,그룹사(대내),"계열사 L 데이터 레이크 고도화에서 데이터 표준화 담당(데이터 모델링, 메타데이터 관리, SQL 활용)"
DP0054,W000930,X-0157,2025-05-01,2025-05-31,확정완료,계열사 L 데이터 레이크 고도화,계열사 L,그룹사(대내),"계열사 L 데이터 레이크 고도화에서 데이터 표준화 담당(메타데이터 관리, SQL, BI Reporting 활용)"
DP0054,W000931,X-0178,2025-06-01,2025-11-30,확정완료,금융사 라 데이터 마트 구축,금융사 라,금융,"금융사 라 데이터 마트 구축에서 데이터 이관 담당(BI Reporting, 메타데이터 관리, SQL 활용)"
DP0054,W000932,X-0007,2025-12-01,2026-07-31,확정완료,금융사 차 차세대 데이터 플랫폼 구축,금융사 차,금융,"금융사 차 차세대 데이터 플랫폼 구축에서 메타데이터 설계 담당(데이터 모델링, 메타데이터 관리, BI Reporting 활용)"
DP0054,W000933,X-0087,2026-08-01,2026-08-31,확정완료,계열사 K 데이터 레이크 고도화,계열사 K,그룹사(대내),"계열사 K 데이터 레이크 고도화에서 배치 운영 담당(SQL, BI Reporting, 데이터 모델링 활용)"
DP0054,W000934,X-0138,2026-09-01,2026-09-30,진행중,계열사 H 데이터 레이크 고도화,계열사 H,그룹사(대내),"계열사 H 데이터 레이크 고도화에서 배치 운영 담당(데이터 모델링, SQL, 메타데이터 관리 활용)"
DP0055,W000947,X-0156,2016-10-01,2016-10-31,미등록,계열사 G 데이터 레이크 고도화,계열사 G,그룹사(대내),"계열사 G 데이터 레이크 고도화에서 배치 운영 담당(검색엔진, Text Analysis, ETL 활용)"
DP0055,W000948,X-0228,2016-12-01,2017-07-31,확정완료,금융사 라2 데이터 마트 구축,금융사 라2,금융,"금융사 라2 데이터 마트 구축에서 적재 파이프라인 담당(검색엔진, 비정형 문서 처리(OCR), Text Analysis 활용)"
DP0055,W000949,X-0043,2017-08-01,2017-09-30,확정완료,계열사 Y 데이터 거버넌스 구축,계열사 Y,그룹사(대내),"계열사 Y 데이터 거버넌스 구축에서 배치 운영 담당(비정형 문서 처리(OCR), Python, 검색엔진 활용)"
DP0055,W000950,X-0023,2018-03-01,2018-08-31,미등록,금융사 하 차세대 데이터 플랫폼 구축,금융사 하,금융,"금융사 하 차세대 데이터 플랫폼 구축에서 데이터 이관 담당(메타데이터 관리, ETL, 비정형 문서 처리(OCR) 활용)"
DP0055,W000951,X-0084,2018-12-01,2018-12-31,확정완료,금융사 바2 비정형 문서 메타데이터 전환,금융사 바2,금융,"금융사 바2 비정형 문서 메타데이터 전환에서 데이터 이관 담당(비정형 문서 처리(OCR), Python, 메타데이터 관리 활용)"
DP0055,W000952,X-0124,2019-05-01,2019-09-30,미등록,공공기관 정 공공데이터 개방 플랫폼 구축,공공기관 정,공공,"공공기관 정 공공데이터 개방 플랫폼 구축에서 개방 API 담당(검색엔진, 비정형 문서 처리(OCR), ETL 활용)"
DP0055,W000953,X-0182,2020-03-01,2021-02-28,확정완료,계열사 S 데이터 레이크 고도화,계열사 S,그룹사(대내),"계열사 S 데이터 레이크 고도화에서 데이터 표준화 담당(검색엔진, Python, ETL 활용)"
DP0055,W000954,X-0112,2021-03-01,2021-11-30,확정완료,금융사 가 비정형 문서 메타데이터 전환,금융사 가,금융,"금융사 가 비정형 문서 메타데이터 전환에서 메타데이터 설계 담당(Python, 메타데이터 관리, 검색엔진 활용)"
DP0055,W000955,X-0109,2022-01-01,2022-04-30,확정완료,계열사 Z 데이터 거버넌스 구축,계열사 Z,그룹사(대내),"계열사 Z 데이터 거버넌스 구축에서 카탈로그 구축 담당(메타데이터 관리, ETL, Text Analysis 활용)"
DP0055,W000956,X-0147,2022-05-01,2022-05-31,확정완료,금융사 가 차세대 데이터 플랫폼 구축,금융사 가,금융,"금융사 가 차세대 데이터 플랫폼 구축에서 적재 파이프라인 담당(메타데이터 관리, Python, 비정형 문서 처리(OCR) 활용)"
DP0055,W000957,X-0128,2022-06-01,2022-12-31,확정완료,공공기관 갑 공공데이터 개방 플랫폼 구축,공공기관 갑,공공,"공공기관 갑 공공데이터 개방 플랫폼 구축에서 데이터 정제 담당(메타데이터 관리, 비정형 문서 처리(OCR), Text Analysis 활용)"
DP0055,W000958,X-0093,2023-02-01,2023-11-30,확정완료,계열사 A 데이터 레이크 고도화,계열사 A,그룹사(대내),"계열사 A 데이터 레이크 고도화에서 데이터 표준화 담당(Text Analysis, 메타데이터 관리, 검색엔진 활용)"
DP0055,W000959,X-0141,2023-12-01,2023-12-31,확정완료,금융사 마2 데이터 마트 구축,금융사 마2,금융,"금융사 마2 데이터 마트 구축에서 적재 파이프라인 담당(Text Analysis, ETL, 메타데이터 관리 활용)"
DP0055,W000960,X-0028,2024-01-01,2024-12-31,확정완료,계열사 B 데이터 거버넌스 구축,계열사 B,그룹사(대내),"계열사 B 데이터 거버넌스 구축에서 배치 운영 담당(Python, ETL, 메타데이터 관리 활용)"
DP0055,W000961,X-0091,2025-01-01,2025-03-31,확정완료,금융사 가2 비정형 문서 메타데이터 전환,금융사 가2,금융,"금융사 가2 비정형 문서 메타데이터 전환에서 데이터 이관 담당(비정형 문서 처리(OCR), Python, ETL 활용)"
DP0055,W000962,X-0091,2025-04-01,2025-11-30,확정완료,금융사 가2 비정형 문서 메타데이터 전환,금융사 가2,금융,"금융사 가2 비정형 문서 메타데이터 전환에서 데이터 이관 담당(메타데이터 관리, ETL, 검색엔진 활용)"
DP0055,W000963,X-0065,2025-12-01,2026-05-31,확정완료,금융사 카 차세대 데이터 플랫폼 구축,금융사 카,금융,"금융사 카 차세대 데이터 플랫폼 구축에서 적재 파이프라인 담당(메타데이터 관리, Python, ETL 활용)"
DP0055,W000964,X-0007,2026-06-01,2026-09-30,진행중,금융사 차 차세대 데이터 플랫폼 구축,금융사 차,금융,"금융사 차 차세대 데이터 플랫폼 구축에서 메타데이터 설계 담당(Text Analysis, Python, ETL 활용)"
DP0056,W000965,X-0098,2020-03-01,2020-07-31,확정완료,금융사 파2 비정형 문서 메타데이터 전환,금융사 파2,금융,"금융사 파2 비정형 문서 메타데이터 전환에서 데이터 이관 담당(Airflow, Python, SQL 활용)"
DP0056,W000966,X-0121,2020-09-01,2021-06-30,확정완료,계열사 A 데이터 레이크 고도화,계열사 A,그룹사(대내),"계열사 A 데이터 레이크 고도화에서 배치 운영 담당(SQL, Python, Spark 활용)"
DP0056,W000967,X-0174,2021-07-01,2021-11-30,미등록,공공기관 경 공공데이터 개방 플랫폼 구축,공공기관 경,공공,"공공기관 경 공공데이터 개방 플랫폼 구축에서 개방 API 담당(AWS, SQL, ETL 활용)"
DP0056,W000968,X-0016,2022-02-01,2022-02-28,확정완료,공공기관 을 공공데이터 개방 플랫폼 구축,공공기관 을,공공,"공공기관 을 공공데이터 개방 플랫폼 구축에서 데이터 정제 담당(Scala, Spark, ETL 활용)"
DP0056,W000969,X-0050,2022-03-01,2022-06-30,확정완료,금융사 라2 차세대 데이터 플랫폼 구축,금융사 라2,금융,"금융사 라2 차세대 데이터 플랫폼 구축에서 데이터 이관 담당(Hadoop, Kafka, Spark 활용)"
DP0056,W000970,X-0093,2022-09-01,2022-11-30,확정완료,계열사 A 데이터 레이크 고도화,계열사 A,그룹사(대내),"계열사 A 데이터 레이크 고도화에서 데이터 표준화 담당(Python, Scala, SQL 활용)"
DP0056,W000971,X-0227,2022-12-01,2023-05-31,확정완료,계열사 W 데이터 레이크 고도화,계열사 W,그룹사(대내),"계열사 W 데이터 레이크 고도화에서 데이터 표준화 담당(Hadoop, Python, Airflow 활용)"
DP0056,W000972,X-0093,2023-06-01,2023-12-31,확정완료,계열사 A 데이터 레이크 고도화,계열사 A,그룹사(대내),"계열사 A 데이터 레이크 고도화에서 데이터 표준화 담당(SQL, Python, Airflow 활용)"
DP0056,W000973,X-0080,2024-01-01,2024-04-30,확정완료,계열사 J 데이터 레이크 고도화,계열사 J,그룹사(대내),"계열사 J 데이터 레이크 고도화에서 배치 운영 담당(Python, ETL, Hadoop 활용)"
DP0056,W000974,X-0028,2024-07-01,2024-10-31,확정완료,계열사 B 데이터 거버넌스 구축,계열사 B,그룹사(대내),"계열사 B 데이터 거버넌스 구축에서 배치 운영 담당(Spark, Airflow, ETL 활용)"
DP0056,W000975,X-0241,2025-03-01,2025-06-30,확정완료,계열사 X 데이터 레이크 고도화,계열사 X,그룹사(대내),"계열사 X 데이터 레이크 고도화에서 데이터 표준화 담당(AWS, Airflow, ETL 활용)"
DP0056,W000976,X-0087,2025-08-01,2026-04-30,확정완료,계열사 K 데이터 레이크 고도화,계열사 K,그룹사(대내),"계열사 K 데이터 레이크 고도화에서 배치 운영 담당(Spark, Hadoop, AWS 활용)"
DP0056,W000977,X-0007,2026-05-01,2026-09-30,진행중,금융사 차 차세대 데이터 플랫폼 구축,금융사 차,금융,"금융사 차 차세대 데이터 플랫폼 구축에서 메타데이터 설계 담당(Airflow, Kafka, SQL 활용)"
DP0057,W000978,X-0104,2020-01-01,2020-03-31,확정완료,계열사 E 데이터 레이크 고도화,계열사 E,그룹사(대내),"계열사 E 데이터 레이크 고도화에서 카탈로그 구축 담당(Hadoop, Scala, Python 활용)"
DP0057,W000979,X-0181,2020-05-01,2020-08-31,미등록,계열사 S 데이터 레이크 고도화,계열사 S,그룹사(대내),"계열사 S 데이터 레이크 고도화에서 카탈로그 구축 담당(Kafka, Python, SQL 활용)"
DP0057,W000980,X-0182,2020-09-01,2021-02-28,확정완료,계열사 S 데이터 레이크 고도화,계열사 S,그룹사(대내),"계열사 S 데이터 레이크 고도화에서 데이터 표준화 담당(Scala, AWS, Hadoop 활용)"
DP0057,W000981,X-0111,2021-03-01,2021-06-30,미등록,금융사 타2 차세대 데이터 플랫폼 구축,금융사 타2,금융,"금융사 타2 차세대 데이터 플랫폼 구축에서 적재 파이프라인 담당(SQL, Python, ETL 활용)"
DP0057,W000982,X-0016,2021-07-01,2022-02-28,미등록,공공기관 을 공공데이터 개방 플랫폼 구축,공공기관 을,공공,"공공기관 을 공공데이터 개방 플랫폼 구축에서 데이터 정제 담당(Spark, Scala, Airflow 활용)"
DP0057,W000983,X-0061,2022-03-01,2022-03-31,확정완료,금융사 가 차세대 데이터 플랫폼 구축,금융사 가,금융,"금융사 가 차세대 데이터 플랫폼 구축에서 적재 파이프라인 담당(ETL, Spark, Python 활용)"
DP0057,W000984,X-0093,2022-07-01,2023-04-30,확정완료,계열사 A 데이터 레이크 고도화,계열사 A,그룹사(대내),"계열사 A 데이터 레이크 고도화에서 데이터 표준화 담당(ETL, Hadoop, Kafka 활용)"
DP0057,W000985,X-0141,2023-05-01,2023-11-30,미등록,금융사 마2 데이터 마트 구축,금융사 마2,금융,"금융사 마2 데이터 마트 구축에서 적재 파이프라인 담당(Kafka, Spark, Airflow 활용)"
DP0057,W000986,X-0072,2024-02-01,2024-06-30,미등록,계열사 E 데이터 거버넌스 구축,계열사 E,그룹사(대내),"계열사 E 데이터 거버넌스 구축에서 데이터 표준화 담당(SQL, Hadoop, Scala 활용)"
DP0057,W000987,X-0038,2024-08-01,2024-11-30,확정완료,계열사 F 데이터 거버넌스 구축,계열사 F,그룹사(대내),"계열사 F 데이터 거버넌스 구축에서 데이터 표준화 담당(AWS, SQL, Python 활용)"
DP0057,W000988,X-0091,2024-12-01,2025-02-28,미등록,금융사 가2 비정형 문서 메타데이터 전환,금융사 가2,금융,"금융사 가2 비정형 문서 메타데이터 전환에서 데이터 이관 담당(AWS, Scala, Kafka 활용)"
DP0057,W000989,X-0100,2025-03-01,2025-11-30,확정완료,금융사 하 데이터 마트 구축,금융사 하,금융,"금융사 하 데이터 마트 구축에서 메타데이터 설계 담당(Spark, Airflow, Kafka 활용)"
DP0057,W000990,X-0065,2026-02-01,2026-06-30,확정완료,금융사 카 차세대 데이터 플랫폼 구축,금융사 카,금융,"금융사 카 차세대 데이터 플랫폼 구축에서 적재 파이프라인 담당(AWS, ETL, Hadoop 활용)"
DP0057,W000991,X-0031,2026-07-01,2026-09-30,진행중,금융사 하2 비정형 문서 메타데이터 전환,금융사 하2,금융,"금융사 하2 비정형 문서 메타데이터 전환에서 메타데이터 설계 담당(Spark, Python, AWS 활용)"
DP0058,W000992,X-0016,2021-08-01,2022-02-28,확정완료,공공기관 을 공공데이터 개방 플랫폼 구축,공공기관 을,공공,"공공기관 을 공공데이터 개방 플랫폼 구축에서 데이터 정제 담당(검색엔진, 메타데이터 관리, Python 활용)"
DP0058,W000993,X-0221,2022-03-01,2022-10-31,미등록,금융사 마 차세대 데이터 플랫폼 구축,금융사 마,금융,"금융사 마 차세대 데이터 플랫폼 구축에서 데이터 이관 담당(Python, 비정형 문서 처리(OCR), Text Analysis 활용)"
DP0058,W000994,X-0050,2022-12-01,2023-04-30,확정완료,금융사 라2 차세대 데이터 플랫폼 구축,금융사 라2,금융,"금융사 라2 차세대 데이터 플랫폼 구축에서 데이터 이관 담당(검색엔진, 비정형 문서 처리(OCR), 메타데이터 관리 활용)"
DP0058,W000995,X-0093,2023-05-01,2023-12-31,확정완료,계열사 A 데이터 레이크 고도화,계열사 A,그룹사(대내),"계열사 A 데이터 레이크 고도화에서 데이터 표준화 담당(Python, Text Analysis, 비정형 문서 처리(OCR) 활용)"
DP0058,W000996,X-0186,2024-01-01,2024-04-30,확정완료,공공기관 무 공공데이터 개방 플랫폼 구축,공공기관 무,공공,"공공기관 무 공공데이터 개방 플랫폼 구축에서 개방 API 담당(메타데이터 관리, 검색엔진, Text Analysis 활용)"
DP0058,W000997,X-0100,2024-07-01,2025-06-30,확정완료,금융사 하 데이터 마트 구축,금융사 하,금융,"금융사 하 데이터 마트 구축에서 메타데이터 설계 담당(비정형 문서 처리(OCR), ETL, Text Analysis 활용)"
DP0058,W000998,X-0091,2025-07-01,2025-11-30,확정완료,금융사 가2 비정형 문서 메타데이터 전환,금융사 가2,금융,"금융사 가2 비정형 문서 메타데이터 전환에서 데이터 이관 담당(비정형 문서 처리(OCR), 검색엔진, 메타데이터 관리 활용)"
DP0058,W000999,X-0138,2025-12-01,2026-04-30,확정완료,계열사 H 데이터 레이크 고도화,계열사 H,그룹사(대내),"계열사 H 데이터 레이크 고도화에서 배치 운영 담당(ETL, Python, 검색엔진 활용)"
DP0058,W001000,X-0203,2026-05-01,2026-06-30,확정완료,계열사 O 데이터 거버넌스 구축,계열사 O,그룹사(대내),"계열사 O 데이터 거버넌스 구축에서 데이터 표준화 담당(ETL, 검색엔진, 메타데이터 관리 활용)"
DP0058,W001001,X-0031,2026-08-01,2026-09-30,진행중,금융사 하2 비정형 문서 메타데이터 전환,금융사 하2,금융,"금융사 하2 비정형 문서 메타데이터 전환에서 메타데이터 설계 담당(Text Analysis, 메타데이터 관리, 검색엔진 활용)"
DP0059,W001025,X-0056,2016-10-01,2016-12-31,확정완료,계열사 N 데이터 레이크 고도화,계열사 N,그룹사(대내),"계열사 N 데이터 레이크 고도화에서 데이터 표준화 담당(Kafka, ETL, Hadoop 활용)"
DP0059,W001026,X-0228,2017-01-01,2017-07-31,확정완료,금융사 라2 데이터 마트 구축,금융사 라2,금융,"금융사 라2 데이터 마트 구축에서 적재 파이프라인 담당(Python, Kafka, Scala 활용)"
DP0059,W001027,X-0190,2017-09-01,2018-07-31,확정완료,계열사 N 데이터 레이크 고도화,계열사 N,그룹사(대내),"계열사 N 데이터 레이크 고도화에서 배치 운영 담당(SQL, ETL, AWS 활용)"
DP0059,W001028,X-0023,2018-09-01,2018-10-31,확정완료,금융사 하 차세대 데이터 플랫폼 구축,금융사 하,금융,"금융사 하 차세대 데이터 플랫폼 구축에서 데이터 이관 담당(Airflow, AWS, Hadoop 활용)"
DP0059,W001029,X-0088,2018-11-01,2019-04-30,미등록,계열사 R 데이터 거버넌스 구축,계열사 R,그룹사(대내),"계열사 R 데이터 거버넌스 구축에서 데이터 표준화 담당(ETL, AWS, Spark 활용)"
DP0059,W001030,X-0177,2019-05-01,2019-06-30,확정완료,금융사 다 데이터 마트 구축,금융사 다,금융,"금융사 다 데이터 마트 구축에서 적재 파이프라인 담당(Kafka, Scala, Spark 활용)"
DP0059,W001031,X-0019,2019-09-01,2019-12-31,확정완료,계열사 A 데이터 레이크 고도화,계열사 A,그룹사(대내),"계열사 A 데이터 레이크 고도화에서 데이터 표준화 담당(Spark, SQL, Scala 활용)"
DP0059,W001032,X-0189,2020-01-01,2020-08-31,확정완료,금융사 파 차세대 데이터 플랫폼 구축,금융사 파,금융,"금융사 파 차세대 데이터 플랫폼 구축에서 데이터 이관 담당(ETL, Python, Airflow 활용)"
DP0059,W001033,X-0098,2020-10-01,2020-10-31,확정완료,금융사 파2 비정형 문서 메타데이터 전환,금융사 파2,금융,"금융사 파2 비정형 문서 메타데이터 전환에서 데이터 이관 담당(Spark, Airflow, Python 활용)"
DP0059,W001034,X-0182,2020-11-01,2021-02-28,확정완료,계열사 S 데이터 레이크 고도화,계열사 S,그룹사(대내),"계열사 S 데이터 레이크 고도화에서 데이터 표준화 담당(Scala, Hadoop, Spark 활용)"
DP0059,W001035,X-0180,2021-03-01,2021-06-30,미등록,금융사 아 데이터 마트 구축,금융사 아,금융,"금융사 아 데이터 마트 구축에서 데이터 이관 담당(Scala, Airflow, Spark 활용)"
DP0059,W001036,X-0085,2021-07-01,2021-12-31,확정완료,금융사 다2 차세대 데이터 플랫폼 구축,금융사 다2,금융,"금융사 다2 차세대 데이터 플랫폼 구축에서 데이터 이관 담당(ETL, Python, SQL 활용)"
DP0059,W001037,X-0050,2022-02-01,2023-01-31,확정완료,금융사 라2 차세대 데이터 플랫폼 구축,금융사 라2,금융,"금융사 라2 차세대 데이터 플랫폼 구축에서 데이터 이관 담당(Hadoop, Airflow, Spark 활용)"
DP0059,W001038,X-0093,2023-02-01,2023-11-30,확정완료,계열사 A 데이터 레이크 고도화,계열사 A,그룹사(대내),"계열사 A 데이터 레이크 고도화에서 데이터 표준화 담당(SQL, Scala, Kafka 활용)"
DP0059,W001039,X-0122,2023-12-01,2023-12-31,미등록,공공기관 을 공공데이터 개방 플랫폼 구축,공공기관 을,공공,"공공기관 을 공공데이터 개방 플랫폼 구축에서 개방 API 담당(Airflow, Hadoop, Scala 활용)"
DP0059,W001040,X-0235,2024-06-01,2025-01-31,확정완료,금융사 파 차세대 데이터 플랫폼 구축,금융사 파,금융,"금융사 파 차세대 데이터 플랫폼 구축에서 데이터 이관 담당(Spark, Kafka, Scala 활용)"
DP0059,W001041,X-0006,2025-02-01,2025-02-28,확정완료,금융사 자2 데이터 마트 구축,금융사 자2,금융,"금융사 자2 데이터 마트 구축에서 적재 파이프라인 담당(Hadoop, Scala, Spark 활용)"
DP0059,W001042,X-0157,2025-05-01,2025-05-31,확정완료,계열사 L 데이터 레이크 고도화,계열사 L,그룹사(대내),"계열사 L 데이터 레이크 고도화에서 데이터 표준화 담당(Kafka, AWS, Hadoop 활용)"
DP0059,W001043,X-0091,2025-06-01,2025-11-30,확정완료,금융사 가2 비정형 문서 메타데이터 전환,금융사 가2,금융,"금융사 가2 비정형 문서 메타데이터 전환에서 데이터 이관 담당(Airflow, Python, SQL 활용)"
DP0059,W001044,X-0089,2025-12-01,2026-05-31,확정완료,공공기관 병 공공데이터 개방 플랫폼 구축,공공기관 병,공공,"공공기관 병 공공데이터 개방 플랫폼 구축에서 개방 API 담당(ETL, SQL, Python 활용)"
DP0059,W001045,X-0211,2026-06-01,2026-09-30,진행중,금융사 라2 비정형 문서 메타데이터 전환,금융사 라2,금융,"금융사 라2 비정형 문서 메타데이터 전환에서 데이터 이관 담당(Hadoop, Python, SQL 활용)"
DP0060,W001046,X-0109,2022-01-01,2022-04-30,확정완료,계열사 Z 데이터 거버넌스 구축,계열사 Z,그룹사(대내),"계열사 Z 데이터 거버넌스 구축에서 카탈로그 구축 담당(BI Reporting, Data Lake & Data Catalog, 데이터 모델링 활용)"
DP0060,W001047,X-0050,2022-05-01,2022-08-31,확정완료,금융사 라2 차세대 데이터 플랫폼 구축,금융사 라2,금융,"금융사 라2 차세대 데이터 플랫폼 구축에서 데이터 이관 담당(SQL, 데이터 모델링, 메타데이터 관리 활용)"
DP0060,W001048,X-0206,2022-10-01,2022-11-30,확정완료,계열사 E 데이터 거버넌스 구축,계열사 E,그룹사(대내),"계열사 E 데이터 거버넌스 구축에서 카탈로그 구축 담당(데이터 모델링, BI Reporting, SQL 활용)"
DP0060,W001049,X-0227,2023-01-01,2023-05-31,확정완료,계열사 W 데이터 레이크 고도화,계열사 W,그룹사(대내),"계열사 W 데이터 레이크 고도화에서 데이터 표준화 담당(Data Lake & Data Catalog, SQL, BI Reporting 활용)"
DP0060,W001050,X-0080,2023-06-01,2024-04-30,확정완료,계열사 J 데이터 레이크 고도화,계열사 J,그룹사(대내),"계열사 J 데이터 레이크 고도화에서 배치 운영 담당(데이터 모델링, BI Reporting, SQL 활용)"
DP0060,W001051,X-0225,2024-06-01,2025-03-31,확정완료,금융사 카 차세대 데이터 플랫폼 구축,금융사 카,금융,"금융사 카 차세대 데이터 플랫폼 구축에서 적재 파이프라인 담당(Data Lake & Data Catalog, 데이터 모델링, BI Reporting 활용)"
DP0060,W001052,X-0027,2025-06-01,2025-06-30,확정완료,계열사 Q 데이터 레이크 고도화,계열사 Q,그룹사(대내),"계열사 Q 데이터 레이크 고도화에서 카탈로그 구축 담당(데이터 모델링, BI Reporting, 메타데이터 관리 활용)"
DP0060,W001053,X-0178,2025-08-01,2025-11-30,확정완료,금융사 라 데이터 마트 구축,금융사 라,금융,"금융사 라 데이터 마트 구축에서 데이터 이관 담당(데이터 모델링, SQL, Data Lake & Data Catalog 활용)"
DP0060,W001054,X-0065,2026-01-01,2026-04-30,확정완료,금융사 카 차세대 데이터 플랫폼 구축,금융사 카,금융,"금융사 카 차세대 데이터 플랫폼 구축에서 적재 파이프라인 담당(SQL, 데이터 모델링, 메타데이터 관리 활용)"
DP0060,W001055,X-0089,2026-05-01,2026-05-31,확정완료,공공기관 병 공공데이터 개방 플랫폼 구축,공공기관 병,공공,"공공기관 병 공공데이터 개방 플랫폼 구축에서 개방 API 담당(Data Lake & Data Catalog, BI Reporting, 메타데이터 관리 활용)"
DP0060,W001056,X-0031,2026-06-01,2026-09-30,진행중,금융사 하2 비정형 문서 메타데이터 전환,금융사 하2,금융,"금융사 하2 비정형 문서 메타데이터 전환에서 메타데이터 설계 담당(BI Reporting, Data Lake & Data Catalog, SQL 활용)"
DP0061,W001057,X-0121,2020-06-01,2020-12-31,확정완료,계열사 A 데이터 레이크 고도화,계열사 A,그룹사(대내),"계열사 A 데이터 레이크 고도화에서 배치 운영 담당(Python, AWS, SQL 활용)"
DP0061,W001058,X-0182,2021-01-01,2021-03-31,확정완료,계열사 S 데이터 레이크 고도화,계열사 S,그룹사(대내),"계열사 S 데이터 레이크 고도화에서 데이터 표준화 담당(Airflow, ETL, Scala 활용)"
DP0061,W001059,X-0112,2021-04-01,2021-09-30,확정완료,금융사 가 비정형 문서 메타데이터 전환,금융사 가,금융,"금융사 가 비정형 문서 메타데이터 전환에서 메타데이터 설계 담당(Hadoop, Kafka, ETL 활용)"
DP0061,W001060,X-0208,2021-10-01,2022-01-31,확정완료,계열사 G 데이터 레이크 고도화,계열사 G,그룹사(대내),"계열사 G 데이터 레이크 고도화에서 데이터 표준화 담당(Hadoop, Kafka, ETL 활용)"
DP0061,W001061,X-0061,2022-03-01,2022-04-30,확정완료,금융사 가 차세대 데이터 플랫폼 구축,금융사 가,금융,"금융사 가 차세대 데이터 플랫폼 구축에서 적재 파이프라인 담당(Spark, ETL, Airflow 활용)"
DP0061,W001062,X-0206,2022-05-01,2022-11-30,미등록,계열사 E 데이터 거버넌스 구축,계열사 E,그룹사(대내),"계열사 E 데이터 거버넌스 구축에서 카탈로그 구축 담당(ETL, Spark, SQL 활용)"
DP0061,W001063,X-0128,2022-12-01,2022-12-31,확정완료,공공기관 갑 공공데이터 개방 플랫폼 구축,공공기관 갑,공공,"공공기관 갑 공공데이터 개방 플랫폼 구축에서 데이터 정제 담당(Hadoop, Airflow, Kafka 활용)"
DP0061,W001064,X-0141,2023-01-01,2023-08-31,확정완료,금융사 마2 데이터 마트 구축,금융사 마2,금융,"금융사 마2 데이터 마트 구축에서 적재 파이프라인 담당(Python, Spark, Airflow 활용)"
DP0061,W001065,X-0093,2023-09-01,2023-12-31,확정완료,계열사 A 데이터 레이크 고도화,계열사 A,그룹사(대내),"계열사 A 데이터 레이크 고도화에서 데이터 표준화 담당(AWS, Airflow, Spark 활용)"
DP0061,W001066,X-0080,2024-01-01,2024-06-30,확정완료,계열사 J 데이터 레이크 고도화,계열사 J,그룹사(대내),"계열사 J 데이터 레이크 고도화에서 배치 운영 담당(SQL, Kafka, Scala 활용)"
DP0061,W001067,X-0132,2024-09-01,2024-09-30,확정완료,계열사 P 데이터 거버넌스 구축,계열사 P,그룹사(대내),"계열사 P 데이터 거버넌스 구축에서 배치 운영 담당(Hadoop, SQL, Python 활용)"
DP0061,W001068,X-0072,2024-11-01,2025-01-31,확정완료,계열사 E 데이터 거버넌스 구축,계열사 E,그룹사(대내),"계열사 E 데이터 거버넌스 구축에서 데이터 표준화 담당(Scala, ETL, Kafka 활용)"
DP0061,W001069,X-0089,2025-04-01,2025-09-30,확정완료,공공기관 병 공공데이터 개방 플랫폼 구축,공공기관 병,공공,"공공기관 병 공공데이터 개방 플랫폼 구축에서 개방 API 담당(Scala, SQL, Python 활용)"
DP0061,W001070,X-0178,2025-10-01,2025-11-30,확정완료,금융사 라 데이터 마트 구축,금융사 라,금융,"금융사 라 데이터 마트 구축에서 데이터 이관 담당(Scala, ETL, Hadoop 활용)"
DP0061,W001071,X-0203,2025-12-01,2026-04-30,확정완료,계열사 O 데이터 거버넌스 구축,계열사 O,그룹사(대내),"계열사 O 데이터 거버넌스 구축에서 데이터 표준화 담당(Hadoop, AWS, Python 활용)"
DP0061,W001072,X-0138,2026-07-01,2026-09-30,진행중,계열사 H 데이터 레이크 고도화,계열사 H,그룹사(대내),"계열사 H 데이터 레이크 고도화에서 배치 운영 담당(Python, Scala, Kafka 활용)"
DP0062,W001073,X-0189,2020-05-01,2020-08-31,확정완료,금융사 파 차세대 데이터 플랫폼 구축,금융사 파,금융,"금융사 파 차세대 데이터 플랫폼 구축에서 데이터 이관 담당(Scala, Airflow, Spark 활용)"
DP0062,W001074,X-0121,2020-11-01,2021-03-31,확정완료,계열사 A 데이터 레이크 고도화,계열사 A,그룹사(대내),"계열사 A 데이터 레이크 고도화에서 배치 운영 담당(Python, Scala, AWS 활용)"
DP0062,W001075,X-0198,2021-05-01,2021-06-30,확정완료,계열사 R 데이터 거버넌스 구축,계열사 R,그룹사(대내),"계열사 R 데이터 거버넌스 구축에서 카탈로그 구축 담당(Scala, AWS, Hadoop 활용)"
DP0062,W001076,X-0128,2021-09-01,2022-05-31,확정완료,공공기관 갑 공공데이터 개방 플랫폼 구축,공공기관 갑,공공,"공공기관 갑 공공데이터 개방 플랫폼 구축에서 데이터 정제 담당(SQL, Hadoop, Kafka 활용)"
DP0062,W001077,X-0050,2022-06-01,2023-02-28,확정완료,금융사 라2 차세대 데이터 플랫폼 구축,금융사 라2,금융,"금융사 라2 차세대 데이터 플랫폼 구축에서 데이터 이관 담당(ETL, Airflow, Spark 활용)"
DP0062,W001078,X-0050,2023-04-01,2023-04-30,확정완료,금융사 라2 차세대 데이터 플랫폼 구축,금융사 라2,금융,"금융사 라2 차세대 데이터 플랫폼 구축에서 데이터 이관 담당(Spark, Hadoop, AWS 활용)"
DP0062,W001079,X-0246,2023-07-01,2024-02-29,확정완료,계열사 N 데이터 거버넌스 구축,계열사 N,그룹사(대내),"계열사 N 데이터 거버넌스 구축에서 데이터 표준화 담당(Spark, AWS, Kafka 활용)"
DP0062,W001080,X-0183,2024-03-01,2024-06-30,확정완료,계열사 I 데이터 거버넌스 구축,계열사 I,그룹사(대내),"계열사 I 데이터 거버넌스 구축에서 배치 운영 담당(Python, Kafka, Hadoop 활용)"
DP0062,W001081,X-0047,2024-07-01,2024-10-31,확정완료,계열사 H 데이터 거버넌스 구축,계열사 H,그룹사(대내),"계열사 H 데이터 거버넌스 구축에서 데이터 표준화 담당(Hadoop, Airflow, AWS 활용)"
DP0062,W001082,X-0194,2024-11-01,2025-03-31,확정완료,계열사 D 데이터 레이크 고도화,계열사 D,그룹사(대내),"계열사 D 데이터 레이크 고도화에서 카탈로그 구축 담당(AWS, Scala, Kafka 활용)"
DP0062,W001083,X-0100,2025-04-01,2025-06-30,확정완료,금융사 하 데이터 마트 구축,금융사 하,금융,"금융사 하 데이터 마트 구축에서 메타데이터 설계 담당(Spark, Kafka, SQL 활용)"
DP0062,W001084,X-0065,2025-08-01,2025-12-31,확정완료,금융사 카 차세대 데이터 플랫폼 구축,금융사 카,금융,"금융사 카 차세대 데이터 플랫폼 구축에서 적재 파이프라인 담당(Hadoop, AWS, Airflow 활용)"
DP0062,W001085,X-0089,2026-01-01,2026-05-31,미등록,공공기관 병 공공데이터 개방 플랫폼 구축,공공기관 병,공공,"공공기관 병 공공데이터 개방 플랫폼 구축에서 개방 API 담당(Python, Hadoop, Airflow 활용)"
DP0062,W001086,X-0031,2026-06-01,2026-09-30,진행중,금융사 하2 비정형 문서 메타데이터 전환,금융사 하2,금융,"금융사 하2 비정형 문서 메타데이터 전환에서 메타데이터 설계 담당(ETL, SQL, Hadoop 활용)"
DP0063,W001087,X-0194,2025-04-01,2025-08-31,확정완료,계열사 D 데이터 레이크 고도화,계열사 D,그룹사(대내),"계열사 D 데이터 레이크 고도화에서 카탈로그 구축 담당(AWS, Data Lake & Data Catalog, Hadoop 활용)"
DP0063,W001088,X-0063,2025-09-01,2025-11-30,확정완료,금융사 타 차세대 데이터 플랫폼 구축,금융사 타,금융,"금융사 타 차세대 데이터 플랫폼 구축에서 메타데이터 설계 담당(Private Cloud, AWS, Data Lake & Data Catalog 활용)"
DP0063,W001089,X-0108,2026-02-01,2026-03-31,확정완료,계열사 V 데이터 거버넌스 구축,계열사 V,그룹사(대내),"계열사 V 데이터 거버넌스 구축에서 카탈로그 구축 담당(Kubernetes, AWS, Hadoop 활용)"
DP0063,W001090,X-0138,2026-06-01,2026-09-30,진행중,계열사 H 데이터 레이크 고도화,계열사 H,그룹사(대내),"계열사 H 데이터 레이크 고도화에서 배치 운영 담당(Kafka, Data Lake & Data Catalog, Private Cloud 활용)"
DP0064,W001091,X-0181,2020-01-01,2020-08-31,확정완료,계열사 S 데이터 레이크 고도화,계열사 S,그룹사(대내),"계열사 S 데이터 레이크 고도화에서 카탈로그 구축 담당(Data Lake & Data Catalog, SQL, BI Reporting 활용)"
DP0064,W001092,X-0002,2020-09-01,2020-11-30,확정완료,계열사 Q 데이터 레이크 고도화,계열사 Q,그룹사(대내),"계열사 Q 데이터 레이크 고도화에서 데이터 표준화 담당(데이터 모델링, 메타데이터 관리, SQL 활용)"
DP0064,W001093,X-0121,2020-12-01,2021-06-30,확정완료,계열사 A 데이터 레이크 고도화,계열사 A,그룹사(대내),"계열사 A 데이터 레이크 고도화에서 배치 운영 담당(데이터 모델링, 메타데이터 관리, BI Reporting 활용)"
DP0064,W001094,X-0109,2021-08-01,2022-03-31,확정완료,계열사 Z 데이터 거버넌스 구축,계열사 Z,그룹사(대내),"계열사 Z 데이터 거버넌스 구축에서 카탈로그 구축 담당(BI Reporting, SQL, 데이터 모델링 활용)"
DP0064,W001095,X-0208,2022-04-01,2022-04-30,확정완료,계열사 G 데이터 레이크 고도화,계열사 G,그룹사(대내),"계열사 G 데이터 레이크 고도화에서 데이터 표준화 담당(Data Lake & Data Catalog, BI Reporting, SQL 활용)"
DP0064,W001096,X-0206,2022-06-01,2022-11-30,확정완료,계열사 E 데이터 거버넌스 구축,계열사 E,그룹사(대내),"계열사 E 데이터 거버넌스 구축에서 카탈로그 구축 담당(Data Lake & Data Catalog, 데이터 모델링, SQL 활용)"
DP0064,W001097,X-0141,2023-02-01,2023-08-31,확정완료,금융사 마2 데이터 마트 구축,금융사 마2,금융,"금융사 마2 데이터 마트 구축에서 적재 파이프라인 담당(Data Lake & Data Catalog, 데이터 모델링, SQL 활용)"
DP0064,W001098,X-0227,2023-10-01,2024-02-29,확정완료,계열사 W 데이터 레이크 고도화,계열사 W,그룹사(대내),"계열사 W 데이터 레이크 고도화에서 데이터 표준화 담당(SQL, 데이터 모델링, 메타데이터 관리 활용)"
DP0064,W001099,X-0235,2024-03-01,2024-08-31,확정완료,금융사 파 차세대 데이터 플랫폼 구축,금융사 파,금융,"금융사 파 차세대 데이터 플랫폼 구축에서 데이터 이관 담당(Data Lake & Data Catalog, BI Reporting, 데이터 모델링 활용)"
DP0064,W001100,X-0100,2024-09-01,2024-11-30,확정완료,금융사 하 데이터 마트 구축,금융사 하,금융,"금융사 하 데이터 마트 구축에서 메타데이터 설계 담당(데이터 모델링, SQL, Data Lake & Data Catalog 활용)"
DP0064,W001101,X-0239,2025-01-01,2025-03-31,확정완료,계열사 Y 데이터 레이크 고도화,계열사 Y,그룹사(대내),"계열사 Y 데이터 레이크 고도화에서 카탈로그 구축 담당(SQL, BI Reporting, 메타데이터 관리 활용)"
DP0064,W001102,X-0100,2025-04-01,2025-09-30,미등록,금융사 하 데이터 마트 구축,금융사 하,금융,"금융사 하 데이터 마트 구축에서 메타데이터 설계 담당(Data Lake & Data Catalog, 메타데이터 관리, SQL 활용)"
DP0064,W001103,X-0108,2025-11-01,2026-01-31,확정완료,계열사 V 데이터 거버넌스 구축,계열사 V,그룹사(대내),"계열사 V 데이터 거버넌스 구축에서 카탈로그 구축 담당(메타데이터 관리, SQL, Data Lake & Data Catalog 활용)"
DP0064,W001104,X-0087,2026-02-01,2026-08-31,확정완료,계열사 K 데이터 레이크 고도화,계열사 K,그룹사(대내),"계열사 K 데이터 레이크 고도화에서 배치 운영 담당(SQL, Data Lake & Data Catalog, 메타데이터 관리 활용)"
DP0064,W001105,X-0144,2026-09-01,2026-09-30,진행중,공공기관 병 공공데이터 개방 플랫폼 구축,공공기관 병,공공,"공공기관 병 공공데이터 개방 플랫폼 구축에서 개방 API 담당(BI Reporting, SQL, 메타데이터 관리 활용)"
DP0065,W001109,X-0056,2016-10-01,2017-02-28,미등록,계열사 N 데이터 레이크 고도화,계열사 N,그룹사(대내),"계열사 N 데이터 레이크 고도화에서 데이터 표준화 담당(AWS, Spark, SQL 활용)"
DP0065,W001110,X-0165,2017-03-01,2017-09-30,확정완료,공공기관 정 공공데이터 개방 플랫폼 구축,공공기관 정,공공,"공공기관 정 공공데이터 개방 플랫폼 구축에서 데이터 정제 담당(Hadoop, Airflow, AWS 활용)"
DP0065,W001111,X-0105,2017-11-01,2017-12-31,확정완료,금융사 다2 데이터 마트 구축,금융사 다2,금융,"금융사 다2 데이터 마트 구축에서 메타데이터 설계 담당(SQL, Hadoop, ETL 활용)"
DP0065,W001112,X-0051,2018-01-01,2018-01-31,확정완료,계열사 S 데이터 레이크 고도화,계열사 S,그룹사(대내),"계열사 S 데이터 레이크 고도화에서 데이터 표준화 담당(Spark, AWS, Airflow 활용)"
DP0065,W001113,X-0165,2018-02-01,2018-07-31,확정완료,공공기관 정 공공데이터 개방 플랫폼 구축,공공기관 정,공공,"공공기관 정 공공데이터 개방 플랫폼 구축에서 데이터 정제 담당(Kafka, Airflow, Spark 활용)"
DP0065,W001114,X-0023,2018-08-01,2018-10-31,확정완료,금융사 하 차세대 데이터 플랫폼 구축,금융사 하,금융,"금융사 하 차세대 데이터 플랫폼 구축에서 데이터 이관 담당(Kafka, Hadoop, Airflow 활용)"
DP0065,W001115,X-0088,2018-11-01,2019-04-30,확정완료,계열사 R 데이터 거버넌스 구축,계열사 R,그룹사(대내),"계열사 R 데이터 거버넌스 구축에서 데이터 표준화 담당(Airflow, Kafka, AWS 활용)"
DP0065,W001116,X-0066,2019-07-01,2020-06-30,확정완료,계열사 P 데이터 레이크 고도화,계열사 P,그룹사(대내),"계열사 P 데이터 레이크 고도화에서 카탈로그 구축 담당(Hadoop, Python, Spark 활용)"
DP0065,W001117,X-0182,2020-07-01,2021-03-31,확정완료,계열사 S 데이터 레이크 고도화,계열사 S,그룹사(대내),"계열사 S 데이터 레이크 고도화에서 데이터 표준화 담당(Hadoop, Scala, Python 활용)"
DP0065,W001118,X-0198,2021-04-01,2021-06-30,확정완료,계열사 R 데이터 거버넌스 구축,계열사 R,그룹사(대내),"계열사 R 데이터 거버넌스 구축에서 카탈로그 구축 담당(Hadoop, Python, Scala 활용)"
DP0065,W001119,X-0112,2021-08-01,2022-01-31,미등록,금융사 가 비정형 문서 메타데이터 전환,금융사 가,금융,"금융사 가 비정형 문서 메타데이터 전환에서 메타데이터 설계 담당(Hadoop, SQL, Kafka 활용)"
DP0065,W001120,X-0206,2022-04-01,2022-11-30,확정완료,계열사 E 데이터 거버넌스 구축,계열사 E,그룹사(대내),"계열사 E 데이터 거버넌스 구축에서 카탈로그 구축 담당(Python, ETL, AWS 활용)"
DP0065,W001121,X-0141,2022-12-01,2023-10-31,미등록,금융사 마2 데이터 마트 구축,금융사 마2,금융,"금융사 마2 데이터 마트 구축에서 적재 파이프라인 담당(AWS, SQL, Spark 활용)"
DP0065,W001122,X-0122,2023-11-01,2024-04-30,미등록,공공기관 을 공공데이터 개방 플랫폼 구축,공공기관 을,공공,"공공기관 을 공공데이터 개방 플랫폼 구축에서 개방 API 담당(Scala, Python, Hadoop 활용)"
DP0065,W001123,X-0047,2024-05-01,2024-10-31,미등록,계열사 H 데이터 거버넌스 구축,계열사 H,그룹사(대내),"계열사 H 데이터 거버넌스 구축에서 데이터 표준화 담당(AWS, Python, Kafka 활용)"
DP0065,W001124,X-0091,2024-11-01,2025-07-31,확정완료,금융사 가2 비정형 문서 메타데이터 전환,금융사 가2,금융,"금융사 가2 비정형 문서 메타데이터 전환에서 데이터 이관 담당(Airflow, Kafka, AWS 활용)"
DP0065,W001125,X-0087,2025-08-01,2026-05-31,확정완료,계열사 K 데이터 레이크 고도화,계열사 K,그룹사(대내),"계열사 K 데이터 레이크 고도화에서 배치 운영 담당(ETL, Scala, Kafka 활용)"
DP0065,W001126,X-0211,2026-06-01,2026-09-30,진행중,금융사 라2 비정형 문서 메타데이터 전환,금융사 라2,금융,"금융사 라2 비정형 문서 메타데이터 전환에서 데이터 이관 담당(Scala, AWS, Python 활용)"
DP0066,W001127,X-0106,2017-07-01,2017-08-31,확정완료,공공기관 을 공공데이터 개방 플랫폼 구축,공공기관 을,공공,"공공기관 을 공공데이터 개방 플랫폼 구축에서 개방 API 담당(Data Lake & Data Catalog, BI Reporting, SQL 활용)"
DP0066,W001128,X-0190,2017-11-01,2018-04-30,확정완료,계열사 N 데이터 레이크 고도화,계열사 N,그룹사(대내),"계열사 N 데이터 레이크 고도화에서 배치 운영 담당(데이터 모델링, SQL, 메타데이터 관리 활용)"
DP0066,W001129,X-0151,2018-05-01,2018-09-30,확정완료,금융사 가2 차세대 데이터 플랫폼 구축,금융사 가2,금융,"금융사 가2 차세대 데이터 플랫폼 구축에서 메타데이터 설계 담당(메타데이터 관리, SQL, 데이터 모델링 활용)"
DP0066,W001130,X-0169,2018-10-01,2018-12-31,확정완료,금융사 타 차세대 데이터 플랫폼 구축,금융사 타,금융,"금융사 타 차세대 데이터 플랫폼 구축에서 적재 파이프라인 담당(메타데이터 관리, 데이터 모델링, BI Reporting 활용)"
DP0066,W001131,X-0243,2019-03-01,2019-11-30,확정완료,계열사 B 데이터 레이크 고도화,계열사 B,그룹사(대내),"계열사 B 데이터 레이크 고도화에서 배치 운영 담당(데이터 모델링, SQL, BI Reporting 활용)"
DP0066,W001132,X-0182,2020-02-01,2021-01-31,확정완료,계열사 S 데이터 레이크 고도화,계열사 S,그룹사(대내),"계열사 S 데이터 레이크 고도화에서 데이터 표준화 담당(SQL, BI Reporting, 메타데이터 관리 활용)"
DP0066,W001133,X-0121,2021-02-01,2021-06-30,확정완료,계열사 A 데이터 레이크 고도화,계열사 A,그룹사(대내),"계열사 A 데이터 레이크 고도화에서 배치 운영 담당(메타데이터 관리, Data Lake & Data Catalog, BI Reporting 활용)"
DP0066,W001134,X-0016,2021-07-01,2022-02-28,확정완료,공공기관 을 공공데이터 개방 플랫폼 구축,공공기관 을,공공,"공공기관 을 공공데이터 개방 플랫폼 구축에서 데이터 정제 담당(Data Lake & Data Catalog, SQL, BI Reporting 활용)"
DP0066,W001135,X-0061,2022-03-01,2022-04-30,확정완료,금융사 가 차세대 데이터 플랫폼 구축,금융사 가,금융,"금융사 가 차세대 데이터 플랫폼 구축에서 적재 파이프라인 담당(데이터 모델링, 메타데이터 관리, BI Reporting 활용)"
DP0066,W001136,X-0093,2022-07-01,2022-12-31,미등록,계열사 A 데이터 레이크 고도화,계열사 A,그룹사(대내),"계열사 A 데이터 레이크 고도화에서 데이터 표준화 담당(BI Reporting, Data Lake & Data Catalog, 메타데이터 관리 활용)"
DP0066,W001137,X-0093,2023-03-01,2023-05-31,확정완료,계열사 A 데이터 레이크 고도화,계열사 A,그룹사(대내),"계열사 A 데이터 레이크 고도화에서 데이터 표준화 담당(메타데이터 관리, SQL, Data Lake & Data Catalog 활용)"
DP0066,W001138,X-0163,2023-06-01,2023-12-31,확정완료,계열사 L 데이터 레이크 고도화,계열사 L,그룹사(대내),"계열사 L 데이터 레이크 고도화에서 배치 운영 담당(데이터 모델링, BI Reporting, 메타데이터 관리 활용)"
DP0066,W001139,X-0072,2024-01-01,2024-03-31,확정완료,계열사 E 데이터 거버넌스 구축,계열사 E,그룹사(대내),"계열사 E 데이터 거버넌스 구축에서 데이터 표준화 담당(데이터 모델링, Data Lake & Data Catalog, 메타데이터 관리 활용)"
DP0066,W001140,X-0038,2024-04-01,2024-06-30,확정완료,계열사 F 데이터 거버넌스 구축,계열사 F,그룹사(대내),"계열사 F 데이터 거버넌스 구축에서 데이터 표준화 담당(BI Reporting, 데이터 모델링, SQL 활용)"
DP0066,W001141,X-0235,2024-09-01,2025-01-31,확정완료,금융사 파 차세대 데이터 플랫폼 구축,금융사 파,금융,"금융사 파 차세대 데이터 플랫폼 구축에서 데이터 이관 담당(SQL, 데이터 모델링, 메타데이터 관리 활용)"
DP0066,W001142,X-0194,2025-02-01,2025-07-31,확정완료,계열사 D 데이터 레이크 고도화,계열사 D,그룹사(대내),"계열사 D 데이터 레이크 고도화에서 카탈로그 구축 담당(SQL, 메타데이터 관리, Data Lake & Data Catalog 활용)"
DP0066,W001143,X-0008,2025-09-01,2025-10-31,확정완료,금융사 자 비정형 문서 메타데이터 전환,금융사 자,금융,"금융사 자 비정형 문서 메타데이터 전환에서 메타데이터 설계 담당(데이터 모델링, Data Lake & Data Catalog, BI Reporting 활용)"
DP0066,W001144,X-0203,2025-11-01,2026-02-28,확정완료,계열사 O 데이터 거버넌스 구축,계열사 O,그룹사(대내),"계열사 O 데이터 거버넌스 구축에서 데이터 표준화 담당(메타데이터 관리, 데이터 모델링, SQL 활용)"
DP0066,W001145,X-0007,2026-03-01,2026-09-30,진행중,금융사 차 차세대 데이터 플랫폼 구축,금융사 차,금융,"금융사 차 차세대 데이터 플랫폼 구축에서 메타데이터 설계 담당(데이터 모델링, BI Reporting, Data Lake & Data Catalog 활용)"
DP0067,W001146,X-0208,2021-10-01,2022-04-30,확정완료,계열사 G 데이터 레이크 고도화,계열사 G,그룹사(대내),"계열사 G 데이터 레이크 고도화에서 데이터 표준화 담당(메타데이터 관리, SQL, BI Reporting 활용)"
DP0067,W001147,X-0147,2022-05-01,2022-05-31,확정완료,금융사 가 차세대 데이터 플랫폼 구축,금융사 가,금융,"금융사 가 차세대 데이터 플랫폼 구축에서 적재 파이프라인 담당(BI Reporting, 메타데이터 관리, 데이터 모델링 활용)"
DP0067,W001148,X-0050,2022-06-01,2022-11-30,확정완료,금융사 라2 차세대 데이터 플랫폼 구축,금융사 라2,금융,"금융사 라2 차세대 데이터 플랫폼 구축에서 데이터 이관 담당(SQL, 데이터 모델링, BI Reporting 활용)"
DP0067,W001149,X-0093,2023-02-01,2023-06-30,확정완료,계열사 A 데이터 레이크 고도화,계열사 A,그룹사(대내),"계열사 A 데이터 레이크 고도화에서 데이터 표준화 담당(BI Reporting, 데이터 모델링, 메타데이터 관리 활용)"
DP0067,W001150,X-0141,2023-07-01,2023-12-31,확정완료,금융사 마2 데이터 마트 구축,금융사 마2,금융,"금융사 마2 데이터 마트 구축에서 적재 파이프라인 담당(SQL, BI Reporting, 데이터 모델링 활용)"
DP0067,W001151,X-0086,2024-02-01,2024-02-29,확정완료,계열사 I 데이터 레이크 고도화,계열사 I,그룹사(대내),"계열사 I 데이터 레이크 고도화에서 데이터 표준화 담당(메타데이터 관리, BI Reporting, 데이터 모델링 활용)"
DP0067,W001152,X-0132,2024-03-01,2024-09-30,확정완료,계열사 P 데이터 거버넌스 구축,계열사 P,그룹사(대내),"계열사 P 데이터 거버넌스 구축에서 배치 운영 담당(메타데이터 관리, SQL, BI Reporting 활용)"
DP0067,W001153,X-0038,2024-10-01,2024-12-31,확정완료,계열사 F 데이터 거버넌스 구축,계열사 F,그룹사(대내),"계열사 F 데이터 거버넌스 구축에서 데이터 표준화 담당(SQL, BI Reporting, 메타데이터 관리 활용)"
DP0067,W001154,X-0157,2025-01-01,2025-04-30,확정완료,계열사 L 데이터 레이크 고도화,계열사 L,그룹사(대내),"계열사 L 데이터 레이크 고도화에서 데이터 표준화 담당(SQL, BI Reporting, 데이터 모델링 활용)"
DP0067,W001155,X-0008,2025-05-01,2025-10-31,확정완료,금융사 자 비정형 문서 메타데이터 전환,금융사 자,금융,"금융사 자 비정형 문서 메타데이터 전환에서 메타데이터 설계 담당(메타데이터 관리, BI Reporting, SQL 활용)"
DP0067,W001156,X-0203,2025-11-01,2026-06-30,확정완료,계열사 O 데이터 거버넌스 구축,계열사 O,그룹사(대내),"계열사 O 데이터 거버넌스 구축에서 데이터 표준화 담당(데이터 모델링, 메타데이터 관리, BI Reporting 활용)"
DP0067,W001157,X-0138,2026-07-01,2026-09-30,진행중,계열사 H 데이터 레이크 고도화,계열사 H,그룹사(대내),"계열사 H 데이터 레이크 고도화에서 배치 운영 담당(메타데이터 관리, SQL, BI Reporting 활용)"
DP0068,W001160,X-0212,2016-10-01,2016-10-31,확정완료,금융사 라2 차세대 데이터 플랫폼 구축,금융사 라2,금융,"금융사 라2 차세대 데이터 플랫폼 구축에서 데이터 이관 담당(BI Reporting, Data Lake & Data Catalog, 데이터 모델링 활용)"
DP0068,W001161,X-0228,2017-01-01,2017-08-31,확정완료,금융사 라2 데이터 마트 구축,금융사 라2,금융,"금융사 라2 데이터 마트 구축에서 적재 파이프라인 담당(데이터 모델링, BI Reporting, Data Lake & Data Catalog 활용)"
DP0068,W001162,X-0043,2017-09-01,2017-12-31,확정완료,계열사 Y 데이터 거버넌스 구축,계열사 Y,그룹사(대내),"계열사 Y 데이터 거버넌스 구축에서 배치 운영 담당(메타데이터 관리, 데이터 모델링, Data Lake & Data Catalog 활용)"
DP0068,W001163,X-0043,2018-01-01,2018-02-28,확정완료,계열사 Y 데이터 거버넌스 구축,계열사 Y,그룹사(대내),"계열사 Y 데이터 거버넌스 구축에서 배치 운영 담당(SQL, Data Lake & Data Catalog, BI Reporting 활용)"
DP0068,W001164,X-0201,2018-05-01,2018-06-30,확정완료,금융사 파2 차세대 데이터 플랫폼 구축,금융사 파2,금융,"금융사 파2 차세대 데이터 플랫폼 구축에서 적재 파이프라인 담당(SQL, 데이터 모델링, BI Reporting 활용)"
DP0068,W001165,X-0084,2018-07-01,2019-02-28,확정완료,금융사 바2 비정형 문서 메타데이터 전환,금융사 바2,금융,"금융사 바2 비정형 문서 메타데이터 전환에서 데이터 이관 담당(SQL, BI Reporting, Data Lake & Data Catalog 활용)"
DP0068,W001166,X-0181,2019-03-01,2019-09-30,확정완료,계열사 S 데이터 레이크 고도화,계열사 S,그룹사(대내),"계열사 S 데이터 레이크 고도화에서 카탈로그 구축 담당(BI Reporting, 데이터 모델링, Data Lake & Data Catalog 활용)"
DP0068,W001167,X-0182,2019-12-01,2020-04-30,미등록,계열사 S 데이터 레이크 고도화,계열사 S,그룹사(대내),"계열사 S 데이터 레이크 고도화에서 데이터 표준화 담당(SQL, 메타데이터 관리, Data Lake & Data Catalog 활용)"
DP0068,W001168,X-0189,2020-07-01,2020-10-31,확정완료,금융사 파 차세대 데이터 플랫폼 구축,금융사 파,금융,"금융사 파 차세대 데이터 플랫폼 구축에서 데이터 이관 담당(BI Reporting, SQL, Data Lake & Data Catalog 활용)"
DP0068,W001169,X-0182,2021-01-01,2021-03-31,확정완료,계열사 S 데이터 레이크 고도화,계열사 S,그룹사(대내),"계열사 S 데이터 레이크 고도화에서 데이터 표준화 담당(BI Reporting, SQL, 메타데이터 관리 활용)"
DP0068,W001170,X-0180,2021-04-01,2021-06-30,확정완료,금융사 아 데이터 마트 구축,금융사 아,금융,"금융사 아 데이터 마트 구축에서 데이터 이관 담당(메타데이터 관리, SQL, 데이터 모델링 활용)"
DP0068,W001171,X-0016,2021-09-01,2022-02-28,미등록,공공기관 을 공공데이터 개방 플랫폼 구축,공공기관 을,공공,"공공기관 을 공공데이터 개방 플랫폼 구축에서 데이터 정제 담당(Data Lake & Data Catalog, SQL, BI Reporting 활용)"
DP0068,W001172,X-0221,2022-03-01,2022-10-31,확정완료,금융사 마 차세대 데이터 플랫폼 구축,금융사 마,금융,"금융사 마 차세대 데이터 플랫폼 구축에서 데이터 이관 담당(SQL, 메타데이터 관리, Data Lake & Data Catalog 활용)"
DP0068,W001173,X-0093,2022-11-01,2023-01-31,확정완료,계열사 A 데이터 레이크 고도화,계열사 A,그룹사(대내),"계열사 A 데이터 레이크 고도화에서 데이터 표준화 담당(BI Reporting, SQL, 메타데이터 관리 활용)"
DP0068,W001174,X-0050,2023-02-01,2023-04-30,미등록,금융사 라2 차세대 데이터 플랫폼 구축,금융사 라2,금융,"금융사 라2 차세대 데이터 플랫폼 구축에서 데이터 이관 담당(SQL, Data Lake & Data Catalog, BI Reporting 활용)"
DP0068,W001175,X-0227,2023-07-01,2024-02-29,확정완료,계열사 W 데이터 레이크 고도화,계열사 W,그룹사(대내),"계열사 W 데이터 레이크 고도화에서 데이터 표준화 담당(데이터 모델링, Data Lake & Data Catalog, SQL 활용)"
DP0068,W001176,X-0094,2024-03-01,2024-04-30,확정완료,계열사 C 데이터 레이크 고도화,계열사 C,그룹사(대내),"계열사 C 데이터 레이크 고도화에서 배치 운영 담당(SQL, 데이터 모델링, BI Reporting 활용)"
DP0068,W001177,X-0028,2024-06-01,2024-10-31,확정완료,계열사 B 데이터 거버넌스 구축,계열사 B,그룹사(대내),"계열사 B 데이터 거버넌스 구축에서 배치 운영 담당(BI Reporting, Data Lake & Data Catalog, 데이터 모델링 활용)"
DP0068,W001178,X-0091,2024-11-01,2025-09-30,확정완료,금융사 가2 비정형 문서 메타데이터 전환,금융사 가2,금융,"금융사 가2 비정형 문서 메타데이터 전환에서 데이터 이관 담당(데이터 모델링, BI Reporting, SQL 활용)"
DP0068,W001179,X-0138,2025-12-01,2026-02-28,확정완료,계열사 H 데이터 레이크 고도화,계열사 H,그룹사(대내),"계열사 H 데이터 레이크 고도화에서 배치 운영 담당(SQL, 메타데이터 관리, 데이터 모델링 활용)"
DP0068,W001180,X-0007,2026-03-01,2026-09-30,진행중,금융사 차 차세대 데이터 플랫폼 구축,금융사 차,금융,"금융사 차 차세대 데이터 플랫폼 구축에서 메타데이터 설계 담당(메타데이터 관리, 데이터 모델링, BI Reporting 활용)"
DP0069,W001181,X-0151,2018-04-01,2018-07-31,확정완료,금융사 가2 차세대 데이터 플랫폼 구축,금융사 가2,금융,"금융사 가2 차세대 데이터 플랫폼 구축에서 메타데이터 설계 담당(Spark, Python, Airflow 활용)"
DP0069,W001182,X-0017,2018-10-01,2018-11-30,미등록,공공기관 기 공공데이터 개방 플랫폼 구축,공공기관 기,공공,"공공기관 기 공공데이터 개방 플랫폼 구축에서 데이터 정제 담당(AWS, SQL, Kafka 활용)"
DP0069,W001183,X-0205,2018-12-01,2019-09-30,확정완료,금융사 가2 차세대 데이터 플랫폼 구축,금융사 가2,금융,"금융사 가2 차세대 데이터 플랫폼 구축에서 메타데이터 설계 담당(SQL, Kafka, Scala 활용)"
DP0069,W001184,X-0066,2019-12-01,2020-06-30,확정완료,계열사 P 데이터 레이크 고도화,계열사 P,그룹사(대내),"계열사 P 데이터 레이크 고도화에서 카탈로그 구축 담당(Airflow, Scala, Kafka 활용)"
DP0069,W001185,X-0066,2020-09-01,2020-09-30,미등록,계열사 P 데이터 레이크 고도화,계열사 P,그룹사(대내),"계열사 P 데이터 레이크 고도화에서 카탈로그 구축 담당(Kafka, SQL, ETL 활용)"
DP0069,W001186,X-0180,2020-10-01,2021-04-30,확정완료,금융사 아 데이터 마트 구축,금융사 아,금융,"금융사 아 데이터 마트 구축에서 데이터 이관 담당(Hadoop, AWS, ETL 활용)"
DP0069,W001187,X-0198,2021-05-01,2021-06-30,확정완료,계열사 R 데이터 거버넌스 구축,계열사 R,그룹사(대내),"계열사 R 데이터 거버넌스 구축에서 카탈로그 구축 담당(Kafka, Hadoop, Airflow 활용)"
DP0069,W001188,X-0174,2021-07-01,2021-11-30,확정완료,공공기관 경 공공데이터 개방 플랫폼 구축,공공기관 경,공공,"공공기관 경 공공데이터 개방 플랫폼 구축에서 개방 API 담당(Python, ETL, SQL 활용)"
DP0069,W001189,X-0109,2021-12-01,2022-03-31,확정완료,계열사 Z 데이터 거버넌스 구축,계열사 Z,그룹사(대내),"계열사 Z 데이터 거버넌스 구축에서 카탈로그 구축 담당(Airflow, AWS, Hadoop 활용)"
DP0069,W001190,X-0208,2022-04-01,2022-04-30,확정완료,계열사 G 데이터 레이크 고도화,계열사 G,그룹사(대내),"계열사 G 데이터 레이크 고도화에서 데이터 표준화 담당(Spark, ETL, Python 활용)"
DP0069,W001191,X-0206,2022-05-01,2022-11-30,확정완료,계열사 E 데이터 거버넌스 구축,계열사 E,그룹사(대내),"계열사 E 데이터 거버넌스 구축에서 카탈로그 구축 담당(ETL, Kafka, Spark 활용)"
DP0069,W001192,X-0050,2022-12-01,2023-04-30,확정완료,금융사 라2 차세대 데이터 플랫폼 구축,금융사 라2,금융,"금융사 라2 차세대 데이터 플랫폼 구축에서 데이터 이관 담당(Hadoop, Spark, Kafka 활용)"
DP0069,W001193,X-0080,2023-05-01,2024-03-31,확정완료,계열사 J 데이터 레이크 고도화,계열사 J,그룹사(대내),"계열사 J 데이터 레이크 고도화에서 배치 운영 담당(AWS, Airflow, Spark 활용)"
DP0069,W001194,X-0122,2024-04-01,2024-04-30,확정완료,공공기관 을 공공데이터 개방 플랫폼 구축,공공기관 을,공공,"공공기관 을 공공데이터 개방 플랫폼 구축에서 개방 API 담당(Scala, Airflow, ETL 활용)"
DP0069,W001195,X-0028,2024-05-01,2024-11-30,미등록,계열사 B 데이터 거버넌스 구축,계열사 B,그룹사(대내),"계열사 B 데이터 거버넌스 구축에서 배치 운영 담당(SQL, Airflow, Python 활용)"
DP0069,W001196,X-0213,2025-01-01,2025-03-31,확정완료,계열사 O 데이터 레이크 고도화,계열사 O,그룹사(대내),"계열사 O 데이터 레이크 고도화에서 데이터 표준화 담당(Scala, AWS, Kafka 활용)"
DP0069,W001197,X-0091,2025-04-01,2025-10-31,확정완료,금융사 가2 비정형 문서 메타데이터 전환,금융사 가2,금융,"금융사 가2 비정형 문서 메타데이터 전환에서 데이터 이관 담당(SQL, AWS, Spark 활용)"
DP0069,W001198,X-0108,2025-11-01,2026-03-31,확정완료,계열사 V 데이터 거버넌스 구축,계열사 V,그룹사(대내),"계열사 V 데이터 거버넌스 구축에서 카탈로그 구축 담당(Airflow, ETL, AWS 활용)"
DP0069,W001199,X-0031,2026-04-01,2026-08-31,확정완료,금융사 하2 비정형 문서 메타데이터 전환,금융사 하2,금융,"금융사 하2 비정형 문서 메타데이터 전환에서 메타데이터 설계 담당(ETL, Scala, Airflow 활용)"
DP0069,W001200,X-0065,2026-09-01,2026-09-30,진행중,금융사 카 차세대 데이터 플랫폼 구축,금융사 카,금융,"금융사 카 차세대 데이터 플랫폼 구축에서 적재 파이프라인 담당(Kafka, Python, Hadoop 활용)"
DP0070,W001201,X-0093,2023-07-01,2023-12-31,확정완료,계열사 A 데이터 레이크 고도화,계열사 A,그룹사(대내),"계열사 A 데이터 레이크 고도화에서 데이터 표준화 담당(데이터 모델링, BI Reporting, 메타데이터 관리 활용)"
DP0070,W001202,X-0229,2024-01-01,2024-09-30,확정완료,계열사 R 데이터 거버넌스 구축,계열사 R,그룹사(대내),"계열사 R 데이터 거버넌스 구축에서 배치 운영 담당(SQL, 메타데이터 관리, BI Reporting 활용)"
DP0070,W001203,X-0028,2024-10-01,2025-02-28,확정완료,계열사 B 데이터 거버넌스 구축,계열사 B,그룹사(대내),"계열사 B 데이터 거버넌스 구축에서 배치 운영 담당(메타데이터 관리, 데이터 모델링, BI Reporting 활용)"
DP0070,W001204,X-0213,2025-03-01,2025-03-31,확정완료,계열사 O 데이터 레이크 고도화,계열사 O,그룹사(대내),"계열사 O 데이터 레이크 고도화에서 데이터 표준화 담당(BI Reporting, 메타데이터 관리, 데이터 모델링 활용)"
DP0070,W001205,X-0089,2025-04-01,2026-02-28,확정완료,공공기관 병 공공데이터 개방 플랫폼 구축,공공기관 병,공공,"공공기관 병 공공데이터 개방 플랫폼 구축에서 개방 API 담당(메타데이터 관리, 데이터 모델링, SQL 활용)"
DP0070,W001206,X-0087,2026-03-01,2026-08-31,확정완료,계열사 K 데이터 레이크 고도화,계열사 K,그룹사(대내),"계열사 K 데이터 레이크 고도화에서 배치 운영 담당(데이터 모델링, BI Reporting, SQL 활용)"
DP0071,W001231,X-0054,2016-10-01,2016-11-30,확정완료,계열사 V 데이터 레이크 고도화,계열사 V,그룹사(대내),"계열사 V 데이터 레이크 고도화에서 카탈로그 구축 담당(비정형 문서 처리(OCR), 메타데이터 관리, Text Analysis 활용)"
DP0071,W001232,X-0192,2016-12-01,2017-10-31,확정완료,금융사 나2 비정형 문서 메타데이터 전환,금융사 나2,금융,"금융사 나2 비정형 문서 메타데이터 전환에서 메타데이터 설계 담당(비정형 문서 처리(OCR), 메타데이터 관리, Text Analysis 활용)"
DP0071,W001233,X-0165,2018-01-01,2018-06-30,확정완료,공공기관 정 공공데이터 개방 플랫폼 구축,공공기관 정,공공,"공공기관 정 공공데이터 개방 플랫폼 구축에서 데이터 정제 담당(비정형 문서 처리(OCR), 메타데이터 관리, ETL 활용)"
DP0071,W001234,X-0167,2018-09-01,2019-04-30,확정완료,공공기관 병 공공데이터 개방 플랫폼 구축,공공기관 병,공공,"공공기관 병 공공데이터 개방 플랫폼 구축에서 개방 API 담당(비정형 문서 처리(OCR), Python, ETL 활용)"
DP0071,W001235,X-0066,2019-05-01,2019-08-31,확정완료,계열사 P 데이터 레이크 고도화,계열사 P,그룹사(대내),"계열사 P 데이터 레이크 고도화에서 카탈로그 구축 담당(메타데이터 관리, ETL, 검색엔진 활용)"
DP0071,W001236,X-0204,2019-09-01,2019-12-31,확정완료,금융사 사2 차세대 데이터 플랫폼 구축,금융사 사2,금융,"금융사 사2 차세대 데이터 플랫폼 구축에서 데이터 이관 담당(ETL, 검색엔진, Python 활용)"
DP0071,W001237,X-0104,2020-03-01,2020-03-31,확정완료,계열사 E 데이터 레이크 고도화,계열사 E,그룹사(대내),"계열사 E 데이터 레이크 고도화에서 카탈로그 구축 담당(ETL, Python, 메타데이터 관리 활용)"
DP0071,W001238,X-0066,2020-04-01,2020-08-31,확정완료,계열사 P 데이터 레이크 고도화,계열사 P,그룹사(대내),"계열사 P 데이터 레이크 고도화에서 카탈로그 구축 담당(비정형 문서 처리(OCR), 메타데이터 관리, Python 활용)"
DP0071,W001239,X-0182,2020-11-01,2021-03-31,미등록,계열사 S 데이터 레이크 고도화,계열사 S,그룹사(대내),"계열사 S 데이터 레이크 고도화에서 데이터 표준화 담당(Python, ETL, 메타데이터 관리 활용)"
DP0071,W001240,X-0111,2021-04-01,2021-12-31,확정완료,금융사 타2 차세대 데이터 플랫폼 구축,금융사 타2,금융,"금융사 타2 차세대 데이터 플랫폼 구축에서 적재 파이프라인 담당(검색엔진, ETL, Text Analysis 활용)"
DP0071,W001241,X-0016,2022-01-01,2022-02-28,미등록,공공기관 을 공공데이터 개방 플랫폼 구축,공공기관 을,공공,"공공기관 을 공공데이터 개방 플랫폼 구축에서 데이터 정제 담당(메타데이터 관리, ETL, Text Analysis 활용)"
DP0071,W001242,X-0109,2022-04-01,2022-04-30,확정완료,계열사 Z 데이터 거버넌스 구축,계열사 Z,그룹사(대내),"계열사 Z 데이터 거버넌스 구축에서 카탈로그 구축 담당(비정형 문서 처리(OCR), 메타데이터 관리, Text Analysis 활용)"
DP0071,W001243,X-0174,2022-07-01,2022-09-30,확정완료,공공기관 경 공공데이터 개방 플랫폼 구축,공공기관 경,공공,"공공기관 경 공공데이터 개방 플랫폼 구축에서 개방 API 담당(ETL, 비정형 문서 처리(OCR), 메타데이터 관리 활용)"
DP0071,W001244,X-0128,2022-10-01,2022-10-31,확정완료,공공기관 갑 공공데이터 개방 플랫폼 구축,공공기관 갑,공공,"공공기관 갑 공공데이터 개방 플랫폼 구축에서 데이터 정제 담당(Text Analysis, ETL, 검색엔진 활용)"
DP0071,W001245,X-0227,2023-01-01,2023-04-30,확정완료,계열사 W 데이터 레이크 고도화,계열사 W,그룹사(대내),"계열사 W 데이터 레이크 고도화에서 데이터 표준화 담당(Text Analysis, 메타데이터 관리, 비정형 문서 처리(OCR) 활용)"
DP0071,W001246,X-0141,2023-05-01,2023-12-31,확정완료,금융사 마2 데이터 마트 구축,금융사 마2,금융,"금융사 마2 데이터 마트 구축에서 적재 파이프라인 담당(검색엔진, ETL, Text Analysis 활용)"
DP0071,W001247,X-0225,2024-03-01,2024-05-31,확정완료,금융사 카 차세대 데이터 플랫폼 구축,금융사 카,금융,"금융사 카 차세대 데이터 플랫폼 구축에서 적재 파이프라인 담당(Python, 비정형 문서 처리(OCR), Text Analysis 활용)"
DP0071,W001248,X-0229,2024-07-01,2024-09-30,확정완료,계열사 R 데이터 거버넌스 구축,계열사 R,그룹사(대내),"계열사 R 데이터 거버넌스 구축에서 배치 운영 담당(메타데이터 관리, 검색엔진, Text Analysis 활용)"
DP0071,W001249,X-0072,2024-10-01,2025-01-31,미등록,계열사 E 데이터 거버넌스 구축,계열사 E,그룹사(대내),"계열사 E 데이터 거버넌스 구축에서 데이터 표준화 담당(Python, 비정형 문서 처리(OCR), 검색엔진 활용)"
DP0071,W001250,X-0178,2025-02-01,2025-10-31,확정완료,금융사 라 데이터 마트 구축,금융사 라,금융,"금융사 라 데이터 마트 구축에서 데이터 이관 담당(메타데이터 관리, 비정형 문서 처리(OCR), 검색엔진 활용)"
DP0071,W001251,X-0138,2025-11-01,2026-05-31,확정완료,계열사 H 데이터 레이크 고도화,계열사 H,그룹사(대내),"계열사 H 데이터 레이크 고도화에서 배치 운영 담당(비정형 문서 처리(OCR), Text Analysis, ETL 활용)"
DP0071,W001252,X-0031,2026-08-01,2026-09-30,진행중,금융사 하2 비정형 문서 메타데이터 전환,금융사 하2,금융,"금융사 하2 비정형 문서 메타데이터 전환에서 메타데이터 설계 담당(비정형 문서 처리(OCR), 검색엔진, ETL 활용)"
DP0072,W001253,X-0206,2022-06-01,2022-11-30,확정완료,계열사 E 데이터 거버넌스 구축,계열사 E,그룹사(대내),"계열사 E 데이터 거버넌스 구축에서 카탈로그 구축 담당(SQL, 메타데이터 관리, Data Lake & Data Catalog 활용)"
DP0072,W001254,X-0050,2023-02-01,2023-04-30,미등록,금융사 라2 차세대 데이터 플랫폼 구축,금융사 라2,금융,"금융사 라2 차세대 데이터 플랫폼 구축에서 데이터 이관 담당(데이터 모델링, 메타데이터 관리, BI Reporting 활용)"
DP0072,W001255,X-0093,2023-05-01,2023-07-31,확정완료,계열사 A 데이터 레이크 고도화,계열사 A,그룹사(대내),"계열사 A 데이터 레이크 고도화에서 데이터 표준화 담당(Data Lake & Data Catalog, BI Reporting, SQL 활용)"
DP0072,W001256,X-0141,2023-08-01,2023-12-31,확정완료,금융사 마2 데이터 마트 구축,금융사 마2,금융,"금융사 마2 데이터 마트 구축에서 적재 파이프라인 담당(SQL, 데이터 모델링, BI Reporting 활용)"
DP0072,W001257,X-0086,2024-01-01,2024-02-29,확정완료,계열사 I 데이터 레이크 고도화,계열사 I,그룹사(대내),"계열사 I 데이터 레이크 고도화에서 데이터 표준화 담당(BI Reporting, Data Lake & Data Catalog, SQL 활용)"
DP0072,W001258,X-0047,2024-05-01,2024-10-31,미등록,계열사 H 데이터 거버넌스 구축,계열사 H,그룹사(대내),"계열사 H 데이터 거버넌스 구축에서 데이터 표준화 담당(BI Reporting, Data Lake & Data Catalog, SQL 활용)"
DP0072,W001259,X-0100,2024-12-01,2025-11-30,확정완료,금융사 하 데이터 마트 구축,금융사 하,금융,"금융사 하 데이터 마트 구축에서 메타데이터 설계 담당(데이터 모델링, 메타데이터 관리, Data Lake & Data Catalog 활용)"
DP0072,W001260,X-0087,2026-02-01,2026-04-30,확정완료,계열사 K 데이터 레이크 고도화,계열사 K,그룹사(대내),"계열사 K 데이터 레이크 고도화에서 배치 운영 담당(BI Reporting, 메타데이터 관리, Data Lake & Data Catalog 활용)"
DP0072,W001261,X-0211,2026-06-01,2026-09-30,진행중,금융사 라2 비정형 문서 메타데이터 전환,금융사 라2,금융,"금융사 라2 비정형 문서 메타데이터 전환에서 데이터 이관 담당(데이터 모델링, BI Reporting, 메타데이터 관리 활용)"
DP0073,W001262,X-0178,2025-03-01,2025-10-31,확정완료,금융사 라 데이터 마트 구축,금융사 라,금융,"금융사 라 데이터 마트 구축에서 데이터 이관 담당(Kafka, Private Cloud, Kubernetes 활용)"
DP0073,W001263,X-0108,2025-11-01,2026-03-31,확정완료,계열사 V 데이터 거버넌스 구축,계열사 V,그룹사(대내),"계열사 V 데이터 거버넌스 구축에서 카탈로그 구축 담당(AWS, Data Lake & Data Catalog, Kafka 활용)"
DP0073,W001264,X-0211,2026-04-01,2026-09-30,진행중,금융사 라2 비정형 문서 메타데이터 전환,금융사 라2,금융,"금융사 라2 비정형 문서 메타데이터 전환에서 데이터 이관 담당(Docker, Data Lake & Data Catalog, AWS 활용)"
DP0074,W001265,X-0192,2017-06-01,2017-11-30,확정완료,금융사 나2 비정형 문서 메타데이터 전환,금융사 나2,금융,"금융사 나2 비정형 문서 메타데이터 전환에서 메타데이터 설계 담당(Text Analysis, 검색엔진, 메타데이터 관리 활용)"
DP0074,W001266,X-0151,2018-02-01,2018-09-30,확정완료,금융사 가2 차세대 데이터 플랫폼 구축,금융사 가2,금융,"금융사 가2 차세대 데이터 플랫폼 구축에서 메타데이터 설계 담당(검색엔진, 메타데이터 관리, Python 활용)"
DP0074,W001267,X-0215,2018-11-01,2018-11-30,확정완료,계열사 P 데이터 레이크 고도화,계열사 P,그룹사(대내),"계열사 P 데이터 레이크 고도화에서 데이터 표준화 담당(Text Analysis, 검색엔진, 메타데이터 관리 활용)"
DP0074,W001268,X-0205,2018-12-01,2019-04-30,확정완료,금융사 가2 차세대 데이터 플랫폼 구축,금융사 가2,금융,"금융사 가2 차세대 데이터 플랫폼 구축에서 메타데이터 설계 담당(비정형 문서 처리(OCR), Text Analysis, 메타데이터 관리 활용)"
DP0074,W001269,X-0001,2019-05-01,2019-11-30,확정완료,금융사 카 차세대 데이터 플랫폼 구축,금융사 카,금융,"금융사 카 차세대 데이터 플랫폼 구축에서 메타데이터 설계 담당(ETL, 메타데이터 관리, Text Analysis 활용)"
DP0074,W001270,X-0001,2019-12-01,2019-12-31,확정완료,금융사 카 차세대 데이터 플랫폼 구축,금융사 카,금융,"금융사 카 차세대 데이터 플랫폼 구축에서 메타데이터 설계 담당(비정형 문서 처리(OCR), ETL, Python 활용)"
DP0074,W001271,X-0124,2020-01-01,2020-02-29,확정완료,공공기관 정 공공데이터 개방 플랫폼 구축,공공기관 정,공공,"공공기관 정 공공데이터 개방 플랫폼 구축에서 개방 API 담당(비정형 문서 처리(OCR), Python, Text Analysis 활용)"
DP0074,W001272,X-0182,2020-03-01,2020-05-31,확정완료,계열사 S 데이터 레이크 고도화,계열사 S,그룹사(대내),"계열사 S 데이터 레이크 고도화에서 데이터 표준화 담당(비정형 문서 처리(OCR), 검색엔진, Text Analysis 활용)"
DP0074,W001273,X-0066,2020-06-01,2020-09-30,확정완료,계열사 P 데이터 레이크 고도화,계열사 P,그룹사(대내),"계열사 P 데이터 레이크 고도화에서 카탈로그 구축 담당(검색엔진, ETL, Text Analysis 활용)"
DP0074,W001274,X-0180,2020-10-01,2021-05-31,확정완료,금융사 아 데이터 마트 구축,금융사 아,금융,"금융사 아 데이터 마트 구축에서 데이터 이관 담당(비정형 문서 처리(OCR), Text Analysis, 검색엔진 활용)"
DP0074,W001275,X-0111,2021-06-01,2021-12-31,확정완료,금융사 타2 차세대 데이터 플랫폼 구축,금융사 타2,금융,"금융사 타2 차세대 데이터 플랫폼 구축에서 적재 파이프라인 담당(ETL, Text Analysis, Python 활용)"
DP0074,W001276,X-0206,2022-02-01,2022-06-30,확정완료,계열사 E 데이터 거버넌스 구축,계열사 E,그룹사(대내),"계열사 E 데이터 거버넌스 구축에서 카탈로그 구축 담당(메타데이터 관리, Python, Text Analysis 활용)"
DP0074,W001277,X-0174,2022-07-01,2022-11-30,확정완료,공공기관 경 공공데이터 개방 플랫폼 구축,공공기관 경,공공,"공공기관 경 공공데이터 개방 플랫폼 구축에서 개방 API 담당(비정형 문서 처리(OCR), 메타데이터 관리, ETL 활용)"
DP0074,W001278,X-0050,2022-12-01,2023-04-30,확정완료,금융사 라2 차세대 데이터 플랫폼 구축,금융사 라2,금융,"금융사 라2 차세대 데이터 플랫폼 구축에서 데이터 이관 담당(검색엔진, Python, ETL 활용)"
DP0074,W001279,X-0227,2023-05-01,2023-11-30,확정완료,계열사 W 데이터 레이크 고도화,계열사 W,그룹사(대내),"계열사 W 데이터 레이크 고도화에서 데이터 표준화 담당(메타데이터 관리, Text Analysis, 검색엔진 활용)"
DP0074,W001280,X-0186,2024-01-01,2024-04-30,확정완료,공공기관 무 공공데이터 개방 플랫폼 구축,공공기관 무,공공,"공공기관 무 공공데이터 개방 플랫폼 구축에서 개방 API 담당(검색엔진, 메타데이터 관리, 비정형 문서 처리(OCR) 활용)"
DP0074,W001281,X-0080,2024-05-01,2024-06-30,미등록,계열사 J 데이터 레이크 고도화,계열사 J,그룹사(대내),"계열사 J 데이터 레이크 고도화에서 배치 운영 담당(Python, 검색엔진, ETL 활용)"
DP0074,W001282,X-0047,2024-07-01,2024-10-31,확정완료,계열사 H 데이터 거버넌스 구축,계열사 H,그룹사(대내),"계열사 H 데이터 거버넌스 구축에서 데이터 표준화 담당(Text Analysis, ETL, 비정형 문서 처리(OCR) 활용)"
DP0074,W001283,X-0225,2024-12-01,2025-03-31,확정완료,금융사 카 차세대 데이터 플랫폼 구축,금융사 카,금융,"금융사 카 차세대 데이터 플랫폼 구축에서 적재 파이프라인 담당(ETL, 메타데이터 관리, 검색엔진 활용)"
DP0074,W001284,X-0063,2025-05-01,2025-10-31,확정완료,금융사 타 차세대 데이터 플랫폼 구축,금융사 타,금융,"금융사 타 차세대 데이터 플랫폼 구축에서 메타데이터 설계 담당(Python, 검색엔진, Text Analysis 활용)"
DP0074,W001285,X-0065,2025-12-01,2026-09-30,진행중,금융사 카 차세대 데이터 플랫폼 구축,금융사 카,금융,"금융사 카 차세대 데이터 플랫폼 구축에서 적재 파이프라인 담당(비정형 문서 처리(OCR), Python, Text Analysis 활용)"
DP0075,W001286,X-0189,2020-04-01,2020-06-30,확정완료,금융사 파 차세대 데이터 플랫폼 구축,금융사 파,금융,"금융사 파 차세대 데이터 플랫폼 구축에서 데이터 이관 담당(Private Cloud, Kubernetes, Data Lake & Data Catalog 활용)"
DP0075,W001287,X-0121,2020-07-01,2021-04-30,확정완료,계열사 A 데이터 레이크 고도화,계열사 A,그룹사(대내),"계열사 A 데이터 레이크 고도화에서 배치 운영 담당(Data Lake & Data Catalog, Hadoop, AWS 활용)"
DP0075,W001288,X-0112,2021-05-01,2021-09-30,확정완료,금융사 가 비정형 문서 메타데이터 전환,금융사 가,금융,"금융사 가 비정형 문서 메타데이터 전환에서 메타데이터 설계 담당(AWS, Kubernetes, Docker 활용)"
DP0075,W001289,X-0016,2021-12-01,2022-02-28,확정완료,공공기관 을 공공데이터 개방 플랫폼 구축,공공기관 을,공공,"공공기관 을 공공데이터 개방 플랫폼 구축에서 데이터 정제 담당(Docker, AWS, Data Lake & Data Catalog 활용)"
DP0075,W001290,X-0206,2022-04-01,2022-11-30,확정완료,계열사 E 데이터 거버넌스 구축,계열사 E,그룹사(대내),"계열사 E 데이터 거버넌스 구축에서 카탈로그 구축 담당(Docker, Kafka, AWS 활용)"
DP0075,W001291,X-0093,2022-12-01,2023-11-30,확정완료,계열사 A 데이터 레이크 고도화,계열사 A,그룹사(대내),"계열사 A 데이터 레이크 고도화에서 데이터 표준화 담당(Private Cloud, AWS, Kubernetes 활용)"
DP0075,W001292,X-0072,2023-12-01,2024-08-31,확정완료,계열사 E 데이터 거버넌스 구축,계열사 E,그룹사(대내),"계열사 E 데이터 거버넌스 구축에서 데이터 표준화 담당(Data Lake & Data Catalog, Hadoop, Private Cloud 활용)"
DP0075,W001293,X-0225,2024-09-01,2025-03-31,확정완료,금융사 카 차세대 데이터 플랫폼 구축,금융사 카,금융,"금융사 카 차세대 데이터 플랫폼 구축에서 적재 파이프라인 담당(Data Lake & Data Catalog, Kubernetes, Docker 활용)"
DP0075,W001294,X-0194,2025-06-01,2025-08-31,확정완료,계열사 D 데이터 레이크 고도화,계열사 D,그룹사(대내),"계열사 D 데이터 레이크 고도화에서 카탈로그 구축 담당(AWS, Data Lake & Data Catalog, Private Cloud 활용)"
DP0075,W001295,X-0203,2025-09-01,2026-04-30,확정완료,계열사 O 데이터 거버넌스 구축,계열사 O,그룹사(대내),"계열사 O 데이터 거버넌스 구축에서 데이터 표준화 담당(Private Cloud, Docker, AWS 활용)"
DP0075,W001296,X-0065,2026-05-01,2026-09-30,진행중,금융사 카 차세대 데이터 플랫폼 구축,금융사 카,금융,"금융사 카 차세대 데이터 플랫폼 구축에서 적재 파이프라인 담당(Private Cloud, Docker, Kubernetes 활용)"
DP0076,W001306,X-0062,2016-10-01,2016-10-31,미등록,금융사 라 차세대 데이터 플랫폼 구축,금융사 라,금융,"금융사 라 차세대 데이터 플랫폼 구축에서 메타데이터 설계 담당(ETL, Spark, AWS 활용)"
DP0076,W001307,X-0245,2016-11-01,2017-01-31,미등록,계열사 Y 데이터 레이크 고도화,계열사 Y,그룹사(대내),"계열사 Y 데이터 레이크 고도화에서 배치 운영 담당(Airflow, Python, Scala 활용)"
DP0076,W001308,X-0106,2017-04-01,2017-05-31,미등록,공공기관 을 공공데이터 개방 플랫폼 구축,공공기관 을,공공,"공공기관 을 공공데이터 개방 플랫폼 구축에서 개방 API 담당(ETL, Airflow, Kafka 활용)"
DP0076,W001309,X-0077,2017-09-01,2017-11-30,확정완료,계열사 O 데이터 거버넌스 구축,계열사 O,그룹사(대내),"계열사 O 데이터 거버넌스 구축에서 카탈로그 구축 담당(SQL, Python, Airflow 활용)"
DP0076,W001310,X-0165,2017-12-01,2018-06-30,확정완료,공공기관 정 공공데이터 개방 플랫폼 구축,공공기관 정,공공,"공공기관 정 공공데이터 개방 플랫폼 구축에서 데이터 정제 담당(Airflow, ETL, Hadoop 활용)"
DP0076,W001311,X-0151,2018-08-01,2018-08-31,확정완료,금융사 가2 차세대 데이터 플랫폼 구축,금융사 가2,금융,"금융사 가2 차세대 데이터 플랫폼 구축에서 메타데이터 설계 담당(AWS, Kafka, Spark 활용)"
DP0076,W001312,X-0084,2018-12-01,2019-02-28,확정완료,금융사 바2 비정형 문서 메타데이터 전환,금융사 바2,금융,"금융사 바2 비정형 문서 메타데이터 전환에서 데이터 이관 담당(Python, Hadoop, Spark 활용)"
DP0076,W001313,X-0181,2019-03-01,2019-08-31,확정완료,계열사 S 데이터 레이크 고도화,계열사 S,그룹사(대내),"계열사 S 데이터 레이크 고도화에서 카탈로그 구축 담당(Hadoop, AWS, Python 활용)"
DP0076,W001314,X-0193,2019-11-01,2020-02-29,확정완료,금융사 가 차세대 데이터 플랫폼 구축,금융사 가,금융,"금융사 가 차세대 데이터 플랫폼 구축에서 메타데이터 설계 담당(AWS, Airflow, Scala 활용)"
DP0076,W001315,X-0180,2020-03-01,2021-01-31,확정완료,금융사 아 데이터 마트 구축,금융사 아,금융,"금융사 아 데이터 마트 구축에서 데이터 이관 담당(SQL, Spark, Kafka 활용)"
DP0076,W001316,X-0121,2021-02-01,2021-06-30,확정완료,계열사 A 데이터 레이크 고도화,계열사 A,그룹사(대내),"계열사 A 데이터 레이크 고도화에서 배치 운영 담당(Kafka, Scala, ETL 활용)"
DP0076,W001317,X-0061,2021-09-01,2022-04-30,확정완료,금융사 가 차세대 데이터 플랫폼 구축,금융사 가,금융,"금융사 가 차세대 데이터 플랫폼 구축에서 적재 파이프라인 담당(Spark, SQL, AWS 활용)"
DP0076,W001318,X-0147,2022-05-01,2022-05-31,확정완료,금융사 가 차세대 데이터 플랫폼 구축,금융사 가,금융,"금융사 가 차세대 데이터 플랫폼 구축에서 적재 파이프라인 담당(Airflow, AWS, Kafka 활용)"
DP0076,W001319,X-0050,2022-08-01,2023-04-30,확정완료,금융사 라2 차세대 데이터 플랫폼 구축,금융사 라2,금융,"금융사 라2 차세대 데이터 플랫폼 구축에서 데이터 이관 담당(Spark, SQL, ETL 활용)"
DP0076,W001320,X-0163,2023-07-01,2023-12-31,확정완료,계열사 L 데이터 레이크 고도화,계열사 L,그룹사(대내),"계열사 L 데이터 레이크 고도화에서 배치 운영 담당(Kafka, Scala, Python 활용)"
DP0076,W001321,X-0028,2024-02-01,2025-01-31,확정완료,계열사 B 데이터 거버넌스 구축,계열사 B,그룹사(대내),"계열사 B 데이터 거버넌스 구축에서 배치 운영 담당(Kafka, ETL, SQL 활용)"
DP0076,W001322,X-0063,2025-02-01,2025-05-31,확정완료,금융사 타 차세대 데이터 플랫폼 구축,금융사 타,금융,"금융사 타 차세대 데이터 플랫폼 구축에서 메타데이터 설계 담당(Spark, Scala, Python 활용)"
DP0076,W001323,X-0031,2025-08-01,2025-12-31,확정완료,금융사 하2 비정형 문서 메타데이터 전환,금융사 하2,금융,"금융사 하2 비정형 문서 메타데이터 전환에서 메타데이터 설계 담당(Spark, SQL, ETL 활용)"
DP0076,W001324,X-0108,2026-03-01,2026-03-31,확정완료,계열사 V 데이터 거버넌스 구축,계열사 V,그룹사(대내),"계열사 V 데이터 거버넌스 구축에서 카탈로그 구축 담당(Hadoop, ETL, Spark 활용)"
DP0076,W001325,X-0089,2026-04-01,2026-05-31,확정완료,공공기관 병 공공데이터 개방 플랫폼 구축,공공기관 병,공공,"공공기관 병 공공데이터 개방 플랫폼 구축에서 개방 API 담당(SQL, AWS, Airflow 활용)"
DP0076,W001326,X-0087,2026-06-01,2026-08-31,미등록,계열사 K 데이터 레이크 고도화,계열사 K,그룹사(대내),"계열사 K 데이터 레이크 고도화에서 배치 운영 담당(Spark, Kafka, ETL 활용)"
DP0076,W001327,X-0138,2026-09-01,2026-09-30,진행중,계열사 H 데이터 레이크 고도화,계열사 H,그룹사(대내),"계열사 H 데이터 레이크 고도화에서 배치 운영 담당(Spark, Airflow, Scala 활용)"
DP0077,W001328,X-0094,2024-03-01,2024-04-30,확정완료,계열사 C 데이터 레이크 고도화,계열사 C,그룹사(대내),"계열사 C 데이터 레이크 고도화에서 배치 운영 담당(Scala, Hadoop, Kafka 활용)"
DP0077,W001329,X-0028,2024-06-01,2024-09-30,확정완료,계열사 B 데이터 거버넌스 구축,계열사 B,그룹사(대내),"계열사 B 데이터 거버넌스 구축에서 배치 운영 담당(Kafka, Python, Scala 활용)"
DP0077,W001330,X-0047,2024-10-01,2024-10-31,확정완료,계열사 H 데이터 거버넌스 구축,계열사 H,그룹사(대내),"계열사 H 데이터 거버넌스 구축에서 데이터 표준화 담당(Kafka, AWS, SQL 활용)"
DP0077,W001331,X-0091,2024-11-01,2025-09-30,확정완료,금융사 가2 비정형 문서 메타데이터 전환,금융사 가2,금융,"금융사 가2 비정형 문서 메타데이터 전환에서 데이터 이관 담당(Hadoop, Spark, Python 활용)"
DP0077,W001332,X-0031,2025-10-01,2026-04-30,확정완료,금융사 하2 비정형 문서 메타데이터 전환,금융사 하2,금융,"금융사 하2 비정형 문서 메타데이터 전환에서 메타데이터 설계 담당(Kafka, Hadoop, Scala 활용)"
DP0077,W001333,X-0203,2026-05-01,2026-07-31,확정완료,계열사 O 데이터 거버넌스 구축,계열사 O,그룹사(대내),"계열사 O 데이터 거버넌스 구축에서 데이터 표준화 담당(Python, AWS, Hadoop 활용)"
DP0077,W001334,X-0138,2026-08-01,2026-09-30,진행중,계열사 H 데이터 레이크 고도화,계열사 H,그룹사(대내),"계열사 H 데이터 레이크 고도화에서 배치 운영 담당(SQL, Python, Spark 활용)"
DP0078,W001335,X-0156,2016-10-01,2016-12-31,확정완료,계열사 G 데이터 레이크 고도화,계열사 G,그룹사(대내),"계열사 G 데이터 레이크 고도화에서 배치 운영 담당(Spark, AWS, Python 활용)"
DP0078,W001336,X-0228,2017-02-01,2017-04-30,확정완료,금융사 라2 데이터 마트 구축,금융사 라2,금융,"금융사 라2 데이터 마트 구축에서 적재 파이프라인 담당(Kafka, Scala, Python 활용)"
DP0078,W001337,X-0165,2017-07-01,2018-01-31,확정완료,공공기관 정 공공데이터 개방 플랫폼 구축,공공기관 정,공공,"공공기관 정 공공데이터 개방 플랫폼 구축에서 데이터 정제 담당(Scala, SQL, AWS 활용)"
DP0078,W001338,X-0160,2018-02-01,2018-08-31,확정완료,금융사 나 차세대 데이터 플랫폼 구축,금융사 나,금융,"금융사 나 차세대 데이터 플랫폼 구축에서 메타데이터 설계 담당(Hadoop, Kafka, AWS 활용)"
DP0078,W001339,X-0215,2018-09-01,2018-11-30,확정완료,계열사 P 데이터 레이크 고도화,계열사 P,그룹사(대내),"계열사 P 데이터 레이크 고도화에서 데이터 표준화 담당(Hadoop, ETL, SQL 활용)"
DP0078,W001340,X-0084,2018-12-01,2019-02-28,확정완료,금융사 바2 비정형 문서 메타데이터 전환,금융사 바2,금융,"금융사 바2 비정형 문서 메타데이터 전환에서 데이터 이관 담당(Scala, Airflow, Hadoop 활용)"
DP0078,W001341,X-0095,2019-04-01,2019-06-30,확정완료,공공기관 병 공공데이터 개방 플랫폼 구축,공공기관 병,공공,"공공기관 병 공공데이터 개방 플랫폼 구축에서 데이터 정제 담당(Airflow, AWS, ETL 활용)"
DP0078,W001342,X-0066,2019-07-01,2020-05-31,확정완료,계열사 P 데이터 레이크 고도화,계열사 P,그룹사(대내),"계열사 P 데이터 레이크 고도화에서 카탈로그 구축 담당(Hadoop, ETL, Scala 활용)"
DP0078,W001343,X-0182,2020-06-01,2020-08-31,확정완료,계열사 S 데이터 레이크 고도화,계열사 S,그룹사(대내),"계열사 S 데이터 레이크 고도화에서 데이터 표준화 담당(Airflow, Hadoop, Scala 활용)"
DP0078,W001344,X-0066,2020-09-01,2020-09-30,확정완료,계열사 P 데이터 레이크 고도화,계열사 P,그룹사(대내),"계열사 P 데이터 레이크 고도화에서 카탈로그 구축 담당(Hadoop, Spark, Kafka 활용)"
DP0078,W001345,X-0180,2020-10-01,2021-05-31,확정완료,금융사 아 데이터 마트 구축,금융사 아,금융,"금융사 아 데이터 마트 구축에서 데이터 이관 담당(Airflow, Spark, Kafka 활용)"
DP0078,W001346,X-0180,2021-06-01,2021-06-30,확정완료,금융사 아 데이터 마트 구축,금융사 아,금융,"금융사 아 데이터 마트 구축에서 데이터 이관 담당(Hadoop, AWS, SQL 활용)"
DP0078,W001347,X-0085,2021-09-01,2021-12-31,미등록,금융사 다2 차세대 데이터 플랫폼 구축,금융사 다2,금융,"금융사 다2 차세대 데이터 플랫폼 구축에서 데이터 이관 담당(Scala, AWS, Kafka 활용)"
DP0078,W001348,X-0050,2022-01-01,2022-09-30,확정완료,금융사 라2 차세대 데이터 플랫폼 구축,금융사 라2,금융,"금융사 라2 차세대 데이터 플랫폼 구축에서 데이터 이관 담당(SQL, Spark, ETL 활용)"
DP0078,W001349,X-0174,2022-10-01,2022-11-30,확정완료,공공기관 경 공공데이터 개방 플랫폼 구축,공공기관 경,공공,"공공기관 경 공공데이터 개방 플랫폼 구축에서 개방 API 담당(SQL, ETL, AWS 활용)"
DP0078,W001350,X-0093,2022-12-01,2023-06-30,확정완료,계열사 A 데이터 레이크 고도화,계열사 A,그룹사(대내),"계열사 A 데이터 레이크 고도화에서 데이터 표준화 담당(Airflow, AWS, Python 활용)"
DP0078,W001351,X-0038,2023-09-01,2024-02-29,미등록,계열사 F 데이터 거버넌스 구축,계열사 F,그룹사(대내),"계열사 F 데이터 거버넌스 구축에서 데이터 표준화 담당(Hadoop, Kafka, Spark 활용)"
DP0078,W001352,X-0186,2024-03-01,2024-03-31,확정완료,공공기관 무 공공데이터 개방 플랫폼 구축,공공기관 무,공공,"공공기관 무 공공데이터 개방 플랫폼 구축에서 개방 API 담당(Hadoop, Scala, Spark 활용)"
DP0078,W001353,X-0047,2024-05-01,2024-10-31,확정완료,계열사 H 데이터 거버넌스 구축,계열사 H,그룹사(대내),"계열사 H 데이터 거버넌스 구축에서 데이터 표준화 담당(Python, ETL, SQL 활용)"
DP0078,W001354,X-0006,2024-11-01,2025-01-31,확정완료,금융사 자2 데이터 마트 구축,금융사 자2,금융,"금융사 자2 데이터 마트 구축에서 적재 파이프라인 담당(Python, Kafka, Airflow 활용)"
DP0078,W001355,X-0213,2025-02-01,2025-03-31,확정완료,계열사 O 데이터 레이크 고도화,계열사 O,그룹사(대내),"계열사 O 데이터 레이크 고도화에서 데이터 표준화 담당(AWS, SQL, ETL 활용)"
DP0078,W001356,X-0203,2025-06-01,2025-09-30,확정완료,계열사 O 데이터 거버넌스 구축,계열사 O,그룹사(대내),"계열사 O 데이터 거버넌스 구축에서 데이터 표준화 담당(Kafka, Python, Hadoop 활용)"
DP0078,W001357,X-0127,2025-12-01,2025-12-31,확정완료,계열사 R 데이터 거버넌스 구축,계열사 R,그룹사(대내),"계열사 R 데이터 거버넌스 구축에서 카탈로그 구축 담당(Hadoop, AWS, SQL 활용)"
DP0078,W001358,X-0089,2026-01-01,2026-05-31,미등록,공공기관 병 공공데이터 개방 플랫폼 구축,공공기관 병,공공,"공공기관 병 공공데이터 개방 플랫폼 구축에서 개방 API 담당(Airflow, Kafka, Spark 활용)"
DP0078,W001359,X-0138,2026-08-01,2026-09-30,진행중,계열사 H 데이터 레이크 고도화,계열사 H,그룹사(대내),"계열사 H 데이터 레이크 고도화에서 배치 운영 담당(Python, SQL, Hadoop 활용)"
DP0079,W001360,X-0182,2020-04-01,2021-03-31,확정완료,계열사 S 데이터 레이크 고도화,계열사 S,그룹사(대내),"계열사 S 데이터 레이크 고도화에서 데이터 표준화 담당(ETL, 메타데이터 관리, Text Analysis 활용)"
DP0079,W001361,X-0111,2021-04-01,2021-09-30,확정완료,금융사 타2 차세대 데이터 플랫폼 구축,금융사 타2,금융,"금융사 타2 차세대 데이터 플랫폼 구축에서 적재 파이프라인 담당(비정형 문서 처리(OCR), 메타데이터 관리, Python 활용)"
DP0079,W001362,X-0112,2021-12-01,2022-02-28,확정완료,금융사 가 비정형 문서 메타데이터 전환,금융사 가,금융,"금융사 가 비정형 문서 메타데이터 전환에서 메타데이터 설계 담당(ETL, Text Analysis, Python 활용)"
DP0079,W001363,X-0050,2022-03-01,2022-12-31,확정완료,금융사 라2 차세대 데이터 플랫폼 구축,금융사 라2,금융,"금융사 라2 차세대 데이터 플랫폼 구축에서 데이터 이관 담당(메타데이터 관리, 검색엔진, Text Analysis 활용)"
DP0079,W001364,X-0093,2023-01-01,2023-11-30,미등록,계열사 A 데이터 레이크 고도화,계열사 A,그룹사(대내),"계열사 A 데이터 레이크 고도화에서 데이터 표준화 담당(Text Analysis, ETL, 메타데이터 관리 활용)"
DP0079,W001365,X-0122,2024-01-01,2024-04-30,미등록,공공기관 을 공공데이터 개방 플랫폼 구축,공공기관 을,공공,"공공기관 을 공공데이터 개방 플랫폼 구축에서 개방 API 담당(비정형 문서 처리(OCR), Text Analysis, Python 활용)"
DP0079,W001366,X-0038,2024-07-01,2024-11-30,확정완료,계열사 F 데이터 거버넌스 구축,계열사 F,그룹사(대내),"계열사 F 데이터 거버넌스 구축에서 데이터 표준화 담당(메타데이터 관리, ETL, 비정형 문서 처리(OCR) 활용)"
DP0079,W001367,X-0100,2025-02-01,2025-07-31,확정완료,금융사 하 데이터 마트 구축,금융사 하,금융,"금융사 하 데이터 마트 구축에서 메타데이터 설계 담당(ETL, Text Analysis, 검색엔진 활용)"
DP0079,W001368,X-0091,2025-09-01,2025-11-30,확정완료,금융사 가2 비정형 문서 메타데이터 전환,금융사 가2,금융,"금융사 가2 비정형 문서 메타데이터 전환에서 데이터 이관 담당(Python, 메타데이터 관리, Text Analysis 활용)"
DP0079,W001369,X-0127,2025-12-01,2025-12-31,확정완료,계열사 R 데이터 거버넌스 구축,계열사 R,그룹사(대내),"계열사 R 데이터 거버넌스 구축에서 카탈로그 구축 담당(메타데이터 관리, ETL, Text Analysis 활용)"
DP0079,W001370,X-0108,2026-01-01,2026-03-31,확정완료,계열사 V 데이터 거버넌스 구축,계열사 V,그룹사(대내),"계열사 V 데이터 거버넌스 구축에서 카탈로그 구축 담당(비정형 문서 처리(OCR), Text Analysis, 메타데이터 관리 활용)"
DP0079,W001371,X-0065,2026-06-01,2026-08-31,미등록,금융사 카 차세대 데이터 플랫폼 구축,금융사 카,금융,"금융사 카 차세대 데이터 플랫폼 구축에서 적재 파이프라인 담당(검색엔진, 비정형 문서 처리(OCR), Python 활용)"
DP0079,W001372,X-0065,2026-09-01,2026-09-30,진행중,금융사 카 차세대 데이터 플랫폼 구축,금융사 카,금융,"금융사 카 차세대 데이터 플랫폼 구축에서 적재 파이프라인 담당(검색엔진, 비정형 문서 처리(OCR), Python 활용)"
DP0080,W001373,X-0056,2017-05-01,2017-10-31,확정완료,계열사 N 데이터 레이크 고도화,계열사 N,그룹사(대내),"계열사 N 데이터 레이크 고도화에서 데이터 표준화 담당(Hadoop, Scala, AWS 활용)"
DP0080,W001374,X-0190,2017-11-01,2018-06-30,확정완료,계열사 N 데이터 레이크 고도화,계열사 N,그룹사(대내),"계열사 N 데이터 레이크 고도화에서 배치 운영 담당(Scala, Airflow, Spark 활용)"
DP0080,W001375,X-0165,2018-07-01,2018-07-31,확정완료,공공기관 정 공공데이터 개방 플랫폼 구축,공공기관 정,공공,"공공기관 정 공공데이터 개방 플랫폼 구축에서 데이터 정제 담당(Scala, Kafka, Python 활용)"
DP0080,W001376,X-0169,2018-08-01,2018-12-31,확정완료,금융사 타 차세대 데이터 플랫폼 구축,금융사 타,금융,"금융사 타 차세대 데이터 플랫폼 구축에서 적재 파이프라인 담당(ETL, Airflow, SQL 활용)"
DP0080,W001377,X-0088,2019-01-01,2019-04-30,미등록,계열사 R 데이터 거버넌스 구축,계열사 R,그룹사(대내),"계열사 R 데이터 거버넌스 구축에서 데이터 표준화 담당(SQL, Python, Hadoop 활용)"
DP0080,W001378,X-0124,2019-06-01,2019-08-31,확정완료,공공기관 정 공공데이터 개방 플랫폼 구축,공공기관 정,공공,"공공기관 정 공공데이터 개방 플랫폼 구축에서 개방 API 담당(Spark, Hadoop, AWS 활용)"
DP0080,W001379,X-0026,2019-09-01,2020-01-31,확정완료,공공기관 병 공공데이터 개방 플랫폼 구축,공공기관 병,공공,"공공기관 병 공공데이터 개방 플랫폼 구축에서 개방 API 담당(AWS, Hadoop, Scala 활용)"
DP0080,W001380,X-0181,2020-03-01,2020-05-31,확정완료,계열사 S 데이터 레이크 고도화,계열사 S,그룹사(대내),"계열사 S 데이터 레이크 고도화에서 카탈로그 구축 담당(Scala, SQL, AWS 활용)"
DP0080,W001381,X-0182,2020-06-01,2020-10-31,확정완료,계열사 S 데이터 레이크 고도화,계열사 S,그룹사(대내),"계열사 S 데이터 레이크 고도화에서 데이터 표준화 담당(AWS, Hadoop, Scala 활용)"
DP0080,W001382,X-0208,2021-05-01,2021-09-30,확정완료,계열사 G 데이터 레이크 고도화,계열사 G,그룹사(대내),"계열사 G 데이터 레이크 고도화에서 데이터 표준화 담당(SQL, Hadoop, AWS 활용)"
DP0080,W001383,X-0128,2021-11-01,2022-01-31,미등록,공공기관 갑 공공데이터 개방 플랫폼 구축,공공기관 갑,공공,"공공기관 갑 공공데이터 개방 플랫폼 구축에서 데이터 정제 담당(Scala, AWS, Python 활용)"
DP0080,W001384,X-0208,2022-04-01,2022-04-30,미등록,계열사 G 데이터 레이크 고도화,계열사 G,그룹사(대내),"계열사 G 데이터 레이크 고도화에서 데이터 표준화 담당(Spark, Python, AWS 활용)"
DP0080,W001385,X-0147,2022-05-01,2022-05-31,확정완료,금융사 가 차세대 데이터 플랫폼 구축,금융사 가,금융,"금융사 가 차세대 데이터 플랫폼 구축에서 적재 파이프라인 담당(Hadoop, ETL, Kafka 활용)"
DP0080,W001386,X-0128,2022-07-01,2022-11-30,확정완료,공공기관 갑 공공데이터 개방 플랫폼 구축,공공기관 갑,공공,"공공기관 갑 공공데이터 개방 플랫폼 구축에서 데이터 정제 담당(Spark, Scala, SQL 활용)"
DP0080,W001387,X-0141,2022-12-01,2023-07-31,확정완료,금융사 마2 데이터 마트 구축,금융사 마2,금융,"금융사 마2 데이터 마트 구축에서 적재 파이프라인 담당(Python, Airflow, Hadoop 활용)"
DP0080,W001388,X-0246,2023-09-01,2024-03-31,확정완료,계열사 N 데이터 거버넌스 구축,계열사 N,그룹사(대내),"계열사 N 데이터 거버넌스 구축에서 데이터 표준화 담당(ETL, Spark, AWS 활용)"
DP0080,W001389,X-0132,2024-04-01,2024-09-30,확정완료,계열사 P 데이터 거버넌스 구축,계열사 P,그룹사(대내),"계열사 P 데이터 거버넌스 구축에서 배치 운영 담당(Scala, Hadoop, ETL 활용)"
DP0080,W001390,X-0091,2024-11-01,2025-07-31,확정완료,금융사 가2 비정형 문서 메타데이터 전환,금융사 가2,금융,"금융사 가2 비정형 문서 메타데이터 전환에서 데이터 이관 담당(Scala, Spark, Airflow 활용)"
DP0080,W001391,X-0178,2025-09-01,2025-11-30,확정완료,금융사 라 데이터 마트 구축,금융사 라,금융,"금융사 라 데이터 마트 구축에서 데이터 이관 담당(Hadoop, AWS, Python 활용)"
DP0080,W001392,X-0065,2026-02-01,2026-07-31,확정완료,금융사 카 차세대 데이터 플랫폼 구축,금융사 카,금융,"금융사 카 차세대 데이터 플랫폼 구축에서 적재 파이프라인 담당(AWS, Airflow, Hadoop 활용)"
DP0080,W001393,X-0031,2026-09-01,2026-09-30,진행중,금융사 하2 비정형 문서 메타데이터 전환,금융사 하2,금융,"금융사 하2 비정형 문서 메타데이터 전환에서 메타데이터 설계 담당(SQL, ETL, Spark 활용)"
DP0081,W001398,X-0228,2016-10-01,2017-05-31,확정완료,금융사 라2 데이터 마트 구축,금융사 라2,금융,"금융사 라2 데이터 마트 구축에서 적재 파이프라인 담당(Python, 검색엔진, ETL 활용)"
DP0081,W001399,X-0051,2017-08-01,2018-01-31,확정완료,계열사 S 데이터 레이크 고도화,계열사 S,그룹사(대내),"계열사 S 데이터 레이크 고도화에서 데이터 표준화 담당(비정형 문서 처리(OCR), Python, 검색엔진 활용)"
DP0081,W001400,X-0160,2018-02-01,2018-06-30,확정완료,금융사 나 차세대 데이터 플랫폼 구축,금융사 나,금융,"금융사 나 차세대 데이터 플랫폼 구축에서 메타데이터 설계 담당(ETL, Python, 비정형 문서 처리(OCR) 활용)"
DP0081,W001401,X-0088,2018-08-01,2018-12-31,확정완료,계열사 R 데이터 거버넌스 구축,계열사 R,그룹사(대내),"계열사 R 데이터 거버넌스 구축에서 데이터 표준화 담당(비정형 문서 처리(OCR), 검색엔진, ETL 활용)"
DP0081,W001402,X-0167,2019-01-01,2019-03-31,확정완료,공공기관 병 공공데이터 개방 플랫폼 구축,공공기관 병,공공,"공공기관 병 공공데이터 개방 플랫폼 구축에서 개방 API 담당(메타데이터 관리, Text Analysis, ETL 활용)"
DP0081,W001403,X-0243,2019-04-01,2019-11-30,확정완료,계열사 B 데이터 레이크 고도화,계열사 B,그룹사(대내),"계열사 B 데이터 레이크 고도화에서 배치 운영 담당(Python, 검색엔진, ETL 활용)"
DP0081,W001404,X-0026,2019-12-01,2020-01-31,확정완료,공공기관 병 공공데이터 개방 플랫폼 구축,공공기관 병,공공,"공공기관 병 공공데이터 개방 플랫폼 구축에서 개방 API 담당(비정형 문서 처리(OCR), Text Analysis, 검색엔진 활용)"
DP0081,W001405,X-0066,2020-02-01,2020-04-30,확정완료,계열사 P 데이터 레이크 고도화,계열사 P,그룹사(대내),"계열사 P 데이터 레이크 고도화에서 카탈로그 구축 담당(비정형 문서 처리(OCR), ETL, Python 활용)"
DP0081,W001406,X-0098,2020-05-01,2020-08-31,확정완료,금융사 파2 비정형 문서 메타데이터 전환,금융사 파2,금융,"금융사 파2 비정형 문서 메타데이터 전환에서 데이터 이관 담당(ETL, Text Analysis, 비정형 문서 처리(OCR) 활용)"
DP0081,W001407,X-0180,2020-09-01,2021-06-30,미등록,금융사 아 데이터 마트 구축,금융사 아,금융,"금융사 아 데이터 마트 구축에서 데이터 이관 담당(Python, Text Analysis, 비정형 문서 처리(OCR) 활용)"
DP0081,W001408,X-0016,2021-08-01,2022-02-28,확정완료,공공기관 을 공공데이터 개방 플랫폼 구축,공공기관 을,공공,"공공기관 을 공공데이터 개방 플랫폼 구축에서 데이터 정제 담당(메타데이터 관리, 비정형 문서 처리(OCR), ETL 활용)"
DP0081,W001409,X-0221,2022-03-01,2022-10-31,미등록,금융사 마 차세대 데이터 플랫폼 구축,금융사 마,금융,"금융사 마 차세대 데이터 플랫폼 구축에서 데이터 이관 담당(비정형 문서 처리(OCR), ETL, Python 활용)"
DP0081,W001410,X-0093,2023-01-01,2023-06-30,미등록,계열사 A 데이터 레이크 고도화,계열사 A,그룹사(대내),"계열사 A 데이터 레이크 고도화에서 데이터 표준화 담당(메타데이터 관리, Python, 비정형 문서 처리(OCR) 활용)"
DP0081,W001411,X-0163,2023-07-01,2023-12-31,확정완료,계열사 L 데이터 레이크 고도화,계열사 L,그룹사(대내),"계열사 L 데이터 레이크 고도화에서 배치 운영 담당(Text Analysis, 메타데이터 관리, Python 활용)"
DP0081,W001412,X-0086,2024-02-01,2024-02-29,미등록,계열사 I 데이터 레이크 고도화,계열사 I,그룹사(대내),"계열사 I 데이터 레이크 고도화에서 데이터 표준화 담당(Text Analysis, 검색엔진, ETL 활용)"
DP0081,W001413,X-0072,2024-03-01,2024-10-31,확정완료,계열사 E 데이터 거버넌스 구축,계열사 E,그룹사(대내),"계열사 E 데이터 거버넌스 구축에서 데이터 표준화 담당(Text Analysis, 비정형 문서 처리(OCR), 검색엔진 활용)"
DP0081,W001414,X-0225,2024-11-01,2025-03-31,확정완료,금융사 카 차세대 데이터 플랫폼 구축,금융사 카,금융,"금융사 카 차세대 데이터 플랫폼 구축에서 적재 파이프라인 담당(메타데이터 관리, 비정형 문서 처리(OCR), 검색엔진 활용)"
DP0081,W001415,X-0157,2025-04-01,2025-05-31,확정완료,계열사 L 데이터 레이크 고도화,계열사 L,그룹사(대내),"계열사 L 데이터 레이크 고도화에서 데이터 표준화 담당(검색엔진, Text Analysis, 메타데이터 관리 활용)"
DP0081,W001416,X-0203,2025-06-01,2025-11-30,미등록,계열사 O 데이터 거버넌스 구축,계열사 O,그룹사(대내),"계열사 O 데이터 거버넌스 구축에서 데이터 표준화 담당(메타데이터 관리, Text Analysis, 검색엔진 활용)"
DP0081,W001417,X-0108,2025-12-01,2026-03-31,확정완료,계열사 V 데이터 거버넌스 구축,계열사 V,그룹사(대내),"계열사 V 데이터 거버넌스 구축에서 카탈로그 구축 담당(비정형 문서 처리(OCR), 검색엔진, 메타데이터 관리 활용)"
DP0081,W001418,X-0031,2026-04-01,2026-09-30,진행중,금융사 하2 비정형 문서 메타데이터 전환,금융사 하2,금융,"금융사 하2 비정형 문서 메타데이터 전환에서 메타데이터 설계 담당(Python, 메타데이터 관리, ETL 활용)"
DP0082,W001420,X-0156,2016-10-01,2017-01-31,확정완료,계열사 G 데이터 레이크 고도화,계열사 G,그룹사(대내),"계열사 G 데이터 레이크 고도화에서 배치 운영 담당(ETL, 메타데이터 관리, Text Analysis 활용)"
DP0082,W001421,X-0056,2017-04-01,2017-10-31,미등록,계열사 N 데이터 레이크 고도화,계열사 N,그룹사(대내),"계열사 N 데이터 레이크 고도화에서 데이터 표준화 담당(ETL, 비정형 문서 처리(OCR), 메타데이터 관리 활용)"
DP0082,W001422,X-0005,2017-12-01,2018-01-31,확정완료,금융사 라2 차세대 데이터 플랫폼 구축,금융사 라2,금융,"금융사 라2 차세대 데이터 플랫폼 구축에서 적재 파이프라인 담당(메타데이터 관리, Python, 검색엔진 활용)"
DP0082,W001423,X-0165,2018-02-01,2018-05-31,확정완료,공공기관 정 공공데이터 개방 플랫폼 구축,공공기관 정,공공,"공공기관 정 공공데이터 개방 플랫폼 구축에서 데이터 정제 담당(검색엔진, 비정형 문서 처리(OCR), Text Analysis 활용)"
DP0082,W001424,X-0160,2018-08-01,2018-10-31,확정완료,금융사 나 차세대 데이터 플랫폼 구축,금융사 나,금융,"금융사 나 차세대 데이터 플랫폼 구축에서 메타데이터 설계 담당(메타데이터 관리, 검색엔진, Python 활용)"
DP0082,W001425,X-0243,2019-01-01,2019-06-30,미등록,계열사 B 데이터 레이크 고도화,계열사 B,그룹사(대내),"계열사 B 데이터 레이크 고도화에서 배치 운영 담당(Python, Text Analysis, 메타데이터 관리 활용)"
DP0082,W001426,X-0019,2019-07-01,2020-02-29,미등록,계열사 A 데이터 레이크 고도화,계열사 A,그룹사(대내),"계열사 A 데이터 레이크 고도화에서 데이터 표준화 담당(메타데이터 관리, Text Analysis, ETL 활용)"
DP0082,W001427,X-0181,2020-03-01,2020-08-31,확정완료,계열사 S 데이터 레이크 고도화,계열사 S,그룹사(대내),"계열사 S 데이터 레이크 고도화에서 카탈로그 구축 담당(Text Analysis, 메타데이터 관리, Python 활용)"
DP0082,W001428,X-0098,2020-09-01,2020-10-31,확정완료,금융사 파2 비정형 문서 메타데이터 전환,금융사 파2,금융,"금융사 파2 비정형 문서 메타데이터 전환에서 데이터 이관 담당(비정형 문서 처리(OCR), ETL, 검색엔진 활용)"
DP0082,W001429,X-0180,2020-11-01,2021-02-28,확정완료,금융사 아 데이터 마트 구축,금융사 아,금융,"금융사 아 데이터 마트 구축에서 데이터 이관 담당(Text Analysis, 메타데이터 관리, 비정형 문서 처리(OCR) 활용)"
DP0082,W001430,X-0121,2021-03-01,2021-06-30,확정완료,계열사 A 데이터 레이크 고도화,계열사 A,그룹사(대내),"계열사 A 데이터 레이크 고도화에서 배치 운영 담당(검색엔진, 메타데이터 관리, Python 활용)"
DP0082,W001431,X-0085,2021-07-01,2021-12-31,확정완료,금융사 다2 차세대 데이터 플랫폼 구축,금융사 다2,금융,"금융사 다2 차세대 데이터 플랫폼 구축에서 데이터 이관 담당(메타데이터 관리, 비정형 문서 처리(OCR), Text Analysis 활용)"
DP0082,W001432,X-0061,2022-01-01,2022-04-30,미등록,금융사 가 차세대 데이터 플랫폼 구축,금융사 가,금융,"금융사 가 차세대 데이터 플랫폼 구축에서 적재 파이프라인 담당(메타데이터 관리, Python, 검색엔진 활용)"
DP0082,W001433,X-0128,2022-05-01,2022-09-30,확정완료,공공기관 갑 공공데이터 개방 플랫폼 구축,공공기관 갑,공공,"공공기관 갑 공공데이터 개방 플랫폼 구축에서 데이터 정제 담당(비정형 문서 처리(OCR), 검색엔진, Python 활용)"
DP0082,W001434,X-0128,2022-12-01,2022-12-31,확정완료,공공기관 갑 공공데이터 개방 플랫폼 구축,공공기관 갑,공공,"공공기관 갑 공공데이터 개방 플랫폼 구축에서 데이터 정제 담당(Python, 메타데이터 관리, ETL 활용)"
DP0082,W001435,X-0093,2023-01-01,2023-06-30,확정완료,계열사 A 데이터 레이크 고도화,계열사 A,그룹사(대내),"계열사 A 데이터 레이크 고도화에서 데이터 표준화 담당(메타데이터 관리, Python, Text Analysis 활용)"
DP0082,W001436,X-0227,2023-07-01,2023-11-30,확정완료,계열사 W 데이터 레이크 고도화,계열사 W,그룹사(대내),"계열사 W 데이터 레이크 고도화에서 데이터 표준화 담당(검색엔진, Text Analysis, Python 활용)"
DP0082,W001437,X-0225,2023-12-01,2024-04-30,확정완료,금융사 카 차세대 데이터 플랫폼 구축,금융사 카,금융,"금융사 카 차세대 데이터 플랫폼 구축에서 적재 파이프라인 담당(Text Analysis, Python, 메타데이터 관리 활용)"
DP0082,W001438,X-0132,2024-05-01,2024-09-30,미등록,계열사 P 데이터 거버넌스 구축,계열사 P,그룹사(대내),"계열사 P 데이터 거버넌스 구축에서 배치 운영 담당(비정형 문서 처리(OCR), Text Analysis, 검색엔진 활용)"
DP0082,W001439,X-0028,2024-12-01,2025-02-28,확정완료,계열사 B 데이터 거버넌스 구축,계열사 B,그룹사(대내),"계열사 B 데이터 거버넌스 구축에서 배치 운영 담당(비정형 문서 처리(OCR), 메타데이터 관리, 검색엔진 활용)"
DP0082,W001440,X-0100,2025-05-01,2025-09-30,확정완료,금융사 하 데이터 마트 구축,금융사 하,금융,"금융사 하 데이터 마트 구축에서 메타데이터 설계 담당(ETL, Text Analysis, Python 활용)"
DP0082,W001441,X-0108,2025-10-01,2026-02-28,미등록,계열사 V 데이터 거버넌스 구축,계열사 V,그룹사(대내),"계열사 V 데이터 거버넌스 구축에서 카탈로그 구축 담당(ETL, Python, 검색엔진 활용)"
DP0082,W001442,X-0138,2026-05-01,2026-09-30,진행중,계열사 H 데이터 레이크 고도화,계열사 H,그룹사(대내),"계열사 H 데이터 레이크 고도화에서 배치 운영 담당(Python, 검색엔진, 비정형 문서 처리(OCR) 활용)"
DP0083,W001443,X-0192,2017-05-01,2017-11-30,확정완료,금융사 나2 비정형 문서 메타데이터 전환,금융사 나2,금융,"금융사 나2 비정형 문서 메타데이터 전환에서 메타데이터 설계 담당(SQL, BI Reporting, 메타데이터 관리 활용)"
DP0083,W001444,X-0160,2017-12-01,2018-10-31,확정완료,금융사 나 차세대 데이터 플랫폼 구축,금융사 나,금융,"금융사 나 차세대 데이터 플랫폼 구축에서 메타데이터 설계 담당(메타데이터 관리, SQL, BI Reporting 활용)"
DP0083,W001445,X-0017,2018-11-01,2018-11-30,미등록,공공기관 기 공공데이터 개방 플랫폼 구축,공공기관 기,공공,"공공기관 기 공공데이터 개방 플랫폼 구축에서 데이터 정제 담당(메타데이터 관리, 데이터 모델링, BI Reporting 활용)"
DP0083,W001446,X-0084,2018-12-01,2019-02-28,미등록,금융사 바2 비정형 문서 메타데이터 전환,금융사 바2,금융,"금융사 바2 비정형 문서 메타데이터 전환에서 데이터 이관 담당(메타데이터 관리, SQL, 데이터 모델링 활용)"
DP0083,W001447,X-0243,2019-03-01,2019-11-30,확정완료,계열사 B 데이터 레이크 고도화,계열사 B,그룹사(대내),"계열사 B 데이터 레이크 고도화에서 배치 운영 담당(SQL, BI Reporting, 데이터 모델링 활용)"
DP0083,W001448,X-0104,2020-01-01,2020-03-31,확정완료,계열사 E 데이터 레이크 고도화,계열사 E,그룹사(대내),"계열사 E 데이터 레이크 고도화에서 카탈로그 구축 담당(BI Reporting, SQL, 메타데이터 관리 활용)"
DP0083,W001449,X-0098,2020-06-01,2020-10-31,확정완료,금융사 파2 비정형 문서 메타데이터 전환,금융사 파2,금융,"금융사 파2 비정형 문서 메타데이터 전환에서 데이터 이관 담당(BI Reporting, 메타데이터 관리, 데이터 모델링 활용)"
DP0083,W001450,X-0121,2020-12-01,2021-06-30,확정완료,계열사 A 데이터 레이크 고도화,계열사 A,그룹사(대내),"계열사 A 데이터 레이크 고도화에서 배치 운영 담당(SQL, 메타데이터 관리, BI Reporting 활용)"
DP0083,W001451,X-0109,2021-09-01,2021-11-30,확정완료,계열사 Z 데이터 거버넌스 구축,계열사 Z,그룹사(대내),"계열사 Z 데이터 거버넌스 구축에서 카탈로그 구축 담당(데이터 모델링, SQL, BI Reporting 활용)"
DP0083,W001452,X-0085,2021-12-01,2021-12-31,확정완료,금융사 다2 차세대 데이터 플랫폼 구축,금융사 다2,금융,"금융사 다2 차세대 데이터 플랫폼 구축에서 데이터 이관 담당(메타데이터 관리, SQL, BI Reporting 활용)"
DP0083,W001453,X-0050,2022-02-01,2022-05-31,확정완료,금융사 라2 차세대 데이터 플랫폼 구축,금융사 라2,금융,"금융사 라2 차세대 데이터 플랫폼 구축에서 데이터 이관 담당(BI Reporting, 데이터 모델링, SQL 활용)"
DP0083,W001454,X-0206,2022-07-01,2022-11-30,확정완료,계열사 E 데이터 거버넌스 구축,계열사 E,그룹사(대내),"계열사 E 데이터 거버넌스 구축에서 카탈로그 구축 담당(데이터 모델링, BI Reporting, SQL 활용)"
DP0083,W001455,X-0227,2023-01-01,2023-01-31,확정완료,계열사 W 데이터 레이크 고도화,계열사 W,그룹사(대내),"계열사 W 데이터 레이크 고도화에서 데이터 표준화 담당(SQL, BI Reporting, 메타데이터 관리 활용)"
DP0083,W001456,X-0141,2023-05-01,2023-12-31,미등록,금융사 마2 데이터 마트 구축,금융사 마2,금융,"금융사 마2 데이터 마트 구축에서 적재 파이프라인 담당(데이터 모델링, 메타데이터 관리, SQL 활용)"
DP0083,W001457,X-0028,2024-01-01,2024-05-31,확정완료,계열사 B 데이터 거버넌스 구축,계열사 B,그룹사(대내),"계열사 B 데이터 거버넌스 구축에서 배치 운영 담당(SQL, 메타데이터 관리, BI Reporting 활용)"
DP0083,W001458,X-0047,2024-06-01,2024-10-31,미등록,계열사 H 데이터 거버넌스 구축,계열사 H,그룹사(대내),"계열사 H 데이터 거버넌스 구축에서 데이터 표준화 담당(메타데이터 관리, SQL, BI Reporting 활용)"
DP0083,W001459,X-0028,2024-11-01,2025-02-28,확정완료,계열사 B 데이터 거버넌스 구축,계열사 B,그룹사(대내),"계열사 B 데이터 거버넌스 구축에서 배치 운영 담당(SQL, 데이터 모델링, BI Reporting 활용)"
DP0083,W001460,X-0089,2025-03-01,2025-06-30,확정완료,공공기관 병 공공데이터 개방 플랫폼 구축,공공기관 병,공공,"공공기관 병 공공데이터 개방 플랫폼 구축에서 개방 API 담당(데이터 모델링, SQL, 메타데이터 관리 활용)"
DP0083,W001461,X-0100,2025-07-01,2025-11-30,확정완료,금융사 하 데이터 마트 구축,금융사 하,금융,"금융사 하 데이터 마트 구축에서 메타데이터 설계 담당(BI Reporting, SQL, 데이터 모델링 활용)"
DP0083,W001462,X-0007,2025-12-01,2026-09-30,진행중,금융사 차 차세대 데이터 플랫폼 구축,금융사 차,금융,"금융사 차 차세대 데이터 플랫폼 구축에서 메타데이터 설계 담당(SQL, 데이터 모델링, BI Reporting 활용)"
DP0084,W001475,X-0133,2016-11-01,2017-03-31,확정완료,계열사 O 데이터 거버넌스 구축,계열사 O,그룹사(대내),"계열사 O 데이터 거버넌스 구축에서 데이터 표준화 담당(Kubernetes, AWS, Private Cloud 활용)"
DP0084,W001476,X-0077,2017-05-01,2017-09-30,확정완료,계열사 O 데이터 거버넌스 구축,계열사 O,그룹사(대내),"계열사 O 데이터 거버넌스 구축에서 카탈로그 구축 담당(Docker, Data Lake & Data Catalog, AWS 활용)"
DP0084,W001477,X-0077,2017-10-01,2017-11-30,확정완료,계열사 O 데이터 거버넌스 구축,계열사 O,그룹사(대내),"계열사 O 데이터 거버넌스 구축에서 카탈로그 구축 담당(Data Lake & Data Catalog, Private Cloud, Hadoop 활용)"
DP0084,W001478,X-0023,2018-01-01,2018-10-31,확정완료,금융사 하 차세대 데이터 플랫폼 구축,금융사 하,금융,"금융사 하 차세대 데이터 플랫폼 구축에서 데이터 이관 담당(AWS, Kubernetes, Private Cloud 활용)"
DP0084,W001479,X-0084,2019-01-01,2019-02-28,확정완료,금융사 바2 비정형 문서 메타데이터 전환,금융사 바2,금융,"금융사 바2 비정형 문서 메타데이터 전환에서 데이터 이관 담당(AWS, Kafka, Kubernetes 활용)"
DP0084,W001480,X-0167,2019-03-01,2019-04-30,확정완료,공공기관 병 공공데이터 개방 플랫폼 구축,공공기관 병,공공,"공공기관 병 공공데이터 개방 플랫폼 구축에서 개방 API 담당(Hadoop, Docker, Data Lake & Data Catalog 활용)"
DP0084,W001481,X-0172,2019-07-01,2019-08-31,확정완료,계열사 G 데이터 레이크 고도화,계열사 G,그룹사(대내),"계열사 G 데이터 레이크 고도화에서 카탈로그 구축 담당(Data Lake & Data Catalog, AWS, Docker 활용)"
DP0084,W001482,X-0193,2019-10-01,2020-02-29,확정완료,금융사 가 차세대 데이터 플랫폼 구축,금융사 가,금융,"금융사 가 차세대 데이터 플랫폼 구축에서 메타데이터 설계 담당(Kafka, Data Lake & Data Catalog, AWS 활용)"
DP0084,W001483,X-0182,2020-05-01,2020-08-31,미등록,계열사 S 데이터 레이크 고도화,계열사 S,그룹사(대내),"계열사 S 데이터 레이크 고도화에서 데이터 표준화 담당(Kafka, Hadoop, Docker 활용)"
DP0084,W001484,X-0121,2020-09-01,2021-06-30,미등록,계열사 A 데이터 레이크 고도화,계열사 A,그룹사(대내),"계열사 A 데이터 레이크 고도화에서 배치 운영 담당(Hadoop, Kubernetes, Kafka 활용)"
DP0084,W001485,X-0085,2021-08-01,2021-12-31,확정완료,금융사 다2 차세대 데이터 플랫폼 구축,금융사 다2,금융,"금융사 다2 차세대 데이터 플랫폼 구축에서 데이터 이관 담당(Docker, Private Cloud, Kafka 활용)"
DP0084,W001486,X-0208,2022-03-01,2022-04-30,확정완료,계열사 G 데이터 레이크 고도화,계열사 G,그룹사(대내),"계열사 G 데이터 레이크 고도화에서 데이터 표준화 담당(Data Lake & Data Catalog, Docker, AWS 활용)"
DP0084,W001487,X-0221,2022-05-01,2022-10-31,미등록,금융사 마 차세대 데이터 플랫폼 구축,금융사 마,금융,"금융사 마 차세대 데이터 플랫폼 구축에서 데이터 이관 담당(Kafka, Kubernetes, Private Cloud 활용)"
DP0084,W001488,X-0174,2022-11-01,2022-11-30,미등록,공공기관 경 공공데이터 개방 플랫폼 구축,공공기관 경,공공,"공공기관 경 공공데이터 개방 플랫폼 구축에서 개방 API 담당(Private Cloud, Data Lake & Data Catalog, Kafka 활용)"
DP0084,W001489,X-0093,2023-01-01,2023-04-30,확정완료,계열사 A 데이터 레이크 고도화,계열사 A,그룹사(대내),"계열사 A 데이터 레이크 고도화에서 데이터 표준화 담당(Hadoop, AWS, Private Cloud 활용)"
DP0084,W001490,X-0093,2023-05-01,2023-12-31,확정완료,계열사 A 데이터 레이크 고도화,계열사 A,그룹사(대내),"계열사 A 데이터 레이크 고도화에서 데이터 표준화 담당(Data Lake & Data Catalog, AWS, Private Cloud 활용)"
DP0084,W001491,X-0122,2024-01-01,2024-01-31,확정완료,공공기관 을 공공데이터 개방 플랫폼 구축,공공기관 을,공공,"공공기관 을 공공데이터 개방 플랫폼 구축에서 개방 API 담당(Kubernetes, Private Cloud, Hadoop 활용)"
DP0084,W001492,X-0235,2024-06-01,2025-01-31,확정완료,금융사 파 차세대 데이터 플랫폼 구축,금융사 파,금융,"금융사 파 차세대 데이터 플랫폼 구축에서 데이터 이관 담당(AWS, Private Cloud, Hadoop 활용)"
DP0084,W001493,X-0239,2025-04-01,2025-10-31,확정완료,계열사 Y 데이터 레이크 고도화,계열사 Y,그룹사(대내),"계열사 Y 데이터 레이크 고도화에서 카탈로그 구축 담당(Private Cloud, Hadoop, Kafka 활용)"
DP0084,W001494,X-0239,2025-12-01,2026-01-31,확정완료,계열사 Y 데이터 레이크 고도화,계열사 Y,그룹사(대내),"계열사 Y 데이터 레이크 고도화에서 카탈로그 구축 담당(Data Lake & Data Catalog, Private Cloud, Hadoop 활용)"
DP0084,W001495,X-0138,2026-04-01,2026-07-31,미등록,계열사 H 데이터 레이크 고도화,계열사 H,그룹사(대내),"계열사 H 데이터 레이크 고도화에서 배치 운영 담당(Docker, AWS, Private Cloud 활용)"
DP0084,W001496,X-0144,2026-09-01,2026-09-30,진행중,공공기관 병 공공데이터 개방 플랫폼 구축,공공기관 병,공공,"공공기관 병 공공데이터 개방 플랫폼 구축에서 개방 API 담당(AWS, Docker, Hadoop 활용)"
DP0085,W001497,X-0198,2021-03-01,2021-06-30,확정완료,계열사 R 데이터 거버넌스 구축,계열사 R,그룹사(대내),"계열사 R 데이터 거버넌스 구축에서 카탈로그 구축 담당(Text Analysis, ETL, 비정형 문서 처리(OCR) 활용)"
DP0085,W001498,X-0111,2021-07-01,2021-12-31,확정완료,금융사 타2 차세대 데이터 플랫폼 구축,금융사 타2,금융,"금융사 타2 차세대 데이터 플랫폼 구축에서 적재 파이프라인 담당(ETL, Text Analysis, Python 활용)"
DP0085,W001499,X-0208,2022-02-01,2022-04-30,확정완료,계열사 G 데이터 레이크 고도화,계열사 G,그룹사(대내),"계열사 G 데이터 레이크 고도화에서 데이터 표준화 담당(검색엔진, 비정형 문서 처리(OCR), 메타데이터 관리 활용)"
DP0085,W001500,X-0221,2022-05-01,2022-08-31,미등록,금융사 마 차세대 데이터 플랫폼 구축,금융사 마,금융,"금융사 마 차세대 데이터 플랫폼 구축에서 데이터 이관 담당(메타데이터 관리, 비정형 문서 처리(OCR), Python 활용)"
DP0085,W001501,X-0174,2022-09-01,2022-11-30,확정완료,공공기관 경 공공데이터 개방 플랫폼 구축,공공기관 경,공공,"공공기관 경 공공데이터 개방 플랫폼 구축에서 개방 API 담당(메타데이터 관리, 검색엔진, 비정형 문서 처리(OCR) 활용)"
DP0085,W001502,X-0050,2022-12-01,2023-04-30,확정완료,금융사 라2 차세대 데이터 플랫폼 구축,금융사 라2,금융,"금융사 라2 차세대 데이터 플랫폼 구축에서 데이터 이관 담당(Python, 비정형 문서 처리(OCR), 검색엔진 활용)"
DP0085,W001503,X-0163,2023-06-01,2023-10-31,확정완료,계열사 L 데이터 레이크 고도화,계열사 L,그룹사(대내),"계열사 L 데이터 레이크 고도화에서 배치 운영 담당(검색엔진, ETL, 비정형 문서 처리(OCR) 활용)"
DP0085,W001504,X-0132,2023-11-01,2024-09-30,미등록,계열사 P 데이터 거버넌스 구축,계열사 P,그룹사(대내),"계열사 P 데이터 거버넌스 구축에서 배치 운영 담당(검색엔진, ETL, Python 활용)"
DP0085,W001505,X-0091,2024-12-01,2025-07-31,확정완료,금융사 가2 비정형 문서 메타데이터 전환,금융사 가2,금융,"금융사 가2 비정형 문서 메타데이터 전환에서 데이터 이관 담당(ETL, 비정형 문서 처리(OCR), 검색엔진 활용)"
DP0085,W001506,X-0127,2025-08-01,2025-12-31,확정완료,계열사 R 데이터 거버넌스 구축,계열사 R,그룹사(대내),"계열사 R 데이터 거버넌스 구축에서 카탈로그 구축 담당(메타데이터 관리, Python, ETL 활용)"
DP0085,W001507,X-0138,2026-02-01,2026-07-31,확정완료,계열사 H 데이터 레이크 고도화,계열사 H,그룹사(대내),"계열사 H 데이터 레이크 고도화에서 배치 운영 담당(Text Analysis, 비정형 문서 처리(OCR), Python 활용)"
DP0085,W001508,X-0065,2026-09-01,2026-09-30,진행중,금융사 카 차세대 데이터 플랫폼 구축,금융사 카,금융,"금융사 카 차세대 데이터 플랫폼 구축에서 적재 파이프라인 담당(Text Analysis, ETL, 비정형 문서 처리(OCR) 활용)"
DP0086,W001509,X-0051,2017-04-01,2017-07-31,확정완료,계열사 S 데이터 레이크 고도화,계열사 S,그룹사(대내),"계열사 S 데이터 레이크 고도화에서 데이터 표준화 담당(Text Analysis, Python, ETL 활용)"
DP0086,W001510,X-0192,2017-09-01,2017-10-31,확정완료,금융사 나2 비정형 문서 메타데이터 전환,금융사 나2,금융,"금융사 나2 비정형 문서 메타데이터 전환에서 메타데이터 설계 담당(ETL, 검색엔진, Python 활용)"
DP0086,W001511,X-0051,2017-12-01,2017-12-31,확정완료,계열사 S 데이터 레이크 고도화,계열사 S,그룹사(대내),"계열사 S 데이터 레이크 고도화에서 데이터 표준화 담당(Python, ETL, 비정형 문서 처리(OCR) 활용)"
DP0086,W001512,X-0084,2018-02-01,2018-05-31,확정완료,금융사 바2 비정형 문서 메타데이터 전환,금융사 바2,금융,"금융사 바2 비정형 문서 메타데이터 전환에서 데이터 이관 담당(검색엔진, 메타데이터 관리, ETL 활용)"
DP0086,W001513,X-0160,2018-06-01,2018-10-31,확정완료,금융사 나 차세대 데이터 플랫폼 구축,금융사 나,금융,"금융사 나 차세대 데이터 플랫폼 구축에서 메타데이터 설계 담당(ETL, 메타데이터 관리, 검색엔진 활용)"
DP0086,W001514,X-0017,2018-11-01,2018-11-30,미등록,공공기관 기 공공데이터 개방 플랫폼 구축,공공기관 기,공공,"공공기관 기 공공데이터 개방 플랫폼 구축에서 데이터 정제 담당(메타데이터 관리, 비정형 문서 처리(OCR), 검색엔진 활용)"
DP0086,W001515,X-0205,2018-12-01,2019-09-30,미등록,금융사 가2 차세대 데이터 플랫폼 구축,금융사 가2,금융,"금융사 가2 차세대 데이터 플랫폼 구축에서 메타데이터 설계 담당(검색엔진, Text Analysis, ETL 활용)"
DP0086,W001516,X-0193,2019-11-01,2020-01-31,확정완료,금융사 가 차세대 데이터 플랫폼 구축,금융사 가,금융,"금융사 가 차세대 데이터 플랫폼 구축에서 메타데이터 설계 담당(Python, Text Analysis, 검색엔진 활용)"
DP0086,W001517,X-0104,2020-03-01,2020-03-31,확정완료,계열사 E 데이터 레이크 고도화,계열사 E,그룹사(대내),"계열사 E 데이터 레이크 고도화에서 카탈로그 구축 담당(ETL, Text Analysis, Python 활용)"
DP0086,W001518,X-0066,2020-04-01,2020-09-30,확정완료,계열사 P 데이터 레이크 고도화,계열사 P,그룹사(대내),"계열사 P 데이터 레이크 고도화에서 카탈로그 구축 담당(Python, 메타데이터 관리, 비정형 문서 처리(OCR) 활용)"
DP0086,W001519,X-0002,2020-12-01,2020-12-31,확정완료,계열사 Q 데이터 레이크 고도화,계열사 Q,그룹사(대내),"계열사 Q 데이터 레이크 고도화에서 데이터 표준화 담당(ETL, 비정형 문서 처리(OCR), Python 활용)"
DP0086,W001520,X-0112,2021-02-01,2021-06-30,확정완료,금융사 가 비정형 문서 메타데이터 전환,금융사 가,금융,"금융사 가 비정형 문서 메타데이터 전환에서 메타데이터 설계 담당(Text Analysis, 검색엔진, 비정형 문서 처리(OCR) 활용)"
DP0086,W001521,X-0112,2021-08-01,2021-12-31,확정완료,금융사 가 비정형 문서 메타데이터 전환,금융사 가,금융,"금융사 가 비정형 문서 메타데이터 전환에서 메타데이터 설계 담당(ETL, 메타데이터 관리, 검색엔진 활용)"
DP0086,W001522,X-0112,2022-01-01,2022-02-28,확정완료,금융사 가 비정형 문서 메타데이터 전환,금융사 가,금융,"금융사 가 비정형 문서 메타데이터 전환에서 메타데이터 설계 담당(ETL, 검색엔진, 메타데이터 관리 활용)"
DP0086,W001523,X-0221,2022-05-01,2022-10-31,확정완료,금융사 마 차세대 데이터 플랫폼 구축,금융사 마,금융,"금융사 마 차세대 데이터 플랫폼 구축에서 데이터 이관 담당(ETL, Text Analysis, 메타데이터 관리 활용)"
DP0086,W001524,X-0227,2023-01-01,2023-02-28,확정완료,계열사 W 데이터 레이크 고도화,계열사 W,그룹사(대내),"계열사 W 데이터 레이크 고도화에서 데이터 표준화 담당(Text Analysis, ETL, 비정형 문서 처리(OCR) 활용)"
DP0086,W001525,X-0141,2023-07-01,2023-12-31,확정완료,금융사 마2 데이터 마트 구축,금융사 마2,금융,"금융사 마2 데이터 마트 구축에서 적재 파이프라인 담당(비정형 문서 처리(OCR), 검색엔진, 메타데이터 관리 활용)"
DP0086,W001526,X-0072,2024-03-01,2024-11-30,확정완료,계열사 E 데이터 거버넌스 구축,계열사 E,그룹사(대내),"계열사 E 데이터 거버넌스 구축에서 데이터 표준화 담당(비정형 문서 처리(OCR), ETL, Python 활용)"
DP0086,W001527,X-0072,2024-12-01,2025-01-31,확정완료,계열사 E 데이터 거버넌스 구축,계열사 E,그룹사(대내),"계열사 E 데이터 거버넌스 구축에서 데이터 표준화 담당(검색엔진, Text Analysis, ETL 활용)"
DP0086,W001528,X-0089,2025-03-01,2025-06-30,확정완료,공공기관 병 공공데이터 개방 플랫폼 구축,공공기관 병,공공,"공공기관 병 공공데이터 개방 플랫폼 구축에서 개방 API 담당(메타데이터 관리, Text Analysis, Python 활용)"
DP0086,W001529,X-0178,2025-09-01,2025-11-30,확정완료,금융사 라 데이터 마트 구축,금융사 라,금융,"금융사 라 데이터 마트 구축에서 데이터 이관 담당(검색엔진, ETL, 메타데이터 관리 활용)"
DP0086,W001530,X-0065,2025-12-01,2026-04-30,확정완료,금융사 카 차세대 데이터 플랫폼 구축,금융사 카,금융,"금융사 카 차세대 데이터 플랫폼 구축에서 적재 파이프라인 담당(검색엔진, ETL, 메타데이터 관리 활용)"
DP0086,W001531,X-0203,2026-05-01,2026-07-31,미등록,계열사 O 데이터 거버넌스 구축,계열사 O,그룹사(대내),"계열사 O 데이터 거버넌스 구축에서 데이터 표준화 담당(Python, 비정형 문서 처리(OCR), 메타데이터 관리 활용)"
DP0086,W001532,X-0144,2026-09-01,2026-09-30,진행중,공공기관 병 공공데이터 개방 플랫폼 구축,공공기관 병,공공,"공공기관 병 공공데이터 개방 플랫폼 구축에서 개방 API 담당(Text Analysis, Python, ETL 활용)"
DP0087,W001560,X-0245,2016-10-01,2017-03-31,확정완료,계열사 Y 데이터 레이크 고도화,계열사 Y,그룹사(대내),"계열사 Y 데이터 레이크 고도화에서 배치 운영 담당(데이터 모델링, 메타데이터 관리, SQL 활용)"
DP0087,W001561,X-0032,2017-04-01,2017-09-30,확정완료,계열사 R 데이터 레이크 고도화,계열사 R,그룹사(대내),"계열사 R 데이터 레이크 고도화에서 배치 운영 담당(메타데이터 관리, 데이터 모델링, BI Reporting 활용)"
DP0087,W001562,X-0056,2017-10-01,2017-10-31,미등록,계열사 N 데이터 레이크 고도화,계열사 N,그룹사(대내),"계열사 N 데이터 레이크 고도화에서 데이터 표준화 담당(SQL, Data Lake & Data Catalog, 데이터 모델링 활용)"
DP0087,W001563,X-0043,2017-11-01,2018-02-28,확정완료,계열사 Y 데이터 거버넌스 구축,계열사 Y,그룹사(대내),"계열사 Y 데이터 거버넌스 구축에서 배치 운영 담당(메타데이터 관리, BI Reporting, SQL 활용)"
DP0087,W001564,X-0084,2018-03-01,2018-06-30,확정완료,금융사 바2 비정형 문서 메타데이터 전환,금융사 바2,금융,"금융사 바2 비정형 문서 메타데이터 전환에서 데이터 이관 담당(SQL, 메타데이터 관리, 데이터 모델링 활용)"
DP0087,W001565,X-0023,2018-08-01,2018-10-31,확정완료,금융사 하 차세대 데이터 플랫폼 구축,금융사 하,금융,"금융사 하 차세대 데이터 플랫폼 구축에서 데이터 이관 담당(SQL, BI Reporting, Data Lake & Data Catalog 활용)"
DP0087,W001566,X-0169,2018-11-01,2018-12-31,미등록,금융사 타 차세대 데이터 플랫폼 구축,금융사 타,금융,"금융사 타 차세대 데이터 플랫폼 구축에서 적재 파이프라인 담당(메타데이터 관리, Data Lake & Data Catalog, BI Reporting 활용)"
DP0087,W001567,X-0095,2019-01-01,2019-06-30,확정완료,공공기관 병 공공데이터 개방 플랫폼 구축,공공기관 병,공공,"공공기관 병 공공데이터 개방 플랫폼 구축에서 데이터 정제 담당(SQL, 메타데이터 관리, Data Lake & Data Catalog 활용)"
DP0087,W001568,X-0026,2019-09-01,2020-01-31,확정완료,공공기관 병 공공데이터 개방 플랫폼 구축,공공기관 병,공공,"공공기관 병 공공데이터 개방 플랫폼 구축에서 개방 API 담당(Data Lake & Data Catalog, BI Reporting, SQL 활용)"
DP0087,W001569,X-0019,2020-02-01,2020-02-29,확정완료,계열사 A 데이터 레이크 고도화,계열사 A,그룹사(대내),"계열사 A 데이터 레이크 고도화에서 데이터 표준화 담당(데이터 모델링, Data Lake & Data Catalog, BI Reporting 활용)"
DP0087,W001570,X-0098,2020-03-01,2020-10-31,확정완료,금융사 파2 비정형 문서 메타데이터 전환,금융사 파2,금융,"금융사 파2 비정형 문서 메타데이터 전환에서 데이터 이관 담당(SQL, BI Reporting, 데이터 모델링 활용)"
DP0087,W001571,X-0180,2020-11-01,2021-02-28,확정완료,금융사 아 데이터 마트 구축,금융사 아,금융,"금융사 아 데이터 마트 구축에서 데이터 이관 담당(BI Reporting, 메타데이터 관리, 데이터 모델링 활용)"
DP0087,W001572,X-0112,2021-03-01,2021-12-31,확정완료,금융사 가 비정형 문서 메타데이터 전환,금융사 가,금융,"금융사 가 비정형 문서 메타데이터 전환에서 메타데이터 설계 담당(SQL, 데이터 모델링, Data Lake & Data Catalog 활용)"
DP0087,W001573,X-0050,2022-01-01,2022-10-31,확정완료,금융사 라2 차세대 데이터 플랫폼 구축,금융사 라2,금융,"금융사 라2 차세대 데이터 플랫폼 구축에서 데이터 이관 담당(BI Reporting, 데이터 모델링, Data Lake & Data Catalog 활용)"
DP0087,W001574,X-0050,2022-12-01,2023-04-30,확정완료,금융사 라2 차세대 데이터 플랫폼 구축,금융사 라2,금융,"금융사 라2 차세대 데이터 플랫폼 구축에서 데이터 이관 담당(메타데이터 관리, Data Lake & Data Catalog, BI Reporting 활용)"
DP0087,W001575,X-0227,2023-07-01,2023-11-30,확정완료,계열사 W 데이터 레이크 고도화,계열사 W,그룹사(대내),"계열사 W 데이터 레이크 고도화에서 데이터 표준화 담당(Data Lake & Data Catalog, 메타데이터 관리, BI Reporting 활용)"
DP0087,W001576,X-0235,2024-04-01,2024-09-30,미등록,금융사 파 차세대 데이터 플랫폼 구축,금융사 파,금융,"금융사 파 차세대 데이터 플랫폼 구축에서 데이터 이관 담당(Data Lake & Data Catalog, BI Reporting, SQL 활용)"
DP0087,W001577,X-0194,2024-10-01,2025-03-31,확정완료,계열사 D 데이터 레이크 고도화,계열사 D,그룹사(대내),"계열사 D 데이터 레이크 고도화에서 카탈로그 구축 담당(메타데이터 관리, Data Lake & Data Catalog, 데이터 모델링 활용)"
DP0087,W001578,X-0087,2025-08-01,2025-12-31,확정완료,계열사 K 데이터 레이크 고도화,계열사 K,그룹사(대내),"계열사 K 데이터 레이크 고도화에서 배치 운영 담당(BI Reporting, Data Lake & Data Catalog, SQL 활용)"
DP0087,W001579,X-0065,2026-01-01,2026-09-30,진행중,금융사 카 차세대 데이터 플랫폼 구축,금융사 카,금융,"금융사 카 차세대 데이터 플랫폼 구축에서 적재 파이프라인 담당(데이터 모델링, SQL, 메타데이터 관리 활용)"
DP0088,W001584,X-0245,2016-10-01,2016-12-31,확정완료,계열사 Y 데이터 레이크 고도화,계열사 Y,그룹사(대내),"계열사 Y 데이터 레이크 고도화에서 배치 운영 담당(Text Analysis, Python, 비정형 문서 처리(OCR) 활용)"
DP0088,W001585,X-0075,2017-01-01,2017-02-28,확정완료,계열사 I 데이터 레이크 고도화,계열사 I,그룹사(대내),"계열사 I 데이터 레이크 고도화에서 카탈로그 구축 담당(메타데이터 관리, 검색엔진, 비정형 문서 처리(OCR) 활용)"
DP0088,W001586,X-0165,2017-03-01,2017-06-30,확정완료,공공기관 정 공공데이터 개방 플랫폼 구축,공공기관 정,공공,"공공기관 정 공공데이터 개방 플랫폼 구축에서 데이터 정제 담당(비정형 문서 처리(OCR), Text Analysis, ETL 활용)"
DP0088,W001587,X-0190,2017-07-01,2017-11-30,확정완료,계열사 N 데이터 레이크 고도화,계열사 N,그룹사(대내),"계열사 N 데이터 레이크 고도화에서 배치 운영 담당(Python, 검색엔진, 메타데이터 관리 활용)"
DP0088,W001588,X-0049,2017-12-01,2018-07-31,확정완료,계열사 U 데이터 거버넌스 구축,계열사 U,그룹사(대내),"계열사 U 데이터 거버넌스 구축에서 카탈로그 구축 담당(Text Analysis, 검색엔진, Python 활용)"
DP0088,W001589,X-0160,2018-08-01,2018-10-31,확정완료,금융사 나 차세대 데이터 플랫폼 구축,금융사 나,금융,"금융사 나 차세대 데이터 플랫폼 구축에서 메타데이터 설계 담당(ETL, Python, Text Analysis 활용)"
DP0088,W001590,X-0243,2019-01-01,2019-11-30,확정완료,계열사 B 데이터 레이크 고도화,계열사 B,그룹사(대내),"계열사 B 데이터 레이크 고도화에서 배치 운영 담당(Python, 메타데이터 관리, 검색엔진 활용)"
DP0088,W001591,X-0124,2019-12-01,2020-02-29,확정완료,공공기관 정 공공데이터 개방 플랫폼 구축,공공기관 정,공공,"공공기관 정 공공데이터 개방 플랫폼 구축에서 개방 API 담당(Python, 검색엔진, 비정형 문서 처리(OCR) 활용)"
DP0088,W001592,X-0182,2020-03-01,2020-07-31,확정완료,계열사 S 데이터 레이크 고도화,계열사 S,그룹사(대내),"계열사 S 데이터 레이크 고도화에서 데이터 표준화 담당(Text Analysis, 검색엔진, ETL 활용)"
DP0088,W001593,X-0181,2020-08-01,2020-08-31,미등록,계열사 S 데이터 레이크 고도화,계열사 S,그룹사(대내),"계열사 S 데이터 레이크 고도화에서 카탈로그 구축 담당(Python, 검색엔진, Text Analysis 활용)"
DP0088,W001594,X-0121,2020-10-01,2021-03-31,확정완료,계열사 A 데이터 레이크 고도화,계열사 A,그룹사(대내),"계열사 A 데이터 레이크 고도화에서 배치 운영 담당(ETL, Python, 메타데이터 관리 활용)"
DP0088,W001595,X-0112,2021-06-01,2021-08-31,확정완료,금융사 가 비정형 문서 메타데이터 전환,금융사 가,금융,"금융사 가 비정형 문서 메타데이터 전환에서 메타데이터 설계 담당(비정형 문서 처리(OCR), 메타데이터 관리, Text Analysis 활용)"
DP0088,W001596,X-0128,2022-04-01,2022-12-31,확정완료,공공기관 갑 공공데이터 개방 플랫폼 구축,공공기관 갑,공공,"공공기관 갑 공공데이터 개방 플랫폼 구축에서 데이터 정제 담당(Text Analysis, 메타데이터 관리, 비정형 문서 처리(OCR) 활용)"
DP0088,W001597,X-0227,2023-01-01,2023-07-31,미등록,계열사 W 데이터 레이크 고도화,계열사 W,그룹사(대내),"계열사 W 데이터 레이크 고도화에서 데이터 표준화 담당(검색엔진, 메타데이터 관리, Python 활용)"
DP0088,W001598,X-0093,2023-08-01,2023-12-31,확정완료,계열사 A 데이터 레이크 고도화,계열사 A,그룹사(대내),"계열사 A 데이터 레이크 고도화에서 데이터 표준화 담당(ETL, 비정형 문서 처리(OCR), Python 활용)"
DP0088,W001599,X-0183,2024-01-01,2024-04-30,확정완료,계열사 I 데이터 거버넌스 구축,계열사 I,그룹사(대내),"계열사 I 데이터 거버넌스 구축에서 배치 운영 담당(ETL, 검색엔진, 비정형 문서 처리(OCR) 활용)"
DP0088,W001600,X-0100,2024-07-01,2024-09-30,확정완료,금융사 하 데이터 마트 구축,금융사 하,금융,"금융사 하 데이터 마트 구축에서 메타데이터 설계 담당(Python, ETL, Text Analysis 활용)"
DP0088,W001601,X-0213,2024-11-01,2025-03-31,확정완료,계열사 O 데이터 레이크 고도화,계열사 O,그룹사(대내),"계열사 O 데이터 레이크 고도화에서 데이터 표준화 담당(Python, 메타데이터 관리, Text Analysis 활용)"
DP0088,W001602,X-0194,2025-05-01,2025-08-31,미등록,계열사 D 데이터 레이크 고도화,계열사 D,그룹사(대내),"계열사 D 데이터 레이크 고도화에서 카탈로그 구축 담당(ETL, 비정형 문서 처리(OCR), Text Analysis 활용)"
DP0088,W001603,X-0239,2025-09-01,2026-01-31,확정완료,계열사 Y 데이터 레이크 고도화,계열사 Y,그룹사(대내),"계열사 Y 데이터 레이크 고도화에서 카탈로그 구축 담당(메타데이터 관리, ETL, 검색엔진 활용)"
DP0088,W001604,X-0087,2026-02-01,2026-07-31,확정완료,계열사 K 데이터 레이크 고도화,계열사 K,그룹사(대내),"계열사 K 데이터 레이크 고도화에서 배치 운영 담당(검색엔진, Text Analysis, 메타데이터 관리 활용)"
DP0089,W001612,X-0192,2016-10-01,2016-12-31,확정완료,금융사 나2 비정형 문서 메타데이터 전환,금융사 나2,금융,"금융사 나2 비정형 문서 메타데이터 전환에서 메타데이터 설계 담당(데이터 모델링, BI Reporting, 메타데이터 관리 활용)"
DP0089,W001613,X-0075,2017-02-01,2017-02-28,확정완료,계열사 I 데이터 레이크 고도화,계열사 I,그룹사(대내),"계열사 I 데이터 레이크 고도화에서 카탈로그 구축 담당(데이터 모델링, BI Reporting, 메타데이터 관리 활용)"
DP0089,W001614,X-0032,2017-03-01,2017-07-31,확정완료,계열사 R 데이터 레이크 고도화,계열사 R,그룹사(대내),"계열사 R 데이터 레이크 고도화에서 배치 운영 담당(메타데이터 관리, 데이터 모델링, SQL 활용)"
DP0089,W001615,X-0056,2017-10-01,2017-10-31,확정완료,계열사 N 데이터 레이크 고도화,계열사 N,그룹사(대내),"계열사 N 데이터 레이크 고도화에서 데이터 표준화 담당(메타데이터 관리, SQL, 데이터 모델링 활용)"
DP0089,W001616,X-0023,2018-01-01,2018-06-30,확정완료,금융사 하 차세대 데이터 플랫폼 구축,금융사 하,금융,"금융사 하 차세대 데이터 플랫폼 구축에서 데이터 이관 담당(데이터 모델링, 메타데이터 관리, BI Reporting 활용)"
DP0089,W001617,X-0215,2018-09-01,2018-11-30,확정완료,계열사 P 데이터 레이크 고도화,계열사 P,그룹사(대내),"계열사 P 데이터 레이크 고도화에서 데이터 표준화 담당(BI Reporting, 데이터 모델링, SQL 활용)"
DP0089,W001618,X-0167,2018-12-01,2019-04-30,확정완료,공공기관 병 공공데이터 개방 플랫폼 구축,공공기관 병,공공,"공공기관 병 공공데이터 개방 플랫폼 구축에서 개방 API 담당(BI Reporting, SQL, 데이터 모델링 활용)"
DP0089,W001619,X-0181,2019-07-01,2020-01-31,확정완료,계열사 S 데이터 레이크 고도화,계열사 S,그룹사(대내),"계열사 S 데이터 레이크 고도화에서 카탈로그 구축 담당(SQL, 데이터 모델링, BI Reporting 활용)"
DP0089,W001620,X-0066,2020-03-01,2020-07-31,확정완료,계열사 P 데이터 레이크 고도화,계열사 P,그룹사(대내),"계열사 P 데이터 레이크 고도화에서 카탈로그 구축 담당(데이터 모델링, SQL, BI Reporting 활용)"
DP0089,W001621,X-0121,2020-08-01,2021-02-28,확정완료,계열사 A 데이터 레이크 고도화,계열사 A,그룹사(대내),"계열사 A 데이터 레이크 고도화에서 배치 운영 담당(데이터 모델링, 메타데이터 관리, SQL 활용)"
DP0089,W001622,X-0182,2021-03-01,2021-03-31,미등록,계열사 S 데이터 레이크 고도화,계열사 S,그룹사(대내),"계열사 S 데이터 레이크 고도화에서 데이터 표준화 담당(데이터 모델링, SQL, 메타데이터 관리 활용)"
DP0089,W001623,X-0208,2021-06-01,2021-10-31,확정완료,계열사 G 데이터 레이크 고도화,계열사 G,그룹사(대내),"계열사 G 데이터 레이크 고도화에서 데이터 표준화 담당(데이터 모델링, 메타데이터 관리, BI Reporting 활용)"
DP0089,W001624,X-0061,2022-01-01,2022-02-28,확정완료,금융사 가 차세대 데이터 플랫폼 구축,금융사 가,금융,"금융사 가 차세대 데이터 플랫폼 구축에서 적재 파이프라인 담당(메타데이터 관리, BI Reporting, 데이터 모델링 활용)"
DP0089,W001625,X-0206,2022-05-01,2022-07-31,확정완료,계열사 E 데이터 거버넌스 구축,계열사 E,그룹사(대내),"계열사 E 데이터 거버넌스 구축에서 카탈로그 구축 담당(메타데이터 관리, SQL, 데이터 모델링 활용)"
DP0089,W001626,X-0227,2022-09-01,2023-06-30,확정완료,계열사 W 데이터 레이크 고도화,계열사 W,그룹사(대내),"계열사 W 데이터 레이크 고도화에서 데이터 표준화 담당(메타데이터 관리, 데이터 모델링, SQL 활용)"
DP0089,W001627,X-0093,2023-07-01,2023-12-31,확정완료,계열사 A 데이터 레이크 고도화,계열사 A,그룹사(대내),"계열사 A 데이터 레이크 고도화에서 데이터 표준화 담당(데이터 모델링, BI Reporting, SQL 활용)"
DP0089,W001628,X-0229,2024-01-01,2024-09-30,확정완료,계열사 R 데이터 거버넌스 구축,계열사 R,그룹사(대내),"계열사 R 데이터 거버넌스 구축에서 배치 운영 담당(BI Reporting, SQL, 메타데이터 관리 활용)"
DP0089,W001629,X-0006,2024-10-01,2025-02-28,확정완료,금융사 자2 데이터 마트 구축,금융사 자2,금융,"금융사 자2 데이터 마트 구축에서 적재 파이프라인 담당(SQL, 메타데이터 관리, 데이터 모델링 활용)"
DP0089,W001630,X-0157,2025-04-01,2025-05-31,확정완료,계열사 L 데이터 레이크 고도화,계열사 L,그룹사(대내),"계열사 L 데이터 레이크 고도화에서 데이터 표준화 담당(메타데이터 관리, 데이터 모델링, BI Reporting 활용)"
DP0089,W001631,X-0065,2025-07-01,2026-01-31,확정완료,금융사 카 차세대 데이터 플랫폼 구축,금융사 카,금융,"금융사 카 차세대 데이터 플랫폼 구축에서 적재 파이프라인 담당(메타데이터 관리, 데이터 모델링, BI Reporting 활용)"
DP0089,W001632,X-0211,2026-04-01,2026-09-30,진행중,금융사 라2 비정형 문서 메타데이터 전환,금융사 라2,금융,"금융사 라2 비정형 문서 메타데이터 전환에서 데이터 이관 담당(SQL, 메타데이터 관리, BI Reporting 활용)"
DP0090,W001633,X-0141,2023-12-01,2023-12-31,확정완료,금융사 마2 데이터 마트 구축,금융사 마2,금융,"금융사 마2 데이터 마트 구축에서 적재 파이프라인 담당(메타데이터 관리, ETL, Python 활용)"
DP0090,W001634,X-0086,2024-02-01,2024-02-29,확정완료,계열사 I 데이터 레이크 고도화,계열사 I,그룹사(대내),"계열사 I 데이터 레이크 고도화에서 데이터 표준화 담당(Python, 메타데이터 관리, 비정형 문서 처리(OCR) 활용)"
DP0090,W001635,X-0235,2024-03-01,2024-06-30,확정완료,금융사 파 차세대 데이터 플랫폼 구축,금융사 파,금융,"금융사 파 차세대 데이터 플랫폼 구축에서 데이터 이관 담당(메타데이터 관리, 검색엔진, 비정형 문서 처리(OCR) 활용)"
DP0090,W001636,X-0028,2024-07-01,2025-01-31,미등록,계열사 B 데이터 거버넌스 구축,계열사 B,그룹사(대내),"계열사 B 데이터 거버넌스 구축에서 배치 운영 담당(Python, 검색엔진, 메타데이터 관리 활용)"
DP0090,W001637,X-0091,2025-02-01,2025-10-31,확정완료,금융사 가2 비정형 문서 메타데이터 전환,금융사 가2,금융,"금융사 가2 비정형 문서 메타데이터 전환에서 데이터 이관 담당(Text Analysis, ETL, Python 활용)"
DP0090,W001638,X-0108,2025-11-01,2026-03-31,확정완료,계열사 V 데이터 거버넌스 구축,계열사 V,그룹사(대내),"계열사 V 데이터 거버넌스 구축에서 카탈로그 구축 담당(검색엔진, Python, ETL 활용)"
DP0090,W001639,X-0065,2026-06-01,2026-09-30,진행중,금융사 카 차세대 데이터 플랫폼 구축,금융사 카,금융,"금융사 카 차세대 데이터 플랫폼 구축에서 적재 파이프라인 담당(비정형 문서 처리(OCR), Python, ETL 활용)"
DP0091,W001640,X-0121,2020-10-01,2021-05-31,확정완료,계열사 A 데이터 레이크 고도화,계열사 A,그룹사(대내),"계열사 A 데이터 레이크 고도화에서 배치 운영 담당(비정형 문서 처리(OCR), ETL, 메타데이터 관리 활용)"
DP0091,W001641,X-0112,2021-06-01,2022-02-28,확정완료,금융사 가 비정형 문서 메타데이터 전환,금융사 가,금융,"금융사 가 비정형 문서 메타데이터 전환에서 메타데이터 설계 담당(Python, 비정형 문서 처리(OCR), ETL 활용)"
DP0091,W001642,X-0208,2022-03-01,2022-03-31,확정완료,계열사 G 데이터 레이크 고도화,계열사 G,그룹사(대내),"계열사 G 데이터 레이크 고도화에서 데이터 표준화 담당(메타데이터 관리, Text Analysis, ETL 활용)"
DP0091,W001643,X-0206,2022-06-01,2022-09-30,미등록,계열사 E 데이터 거버넌스 구축,계열사 E,그룹사(대내),"계열사 E 데이터 거버넌스 구축에서 카탈로그 구축 담당(메타데이터 관리, 검색엔진, Text Analysis 활용)"
DP0091,W001644,X-0141,2022-11-01,2023-09-30,확정완료,금융사 마2 데이터 마트 구축,금융사 마2,금융,"금융사 마2 데이터 마트 구축에서 적재 파이프라인 담당(검색엔진, Python, ETL 활용)"
DP0091,W001645,X-0086,2023-10-01,2023-12-31,확정완료,계열사 I 데이터 레이크 고도화,계열사 I,그룹사(대내),"계열사 I 데이터 레이크 고도화에서 데이터 표준화 담당(Python, ETL, Text Analysis 활용)"
DP0091,W001646,X-0132,2024-01-01,2024-03-31,확정완료,계열사 P 데이터 거버넌스 구축,계열사 P,그룹사(대내),"계열사 P 데이터 거버넌스 구축에서 배치 운영 담당(Python, 메타데이터 관리, ETL 활용)"
DP0091,W001647,X-0038,2024-06-01,2024-12-31,확정완료,계열사 F 데이터 거버넌스 구축,계열사 F,그룹사(대내),"계열사 F 데이터 거버넌스 구축에서 데이터 표준화 담당(검색엔진, ETL, Text Analysis 활용)"
DP0091,W001648,X-0100,2025-01-01,2025-06-30,확정완료,금융사 하 데이터 마트 구축,금융사 하,금융,"금융사 하 데이터 마트 구축에서 메타데이터 설계 담당(Python, Text Analysis, 메타데이터 관리 활용)"
DP0091,W001649,X-0091,2025-07-01,2025-11-30,확정완료,금융사 가2 비정형 문서 메타데이터 전환,금융사 가2,금융,"금융사 가2 비정형 문서 메타데이터 전환에서 데이터 이관 담당(비정형 문서 처리(OCR), 메타데이터 관리, ETL 활용)"
DP0091,W001650,X-0127,2025-12-01,2025-12-31,확정완료,계열사 R 데이터 거버넌스 구축,계열사 R,그룹사(대내),"계열사 R 데이터 거버넌스 구축에서 카탈로그 구축 담당(Text Analysis, 메타데이터 관리, ETL 활용)"
DP0091,W001651,X-0087,2026-01-01,2026-06-30,확정완료,계열사 K 데이터 레이크 고도화,계열사 K,그룹사(대내),"계열사 K 데이터 레이크 고도화에서 배치 운영 담당(ETL, Text Analysis, 메타데이터 관리 활용)"
DP0091,W001652,X-0144,2026-07-01,2026-09-30,진행중,공공기관 병 공공데이터 개방 플랫폼 구축,공공기관 병,공공,"공공기관 병 공공데이터 개방 플랫폼 구축에서 개방 API 담당(비정형 문서 처리(OCR), Text Analysis, Python 활용)"
DP0092,W001653,X-0111,2020-12-01,2021-04-30,미등록,금융사 타2 차세대 데이터 플랫폼 구축,금융사 타2,금융,"금융사 타2 차세대 데이터 플랫폼 구축에서 적재 파이프라인 담당(AWS, ETL, Spark 활용)"
DP0092,W001654,X-0111,2021-07-01,2021-12-31,확정완료,금융사 타2 차세대 데이터 플랫폼 구축,금융사 타2,금융,"금융사 타2 차세대 데이터 플랫폼 구축에서 적재 파이프라인 담당(Airflow, Hadoop, Kafka 활용)"
DP0092,W001655,X-0208,2022-01-01,2022-04-30,확정완료,계열사 G 데이터 레이크 고도화,계열사 G,그룹사(대내),"계열사 G 데이터 레이크 고도화에서 데이터 표준화 담당(Kafka, Airflow, Scala 활용)"
DP0092,W001656,X-0050,2022-05-01,2023-02-28,확정완료,금융사 라2 차세대 데이터 플랫폼 구축,금융사 라2,금융,"금융사 라2 차세대 데이터 플랫폼 구축에서 데이터 이관 담당(ETL, AWS, Python 활용)"
DP0092,W001657,X-0141,2023-03-01,2023-05-31,확정완료,금융사 마2 데이터 마트 구축,금융사 마2,금융,"금융사 마2 데이터 마트 구축에서 적재 파이프라인 담당(AWS, Spark, Scala 활용)"
DP0092,W001658,X-0086,2023-08-01,2024-02-29,확정완료,계열사 I 데이터 레이크 고도화,계열사 I,그룹사(대내),"계열사 I 데이터 레이크 고도화에서 데이터 표준화 담당(Spark, ETL, Python 활용)"
DP0092,W001659,X-0186,2024-03-01,2024-04-30,미등록,공공기관 무 공공데이터 개방 플랫폼 구축,공공기관 무,공공,"공공기관 무 공공데이터 개방 플랫폼 구축에서 개방 API 담당(Kafka, AWS, Python 활용)"
DP0092,W001660,X-0047,2024-05-01,2024-10-31,확정완료,계열사 H 데이터 거버넌스 구축,계열사 H,그룹사(대내),"계열사 H 데이터 거버넌스 구축에서 데이터 표준화 담당(Spark, AWS, Python 활용)"
DP0092,W001661,X-0038,2024-12-01,2024-12-31,확정완료,계열사 F 데이터 거버넌스 구축,계열사 F,그룹사(대내),"계열사 F 데이터 거버넌스 구축에서 데이터 표준화 담당(SQL, Kafka, Python 활용)"
DP0092,W001662,X-0225,2025-02-01,2025-03-31,확정완료,금융사 카 차세대 데이터 플랫폼 구축,금융사 카,금융,"금융사 카 차세대 데이터 플랫폼 구축에서 적재 파이프라인 담당(SQL, Spark, Airflow 활용)"
DP0092,W001663,X-0178,2025-04-01,2025-08-31,확정완료,금융사 라 데이터 마트 구축,금융사 라,금융,"금융사 라 데이터 마트 구축에서 데이터 이관 담당(Python, Hadoop, AWS 활용)"
DP0092,W001664,X-0203,2025-09-01,2025-12-31,확정완료,계열사 O 데이터 거버넌스 구축,계열사 O,그룹사(대내),"계열사 O 데이터 거버넌스 구축에서 데이터 표준화 담당(AWS, Python, Scala 활용)"
DP0092,W001665,X-0108,2026-01-01,2026-03-31,확정완료,계열사 V 데이터 거버넌스 구축,계열사 V,그룹사(대내),"계열사 V 데이터 거버넌스 구축에서 카탈로그 구축 담당(Python, Spark, Scala 활용)"
DP0092,W001666,X-0138,2026-04-01,2026-09-30,진행중,계열사 H 데이터 레이크 고도화,계열사 H,그룹사(대내),"계열사 H 데이터 레이크 고도화에서 배치 운영 담당(Airflow, Hadoop, AWS 활용)"
DP0093,W001679,X-0156,2016-10-01,2017-01-31,확정완료,계열사 G 데이터 레이크 고도화,계열사 G,그룹사(대내),"계열사 G 데이터 레이크 고도화에서 배치 운영 담당(Docker, Hadoop, Kafka 활용)"
DP0093,W001680,X-0228,2017-04-01,2017-04-30,확정완료,금융사 라2 데이터 마트 구축,금융사 라2,금융,"금융사 라2 데이터 마트 구축에서 적재 파이프라인 담당(AWS, Kubernetes, Kafka 활용)"
DP0093,W001681,X-0168,2017-09-01,2017-11-30,확정완료,계열사 D 데이터 거버넌스 구축,계열사 D,그룹사(대내),"계열사 D 데이터 거버넌스 구축에서 데이터 표준화 담당(Private Cloud, Data Lake & Data Catalog, Kafka 활용)"
DP0093,W001682,X-0049,2017-12-01,2018-02-28,확정완료,계열사 U 데이터 거버넌스 구축,계열사 U,그룹사(대내),"계열사 U 데이터 거버넌스 구축에서 카탈로그 구축 담당(AWS, Hadoop, Kubernetes 활용)"
DP0093,W001683,X-0165,2018-03-01,2018-07-31,확정완료,공공기관 정 공공데이터 개방 플랫폼 구축,공공기관 정,공공,"공공기관 정 공공데이터 개방 플랫폼 구축에서 데이터 정제 담당(Kubernetes, Docker, Data Lake & Data Catalog 활용)"
DP0093,W001684,X-0017,2018-08-01,2018-11-30,확정완료,공공기관 기 공공데이터 개방 플랫폼 구축,공공기관 기,공공,"공공기관 기 공공데이터 개방 플랫폼 구축에서 데이터 정제 담당(Hadoop, Private Cloud, Docker 활용)"
DP0093,W001685,X-0084,2018-12-01,2019-02-28,미등록,금융사 바2 비정형 문서 메타데이터 전환,금융사 바2,금융,"금융사 바2 비정형 문서 메타데이터 전환에서 데이터 이관 담당(AWS, Kubernetes, Kafka 활용)"
DP0093,W001686,X-0177,2019-03-01,2019-06-30,확정완료,금융사 다 데이터 마트 구축,금융사 다,금융,"금융사 다 데이터 마트 구축에서 적재 파이프라인 담당(Private Cloud, Hadoop, Data Lake & Data Catalog 활용)"
DP0093,W001687,X-0001,2019-08-01,2019-12-31,확정완료,금융사 카 차세대 데이터 플랫폼 구축,금융사 카,금융,"금융사 카 차세대 데이터 플랫폼 구축에서 메타데이터 설계 담당(Private Cloud, Data Lake & Data Catalog, Hadoop 활용)"
DP0093,W001688,X-0182,2020-03-01,2021-01-31,확정완료,계열사 S 데이터 레이크 고도화,계열사 S,그룹사(대내),"계열사 S 데이터 레이크 고도화에서 데이터 표준화 담당(Hadoop, Kafka, AWS 활용)"
DP0093,W001689,X-0061,2021-04-01,2022-02-28,확정완료,금융사 가 차세대 데이터 플랫폼 구축,금융사 가,금융,"금융사 가 차세대 데이터 플랫폼 구축에서 적재 파이프라인 담당(Kubernetes, Hadoop, Private Cloud 활용)"
DP0093,W001690,X-0208,2022-04-01,2022-04-30,확정완료,계열사 G 데이터 레이크 고도화,계열사 G,그룹사(대내),"계열사 G 데이터 레이크 고도화에서 데이터 표준화 담당(Private Cloud, AWS, Kafka 활용)"
DP0093,W001691,X-0221,2022-06-01,2022-10-31,미등록,금융사 마 차세대 데이터 플랫폼 구축,금융사 마,금융,"금융사 마 차세대 데이터 플랫폼 구축에서 데이터 이관 담당(AWS, Private Cloud, Hadoop 활용)"
DP0093,W001692,X-0206,2022-11-01,2022-11-30,확정완료,계열사 E 데이터 거버넌스 구축,계열사 E,그룹사(대내),"계열사 E 데이터 거버넌스 구축에서 카탈로그 구축 담당(AWS, Docker, Kafka 활용)"
DP0093,W001693,X-0141,2023-01-01,2023-06-30,확정완료,금융사 마2 데이터 마트 구축,금융사 마2,금융,"금융사 마2 데이터 마트 구축에서 적재 파이프라인 담당(Hadoop, Docker, Private Cloud 활용)"
DP0093,W001694,X-0141,2023-07-01,2023-12-31,확정완료,금융사 마2 데이터 마트 구축,금융사 마2,금융,"금융사 마2 데이터 마트 구축에서 적재 파이프라인 담당(Docker, AWS, Private Cloud 활용)"
DP0093,W001695,X-0246,2024-03-01,2024-03-31,확정완료,계열사 N 데이터 거버넌스 구축,계열사 N,그룹사(대내),"계열사 N 데이터 거버넌스 구축에서 데이터 표준화 담당(Docker, Hadoop, Private Cloud 활용)"
DP0093,W001696,X-0028,2024-04-01,2024-12-31,확정완료,계열사 B 데이터 거버넌스 구축,계열사 B,그룹사(대내),"계열사 B 데이터 거버넌스 구축에서 배치 운영 담당(Kubernetes, Private Cloud, Docker 활용)"
DP0093,W001697,X-0028,2025-01-01,2025-02-28,확정완료,계열사 B 데이터 거버넌스 구축,계열사 B,그룹사(대내),"계열사 B 데이터 거버넌스 구축에서 배치 운영 담당(Private Cloud, Kubernetes, AWS 활용)"
DP0093,W001698,X-0239,2025-05-01,2025-07-31,확정완료,계열사 Y 데이터 레이크 고도화,계열사 Y,그룹사(대내),"계열사 Y 데이터 레이크 고도화에서 카탈로그 구축 담당(Private Cloud, Kafka, Hadoop 활용)"
DP0093,W001699,X-0178,2025-08-01,2025-11-30,확정완료,금융사 라 데이터 마트 구축,금융사 라,금융,"금융사 라 데이터 마트 구축에서 데이터 이관 담당(Kubernetes, Hadoop, Kafka 활용)"
DP0093,W001700,X-0203,2026-02-01,2026-04-30,확정완료,계열사 O 데이터 거버넌스 구축,계열사 O,그룹사(대내),"계열사 O 데이터 거버넌스 구축에서 데이터 표준화 담당(Kafka, AWS, Hadoop 활용)"
DP0093,W001701,X-0087,2026-05-01,2026-08-31,확정완료,계열사 K 데이터 레이크 고도화,계열사 K,그룹사(대내),"계열사 K 데이터 레이크 고도화에서 배치 운영 담당(AWS, Docker, Data Lake & Data Catalog 활용)"
DP0093,W001702,X-0144,2026-09-01,2026-09-30,진행중,공공기관 병 공공데이터 개방 플랫폼 구축,공공기관 병,공공,"공공기관 병 공공데이터 개방 플랫폼 구축에서 개방 API 담당(Kubernetes, Kafka, AWS 활용)"
DP0094,W001703,X-0243,2019-01-01,2019-09-30,미등록,계열사 B 데이터 레이크 고도화,계열사 B,그룹사(대내),"계열사 B 데이터 레이크 고도화에서 배치 운영 담당(Python, 메타데이터 관리, 비정형 문서 처리(OCR) 활용)"
DP0094,W001704,X-0001,2019-12-01,2019-12-31,확정완료,금융사 카 차세대 데이터 플랫폼 구축,금융사 카,금융,"금융사 카 차세대 데이터 플랫폼 구축에서 메타데이터 설계 담당(메타데이터 관리, 비정형 문서 처리(OCR), Text Analysis 활용)"
DP0094,W001705,X-0189,2020-01-01,2020-05-31,확정완료,금융사 파 차세대 데이터 플랫폼 구축,금융사 파,금융,"금융사 파 차세대 데이터 플랫폼 구축에서 데이터 이관 담당(비정형 문서 처리(OCR), Text Analysis, 검색엔진 활용)"
DP0094,W001706,X-0182,2020-08-01,2021-03-31,확정완료,계열사 S 데이터 레이크 고도화,계열사 S,그룹사(대내),"계열사 S 데이터 레이크 고도화에서 데이터 표준화 담당(ETL, 메타데이터 관리, Text Analysis 활용)"
DP0094,W001707,X-0198,2021-04-01,2021-06-30,미등록,계열사 R 데이터 거버넌스 구축,계열사 R,그룹사(대내),"계열사 R 데이터 거버넌스 구축에서 카탈로그 구축 담당(Python, 비정형 문서 처리(OCR), Text Analysis 활용)"
DP0094,W001708,X-0085,2021-09-01,2021-12-31,확정완료,금융사 다2 차세대 데이터 플랫폼 구축,금융사 다2,금융,"금융사 다2 차세대 데이터 플랫폼 구축에서 데이터 이관 담당(메타데이터 관리, ETL, Python 활용)"
DP0094,W001709,X-0208,2022-02-01,2022-04-30,확정완료,계열사 G 데이터 레이크 고도화,계열사 G,그룹사(대내),"계열사 G 데이터 레이크 고도화에서 데이터 표준화 담당(비정형 문서 처리(OCR), ETL, 검색엔진 활용)"
DP0094,W001710,X-0221,2022-06-01,2022-10-31,확정완료,금융사 마 차세대 데이터 플랫폼 구축,금융사 마,금융,"금융사 마 차세대 데이터 플랫폼 구축에서 데이터 이관 담당(Text Analysis, Python, ETL 활용)"
DP0094,W001711,X-0050,2022-11-01,2023-01-31,확정완료,금융사 라2 차세대 데이터 플랫폼 구축,금융사 라2,금융,"금융사 라2 차세대 데이터 플랫폼 구축에서 데이터 이관 담당(검색엔진, 메타데이터 관리, Text Analysis 활용)"
DP0094,W001712,X-0093,2023-02-01,2023-04-30,확정완료,계열사 A 데이터 레이크 고도화,계열사 A,그룹사(대내),"계열사 A 데이터 레이크 고도화에서 데이터 표준화 담당(Text Analysis, Python, 검색엔진 활용)"
DP0094,W001713,X-0163,2023-05-01,2023-09-30,확정완료,계열사 L 데이터 레이크 고도화,계열사 L,그룹사(대내),"계열사 L 데이터 레이크 고도화에서 배치 운영 담당(메타데이터 관리, 비정형 문서 처리(OCR), 검색엔진 활용)"
DP0094,W001714,X-0225,2023-12-01,2024-11-30,미등록,금융사 카 차세대 데이터 플랫폼 구축,금융사 카,금융,"금융사 카 차세대 데이터 플랫폼 구축에서 적재 파이프라인 담당(Python, Text Analysis, ETL 활용)"
DP0094,W001715,X-0178,2024-12-01,2025-09-30,확정완료,금융사 라 데이터 마트 구축,금융사 라,금융,"금융사 라 데이터 마트 구축에서 데이터 이관 담당(Python, 검색엔진, Text Analysis 활용)"
DP0094,W001716,X-0138,2025-12-01,2026-09-30,진행중,계열사 H 데이터 레이크 고도화,계열사 H,그룹사(대내),"계열사 H 데이터 레이크 고도화에서 배치 운영 담당(Python, 메타데이터 관리, 비정형 문서 처리(OCR) 활용)"
DP0095,W001717,X-0227,2023-01-01,2023-10-31,확정완료,계열사 W 데이터 레이크 고도화,계열사 W,그룹사(대내),"계열사 W 데이터 레이크 고도화에서 데이터 표준화 담당(Python, 비정형 문서 처리(OCR), ETL 활용)"
DP0095,W001718,X-0122,2023-12-01,2024-04-30,확정완료,공공기관 을 공공데이터 개방 플랫폼 구축,공공기관 을,공공,"공공기관 을 공공데이터 개방 플랫폼 구축에서 개방 API 담당(Text Analysis, 메타데이터 관리, Python 활용)"
DP0095,W001719,X-0132,2024-05-01,2024-09-30,확정완료,계열사 P 데이터 거버넌스 구축,계열사 P,그룹사(대내),"계열사 P 데이터 거버넌스 구축에서 배치 운영 담당(ETL, Python, 메타데이터 관리 활용)"
DP0095,W001720,X-0038,2024-10-01,2024-12-31,확정완료,계열사 F 데이터 거버넌스 구축,계열사 F,그룹사(대내),"계열사 F 데이터 거버넌스 구축에서 데이터 표준화 담당(ETL, Text Analysis, 메타데이터 관리 활용)"
DP0095,W001721,X-0194,2025-01-01,2025-08-31,확정완료,계열사 D 데이터 레이크 고도화,계열사 D,그룹사(대내),"계열사 D 데이터 레이크 고도화에서 카탈로그 구축 담당(검색엔진, 메타데이터 관리, 비정형 문서 처리(OCR) 활용)"
DP0095,W001722,X-0127,2025-11-01,2025-12-31,확정완료,계열사 R 데이터 거버넌스 구축,계열사 R,그룹사(대내),"계열사 R 데이터 거버넌스 구축에서 카탈로그 구축 담당(비정형 문서 처리(OCR), 메타데이터 관리, Text Analysis 활용)"
DP0095,W001723,X-0203,2026-01-01,2026-07-31,확정완료,계열사 O 데이터 거버넌스 구축,계열사 O,그룹사(대내),"계열사 O 데이터 거버넌스 구축에서 데이터 표준화 담당(ETL, 비정형 문서 처리(OCR), Text Analysis 활용)"
DP0095,W001724,X-0065,2026-08-01,2026-09-30,진행중,금융사 카 차세대 데이터 플랫폼 구축,금융사 카,금융,"금융사 카 차세대 데이터 플랫폼 구축에서 적재 파이프라인 담당(검색엔진, 비정형 문서 처리(OCR), ETL 활용)"
DP0096,W001725,X-0122,2024-01-01,2024-04-30,미등록,공공기관 을 공공데이터 개방 플랫폼 구축,공공기관 을,공공,"공공기관 을 공공데이터 개방 플랫폼 구축에서 개방 API 담당(Python, SQL, AWS 활용)"
DP0096,W001726,X-0132,2024-06-01,2024-09-30,확정완료,계열사 P 데이터 거버넌스 구축,계열사 P,그룹사(대내),"계열사 P 데이터 거버넌스 구축에서 배치 운영 담당(Scala, Spark, Airflow 활용)"
DP0096,W001727,X-0072,2024-10-01,2025-01-31,확정완료,계열사 E 데이터 거버넌스 구축,계열사 E,그룹사(대내),"계열사 E 데이터 거버넌스 구축에서 데이터 표준화 담당(Hadoop, ETL, AWS 활용)"
DP0096,W001728,X-0178,2025-02-01,2025-05-31,확정완료,금융사 라 데이터 마트 구축,금융사 라,금융,"금융사 라 데이터 마트 구축에서 데이터 이관 담당(Kafka, Spark, AWS 활용)"
DP0096,W001729,X-0194,2025-06-01,2025-08-31,확정완료,계열사 D 데이터 레이크 고도화,계열사 D,그룹사(대내),"계열사 D 데이터 레이크 고도화에서 카탈로그 구축 담당(Spark, SQL, Airflow 활용)"
DP0096,W001730,X-0020,2025-10-01,2025-11-30,확정완료,계열사 D 데이터 거버넌스 구축,계열사 D,그룹사(대내),"계열사 D 데이터 거버넌스 구축에서 배치 운영 담당(Airflow, Kafka, Scala 활용)"
DP0096,W001731,X-0007,2025-12-01,2026-09-30,진행중,금융사 차 차세대 데이터 플랫폼 구축,금융사 차,금융,"금융사 차 차세대 데이터 플랫폼 구축에서 메타데이터 설계 담당(ETL, AWS, Python 활용)"
DP0097,W001732,X-0104,2020-03-01,2020-03-31,미등록,계열사 E 데이터 레이크 고도화,계열사 E,그룹사(대내),"계열사 E 데이터 레이크 고도화에서 카탈로그 구축 담당(Python, Text Analysis, 비정형 문서 처리(OCR) 활용)"
DP0097,W001733,X-0181,2020-04-01,2020-08-31,미등록,계열사 S 데이터 레이크 고도화,계열사 S,그룹사(대내),"계열사 S 데이터 레이크 고도화에서 카탈로그 구축 담당(비정형 문서 처리(OCR), 검색엔진, ETL 활용)"
DP0097,W001734,X-0002,2020-10-01,2020-12-31,확정완료,계열사 Q 데이터 레이크 고도화,계열사 Q,그룹사(대내),"계열사 Q 데이터 레이크 고도화에서 데이터 표준화 담당(Python, ETL, Text Analysis 활용)"
DP0097,W001735,X-0180,2021-03-01,2021-06-30,확정완료,금융사 아 데이터 마트 구축,금융사 아,금융,"금융사 아 데이터 마트 구축에서 데이터 이관 담당(비정형 문서 처리(OCR), 메타데이터 관리, 검색엔진 활용)"
DP0097,W001736,X-0016,2021-08-01,2022-02-28,확정완료,공공기관 을 공공데이터 개방 플랫폼 구축,공공기관 을,공공,"공공기관 을 공공데이터 개방 플랫폼 구축에서 데이터 정제 담당(Python, 검색엔진, ETL 활용)"
DP0097,W001737,X-0128,2022-05-01,2022-10-31,확정완료,공공기관 갑 공공데이터 개방 플랫폼 구축,공공기관 갑,공공,"공공기관 갑 공공데이터 개방 플랫폼 구축에서 데이터 정제 담당(Python, Text Analysis, 검색엔진 활용)"
DP0097,W001738,X-0093,2022-11-01,2023-02-28,확정완료,계열사 A 데이터 레이크 고도화,계열사 A,그룹사(대내),"계열사 A 데이터 레이크 고도화에서 데이터 표준화 담당(ETL, 메타데이터 관리, Python 활용)"
DP0097,W001739,X-0141,2023-05-01,2023-07-31,미등록,금융사 마2 데이터 마트 구축,금융사 마2,금융,"금융사 마2 데이터 마트 구축에서 적재 파이프라인 담당(Text Analysis, 비정형 문서 처리(OCR), 검색엔진 활용)"
DP0097,W001740,X-0044,2023-10-01,2023-12-31,확정완료,금융사 라2 비정형 문서 메타데이터 전환,금융사 라2,금융,"금융사 라2 비정형 문서 메타데이터 전환에서 데이터 이관 담당(Python, Text Analysis, 검색엔진 활용)"
DP0097,W001741,X-0227,2024-01-01,2024-02-29,미등록,계열사 W 데이터 레이크 고도화,계열사 W,그룹사(대내),"계열사 W 데이터 레이크 고도화에서 데이터 표준화 담당(검색엔진, ETL, Text Analysis 활용)"
DP0097,W001742,X-0183,2024-05-01,2024-06-30,미등록,계열사 I 데이터 거버넌스 구축,계열사 I,그룹사(대내),"계열사 I 데이터 거버넌스 구축에서 배치 운영 담당(Python, 비정형 문서 처리(OCR), 검색엔진 활용)"
DP0097,W001743,X-0194,2024-09-01,2024-12-31,확정완료,계열사 D 데이터 레이크 고도화,계열사 D,그룹사(대내),"계열사 D 데이터 레이크 고도화에서 카탈로그 구축 담당(메타데이터 관리, ETL, 비정형 문서 처리(OCR) 활용)"
DP0097,W001744,X-0235,2025-01-01,2025-01-31,확정완료,금융사 파 차세대 데이터 플랫폼 구축,금융사 파,금융,"금융사 파 차세대 데이터 플랫폼 구축에서 데이터 이관 담당(비정형 문서 처리(OCR), ETL, 메타데이터 관리 활용)"
DP0097,W001745,X-0157,2025-02-01,2025-05-31,확정완료,계열사 L 데이터 레이크 고도화,계열사 L,그룹사(대내),"계열사 L 데이터 레이크 고도화에서 데이터 표준화 담당(메타데이터 관리, Python, 검색엔진 활용)"
DP0097,W001746,X-0091,2025-08-01,2025-11-30,확정완료,금융사 가2 비정형 문서 메타데이터 전환,금융사 가2,금융,"금융사 가2 비정형 문서 메타데이터 전환에서 데이터 이관 담당(검색엔진, ETL, 비정형 문서 처리(OCR) 활용)"
DP0097,W001747,X-0087,2026-01-01,2026-08-31,확정완료,계열사 K 데이터 레이크 고도화,계열사 K,그룹사(대내),"계열사 K 데이터 레이크 고도화에서 배치 운영 담당(Python, 비정형 문서 처리(OCR), ETL 활용)"
DP0098,W001765,X-0228,2016-10-01,2016-10-31,미등록,금융사 라2 데이터 마트 구축,금융사 라2,금융,"금융사 라2 데이터 마트 구축에서 적재 파이프라인 담당(검색엔진, Python, Text Analysis 활용)"
DP0098,W001766,X-0106,2016-11-01,2017-08-31,확정완료,공공기관 을 공공데이터 개방 플랫폼 구축,공공기관 을,공공,"공공기관 을 공공데이터 개방 플랫폼 구축에서 개방 API 담당(Text Analysis, 메타데이터 관리, 비정형 문서 처리(OCR) 활용)"
DP0098,W001767,X-0168,2017-11-01,2017-11-30,확정완료,계열사 D 데이터 거버넌스 구축,계열사 D,그룹사(대내),"계열사 D 데이터 거버넌스 구축에서 데이터 표준화 담당(메타데이터 관리, 비정형 문서 처리(OCR), Python 활용)"
DP0098,W001768,X-0190,2017-12-01,2018-09-30,확정완료,계열사 N 데이터 레이크 고도화,계열사 N,그룹사(대내),"계열사 N 데이터 레이크 고도화에서 배치 운영 담당(비정형 문서 처리(OCR), Python, ETL 활용)"
DP0098,W001769,X-0088,2018-12-01,2019-02-28,확정완료,계열사 R 데이터 거버넌스 구축,계열사 R,그룹사(대내),"계열사 R 데이터 거버넌스 구축에서 데이터 표준화 담당(메타데이터 관리, 검색엔진, Python 활용)"
DP0098,W001770,X-0088,2019-03-01,2019-04-30,확정완료,계열사 R 데이터 거버넌스 구축,계열사 R,그룹사(대내),"계열사 R 데이터 거버넌스 구축에서 데이터 표준화 담당(Python, 검색엔진, 메타데이터 관리 활용)"
DP0098,W001771,X-0172,2019-05-01,2019-08-31,미등록,계열사 G 데이터 레이크 고도화,계열사 G,그룹사(대내),"계열사 G 데이터 레이크 고도화에서 카탈로그 구축 담당(검색엔진, Python, 비정형 문서 처리(OCR) 활용)"
DP0098,W001772,X-0066,2019-10-01,2020-08-31,확정완료,계열사 P 데이터 레이크 고도화,계열사 P,그룹사(대내),"계열사 P 데이터 레이크 고도화에서 카탈로그 구축 담당(메타데이터 관리, ETL, 비정형 문서 처리(OCR) 활용)"
DP0098,W001773,X-0180,2020-11-01,2021-03-31,확정완료,금융사 아 데이터 마트 구축,금융사 아,금융,"금융사 아 데이터 마트 구축에서 데이터 이관 담당(메타데이터 관리, 검색엔진, Python 활용)"
DP0098,W001774,X-0198,2021-04-01,2021-06-30,확정완료,계열사 R 데이터 거버넌스 구축,계열사 R,그룹사(대내),"계열사 R 데이터 거버넌스 구축에서 카탈로그 구축 담당(비정형 문서 처리(OCR), ETL, Python 활용)"
DP0098,W001775,X-0061,2021-07-01,2022-04-30,확정완료,금융사 가 차세대 데이터 플랫폼 구축,금융사 가,금융,"금융사 가 차세대 데이터 플랫폼 구축에서 적재 파이프라인 담당(ETL, 비정형 문서 처리(OCR), 검색엔진 활용)"
DP0098,W001776,X-0221,2022-06-01,2022-10-31,미등록,금융사 마 차세대 데이터 플랫폼 구축,금융사 마,금융,"금융사 마 차세대 데이터 플랫폼 구축에서 데이터 이관 담당(메타데이터 관리, 비정형 문서 처리(OCR), 검색엔진 활용)"
DP0098,W001777,X-0128,2022-11-01,2022-12-31,확정완료,공공기관 갑 공공데이터 개방 플랫폼 구축,공공기관 갑,공공,"공공기관 갑 공공데이터 개방 플랫폼 구축에서 데이터 정제 담당(비정형 문서 처리(OCR), Python, ETL 활용)"
DP0098,W001778,X-0093,2023-01-01,2023-10-31,확정완료,계열사 A 데이터 레이크 고도화,계열사 A,그룹사(대내),"계열사 A 데이터 레이크 고도화에서 데이터 표준화 담당(Python, 비정형 문서 처리(OCR), 메타데이터 관리 활용)"
DP0098,W001779,X-0163,2023-11-01,2023-12-31,확정완료,계열사 L 데이터 레이크 고도화,계열사 L,그룹사(대내),"계열사 L 데이터 레이크 고도화에서 배치 운영 담당(비정형 문서 처리(OCR), Text Analysis, 메타데이터 관리 활용)"
DP0098,W001780,X-0225,2024-01-01,2024-07-31,확정완료,금융사 카 차세대 데이터 플랫폼 구축,금융사 카,금융,"금융사 카 차세대 데이터 플랫폼 구축에서 적재 파이프라인 담당(Python, 비정형 문서 처리(OCR), ETL 활용)"
DP0098,W001781,X-0006,2024-08-01,2024-12-31,확정완료,금융사 자2 데이터 마트 구축,금융사 자2,금융,"금융사 자2 데이터 마트 구축에서 적재 파이프라인 담당(비정형 문서 처리(OCR), 메타데이터 관리, Python 활용)"
DP0098,W001782,X-0100,2025-01-01,2025-11-30,확정완료,금융사 하 데이터 마트 구축,금융사 하,금융,"금융사 하 데이터 마트 구축에서 메타데이터 설계 담당(메타데이터 관리, Text Analysis, ETL 활용)"
DP0098,W001783,X-0203,2025-12-01,2026-04-30,확정완료,계열사 O 데이터 거버넌스 구축,계열사 O,그룹사(대내),"계열사 O 데이터 거버넌스 구축에서 데이터 표준화 담당(Text Analysis, 비정형 문서 처리(OCR), Python 활용)"
DP0098,W001784,X-0087,2026-05-01,2026-07-31,확정완료,계열사 K 데이터 레이크 고도화,계열사 K,그룹사(대내),"계열사 K 데이터 레이크 고도화에서 배치 운영 담당(Python, 비정형 문서 처리(OCR), 검색엔진 활용)"
DP0098,W001785,X-0065,2026-08-01,2026-09-30,진행중,금융사 카 차세대 데이터 플랫폼 구축,금융사 카,금융,"금융사 카 차세대 데이터 플랫폼 구축에서 적재 파이프라인 담당(Python, 비정형 문서 처리(OCR), 메타데이터 관리 활용)"
DP0099,W001792,X-0248,2016-10-01,2016-10-31,미등록,계열사 K 데이터 거버넌스 구축,계열사 K,그룹사(대내),"계열사 K 데이터 거버넌스 구축에서 카탈로그 구축 담당(Python, Text Analysis, 메타데이터 관리 활용)"
DP0099,W001793,X-0005,2016-11-01,2017-06-30,확정완료,금융사 라2 차세대 데이터 플랫폼 구축,금융사 라2,금융,"금융사 라2 차세대 데이터 플랫폼 구축에서 적재 파이프라인 담당(ETL, Text Analysis, 메타데이터 관리 활용)"
DP0099,W001794,X-0056,2017-07-01,2017-10-31,확정완료,계열사 N 데이터 레이크 고도화,계열사 N,그룹사(대내),"계열사 N 데이터 레이크 고도화에서 데이터 표준화 담당(ETL, Python, 검색엔진 활용)"
DP0099,W001795,X-0105,2017-11-01,2017-12-31,확정완료,금융사 다2 데이터 마트 구축,금융사 다2,금융,"금융사 다2 데이터 마트 구축에서 메타데이터 설계 담당(검색엔진, ETL, 비정형 문서 처리(OCR) 활용)"
DP0099,W001796,X-0043,2018-01-01,2018-02-28,확정완료,계열사 Y 데이터 거버넌스 구축,계열사 Y,그룹사(대내),"계열사 Y 데이터 거버넌스 구축에서 배치 운영 담당(Python, Text Analysis, 비정형 문서 처리(OCR) 활용)"
DP0099,W001797,X-0215,2018-04-01,2018-11-30,확정완료,계열사 P 데이터 레이크 고도화,계열사 P,그룹사(대내),"계열사 P 데이터 레이크 고도화에서 데이터 표준화 담당(Python, 검색엔진, Text Analysis 활용)"
DP0099,W001798,X-0167,2019-02-01,2019-04-30,미등록,공공기관 병 공공데이터 개방 플랫폼 구축,공공기관 병,공공,"공공기관 병 공공데이터 개방 플랫폼 구축에서 개방 API 담당(Text Analysis, 비정형 문서 처리(OCR), 검색엔진 활용)"
DP0099,W001799,X-0001,2019-06-01,2019-12-31,확정완료,금융사 카 차세대 데이터 플랫폼 구축,금융사 카,금융,"금융사 카 차세대 데이터 플랫폼 구축에서 메타데이터 설계 담당(Text Analysis, 메타데이터 관리, Python 활용)"
DP0099,W001800,X-0026,2020-01-01,2020-01-31,미등록,공공기관 병 공공데이터 개방 플랫폼 구축,공공기관 병,공공,"공공기관 병 공공데이터 개방 플랫폼 구축에서 개방 API 담당(Python, 검색엔진, 메타데이터 관리 활용)"
DP0099,W001801,X-0189,2020-02-01,2020-06-30,미등록,금융사 파 차세대 데이터 플랫폼 구축,금융사 파,금융,"금융사 파 차세대 데이터 플랫폼 구축에서 데이터 이관 담당(메타데이터 관리, ETL, Text Analysis 활용)"
DP0099,W001802,X-0189,2020-07-01,2020-10-31,확정완료,금융사 파 차세대 데이터 플랫폼 구축,금융사 파,금융,"금융사 파 차세대 데이터 플랫폼 구축에서 데이터 이관 담당(메타데이터 관리, 비정형 문서 처리(OCR), Text Analysis 활용)"
DP0099,W001803,X-0111,2020-12-01,2021-07-31,확정완료,금융사 타2 차세대 데이터 플랫폼 구축,금융사 타2,금융,"금융사 타2 차세대 데이터 플랫폼 구축에서 적재 파이프라인 담당(비정형 문서 처리(OCR), 검색엔진, Text Analysis 활용)"
DP0099,W001804,X-0112,2021-08-01,2021-12-31,확정완료,금융사 가 비정형 문서 메타데이터 전환,금융사 가,금융,"금융사 가 비정형 문서 메타데이터 전환에서 메타데이터 설계 담당(Text Analysis, 비정형 문서 처리(OCR), ETL 활용)"
DP0099,W001805,X-0208,2022-01-01,2022-04-30,미등록,계열사 G 데이터 레이크 고도화,계열사 G,그룹사(대내),"계열사 G 데이터 레이크 고도화에서 데이터 표준화 담당(메타데이터 관리, Text Analysis, 검색엔진 활용)"
DP0099,W001806,X-0147,2022-05-01,2022-05-31,확정완료,금융사 가 차세대 데이터 플랫폼 구축,금융사 가,금융,"금융사 가 차세대 데이터 플랫폼 구축에서 적재 파이프라인 담당(검색엔진, ETL, Python 활용)"
DP0099,W001807,X-0050,2022-06-01,2023-04-30,확정완료,금융사 라2 차세대 데이터 플랫폼 구축,금융사 라2,금융,"금융사 라2 차세대 데이터 플랫폼 구축에서 데이터 이관 담당(검색엔진, 메타데이터 관리, Text Analysis 활용)"
DP0099,W001808,X-0141,2023-07-01,2023-12-31,확정완료,금융사 마2 데이터 마트 구축,금융사 마2,금융,"금융사 마2 데이터 마트 구축에서 적재 파이프라인 담당(메타데이터 관리, ETL, 검색엔진 활용)"
DP0099,W001809,X-0094,2024-01-01,2024-04-30,확정완료,계열사 C 데이터 레이크 고도화,계열사 C,그룹사(대내),"계열사 C 데이터 레이크 고도화에서 배치 운영 담당(ETL, 비정형 문서 처리(OCR), 검색엔진 활용)"
DP0099,W001810,X-0047,2024-07-01,2024-10-31,확정완료,계열사 H 데이터 거버넌스 구축,계열사 H,그룹사(대내),"계열사 H 데이터 거버넌스 구축에서 데이터 표준화 담당(검색엔진, ETL, Python 활용)"
DP0099,W001811,X-0194,2024-12-01,2025-06-30,확정완료,계열사 D 데이터 레이크 고도화,계열사 D,그룹사(대내),"계열사 D 데이터 레이크 고도화에서 카탈로그 구축 담당(Python, Text Analysis, 검색엔진 활용)"
DP0099,W001812,X-0087,2025-09-01,2026-06-30,확정완료,계열사 K 데이터 레이크 고도화,계열사 K,그룹사(대내),"계열사 K 데이터 레이크 고도화에서 배치 운영 담당(메타데이터 관리, 비정형 문서 처리(OCR), ETL 활용)"
DP0099,W001813,X-0138,2026-09-01,2026-09-30,진행중,계열사 H 데이터 레이크 고도화,계열사 H,그룹사(대내),"계열사 H 데이터 레이크 고도화에서 배치 운영 담당(검색엔진, ETL, Text Analysis 활용)"
DP0100,W001814,X-0066,2019-09-01,2020-02-29,확정완료,계열사 P 데이터 레이크 고도화,계열사 P,그룹사(대내),"계열사 P 데이터 레이크 고도화에서 카탈로그 구축 담당(AWS, Kafka, Python 활용)"
DP0100,W001815,X-0098,2020-04-01,2020-06-30,확정완료,금융사 파2 비정형 문서 메타데이터 전환,금융사 파2,금융,"금융사 파2 비정형 문서 메타데이터 전환에서 데이터 이관 담당(Kafka, AWS, Hadoop 활용)"
DP0100,W001816,X-0180,2020-07-01,2021-02-28,미등록,금융사 아 데이터 마트 구축,금융사 아,금융,"금융사 아 데이터 마트 구축에서 데이터 이관 담당(Spark, Python, Hadoop 활용)"
DP0100,W001817,X-0180,2021-05-01,2021-06-30,확정완료,금융사 아 데이터 마트 구축,금융사 아,금융,"금융사 아 데이터 마트 구축에서 데이터 이관 담당(Python, Spark, AWS 활용)"
DP0100,W001818,X-0111,2021-09-01,2021-12-31,확정완료,금융사 타2 차세대 데이터 플랫폼 구축,금융사 타2,금융,"금융사 타2 차세대 데이터 플랫폼 구축에서 적재 파이프라인 담당(SQL, Python, Scala 활용)"
DP0100,W001819,X-0221,2022-02-01,2022-05-31,확정완료,금융사 마 차세대 데이터 플랫폼 구축,금융사 마,금융,"금융사 마 차세대 데이터 플랫폼 구축에서 데이터 이관 담당(Kafka, Spark, Python 활용)"
DP0100,W001820,X-0128,2022-07-01,2022-12-31,확정완료,공공기관 갑 공공데이터 개방 플랫폼 구축,공공기관 갑,공공,"공공기관 갑 공공데이터 개방 플랫폼 구축에서 데이터 정제 담당(ETL, Spark, SQL 활용)"
DP0100,W001821,X-0050,2023-02-01,2023-04-30,확정완료,금융사 라2 차세대 데이터 플랫폼 구축,금융사 라2,금융,"금융사 라2 차세대 데이터 플랫폼 구축에서 데이터 이관 담당(ETL, SQL, Hadoop 활용)"
DP0100,W001822,X-0093,2023-06-01,2023-12-31,확정완료,계열사 A 데이터 레이크 고도화,계열사 A,그룹사(대내),"계열사 A 데이터 레이크 고도화에서 데이터 표준화 담당(AWS, ETL, Spark 활용)"
DP0100,W001823,X-0235,2024-03-01,2024-11-30,확정완료,금융사 파 차세대 데이터 플랫폼 구축,금융사 파,금융,"금융사 파 차세대 데이터 플랫폼 구축에서 데이터 이관 담당(ETL, SQL, AWS 활용)"
DP0100,W001824,X-0063,2025-02-01,2025-08-31,확정완료,금융사 타 차세대 데이터 플랫폼 구축,금융사 타,금융,"금융사 타 차세대 데이터 플랫폼 구축에서 메타데이터 설계 담당(Airflow, ETL, Kafka 활용)"
DP0100,W001825,X-0203,2025-10-01,2026-01-31,확정완료,계열사 O 데이터 거버넌스 구축,계열사 O,그룹사(대내),"계열사 O 데이터 거버넌스 구축에서 데이터 표준화 담당(Python, Spark, Airflow 활용)"
DP0100,W001826,X-0065,2026-02-01,2026-09-30,진행중,금융사 카 차세대 데이터 플랫폼 구축,금융사 카,금융,"금융사 카 차세대 데이터 플랫폼 구축에서 적재 파이프라인 담당(Spark, SQL, Scala 활용)"
